codigo_ibge,municipio,populacao,ano_populacao,ano_pib,pib_percapita,taxa_urbanizacao,taxa_alfabetizacao,renda_domiciliar_mediana,prop_esgoto_adequado,prop_lixo_coletado,ano_censo,taxa_cvli,taxa_tentativa_homicidio,taxa_lesao_dolosa,taxa_roubo_outros,taxa_roubo_veiculo,taxa_roubo_carga,taxa_furto_outros,taxa_furto_veiculo,taxa_estupro_total,taxa_trafico,total_ocorrencias_janela,n_ocorrencias,prop_via_publica,prop_noturno,cobertura_periodo,taxa_recuperacao_veiculo,prop_veiculo_motocicleta,prop_celular_em_furto_roubo,iegm_conceito,i_planejamento_conceito,i_fiscal_conceito,i_educ_conceito,i_saude_conceito,i_amb_conceito,i_cidade_conceito,i_gov_ti_conceito,iegm_ord,i_planejamento_ord,i_fiscal_ord,i_educ_ord,i_saude_ord,i_amb_ord,i_cidade_ord,i_gov_ti_ord,iegm_exercicio_ref,iegm_ano_apuracao,flag_sem_iegm,flag_pop_pequena,flag_capital,janela_anos,exposicao_anos,ano_populacao_ref
3500105,Adamantina,35642,2024,2023,47861.932551484206,96.68175397122842,96.49,1337.33,98.07848045350806,98.63800338658618,2022,4.676131156126667,3.7409049249013338,448.90859098816003,9.352262312253334,0.0,0.0,564.8766436601013,18.704524624506668,25.251108243084,93.52262312253335,1250,1881,0.4359383306751728,0.5221238938053098,0.12014885699096226,2.7,1.0,0.06379585326953748,B,C,B,B,B,B+,C,A,2.3333,1.0,3.0,2.6667,2.6667,2.6667,1.0,4.3333,2022-2024,2023-2025,False,False,False,2023-2025,3.0,2024
3500204,Adolfo,4478,2024,2023,48075.703439035286,92.04780510227532,93.22,1212.0,99.57575757575758,98.06060606060606,2022,7.4437993151704624,7.4437993151704624,714.6047342563644,7.4437993151704624,0.0,0.0,513.622152746762,81.8817924668751,74.43799315170463,126.54458835789787,206,230,0.2826086956521739,0.5666666666666667,0.2608695652173913,0.2727272727272727,0.18181818181818182,0.06956521739130435,C+,C+,B,C,B,C,C,C,1.6667,1.6667,2.6667,1.3333,3.0,1.0,1.0,1.0,2022-2024,2023-2025,False,True,False,2023-2025,3.0,2024
3500303,Aguaí,32888,2024,2023,53935.87326684505,93.21214766774756,95.03,1016.67,96.12369337979094,94.97386759581882,2022,10.135409065109869,13.176031784642829,388.18616719370794,41.55517716695046,33.44684991486256,2.0270818130219737,1119.9627016946404,35.47393172788453,41.55517716695046,117.57074515527447,1779,2071,0.4505070014485756,0.7277227722772277,0.0975374215354901,0.6902654867256637,0.17699115044247787,0.08788025108643167,C+,C,B,B,C+,C,B+,C,2.0,1.0,2.6667,3.0,2.6667,1.0,3.6667,1.3333,2022-2024,2023-2025,False,False,False,2023-2025,3.0,2024
3500402,Águas da Prata,7470,2024,2023,36460.37483266399,87.6509702809065,96.85,1300.0,93.18021201413428,98.48056537102472,2022,4.462293618920125,4.462293618920125,406.0687193217314,22.311468094600624,31.236055332440873,0.0,432.8424810352521,58.009817045961626,35.698348951361,80.32128514056225,241,330,0.49393939393939396,0.6842105263157895,0.11515151515151516,0.9,0.3,0.0696969696969697,C,C,C+,C,C+,C+,C,C,1.0,1.0,2.0,1.0,1.6667,2.3333,1.6667,1.0,2022-2024,2023-2025,False,False,False,2023-2025,3.0,2024
3500501,Águas de Lindóia,18245,2024,2023,43908.74212112908,87.15560513106524,96.41,1356.0,95.35225768495368,99.2940138255626,2022,1.8269845619804512,10.961907371882708,396.4556499497579,36.53969123960903,7.307938247921805,0.0,367.22389695807067,93.176212661003,40.19366036356993,138.8508267105143,598,713,0.4908835904628331,0.4166666666666667,0.4375876577840112,0.8333333333333334,0.46296296296296297,0.08695652173913043,B,C,B,B,B+,B,A,A,2.6667,1.3333,3.0,2.6667,3.3333,2.0,3.6667,4.6667,2022-2024,2023-2025,False,False,False,2023-2025,3.0,2024
3500550,Águas de Santa Bárbara,7407,2024,2023,50703.65870122857,87.98941061724955,95.64,1337.33,97.49077490774908,96.93726937269372,2022,9.000495027226497,4.500247513613249,387.02128617073936,9.000495027226497,0.0,4.500247513613249,796.5438099095451,54.00297016335898,112.50618784033122,49.50272264974574,317,382,0.3717277486910995,0.33613445378151263,0.31151832460732987,2.0,0.375,0.07068062827225131,C,C+,B,C,C,C,C,C,1.0,1.6667,2.0,1.0,1.0,1.0,1.0,1.0,2022-2024,2023-2025,False,False,False,2023-2025,3.0,2024
3500600,Águas de São Pedro,2829,2024,2023,65531.99010250972,100.0,98.76,2040.0,100.0,100.0,2022,0.0,0.0,388.8299752562743,0.0,0.0,0.0,942.6181218333923,94.26181218333922,23.565453045834804,23.565453045834804,125,140,0.32857142857142857,0.4482758620689655,0.4142857142857143,1.1666666666666667,0.3333333333333333,0.09285714285714286,C+,C,C+,B,B+,C+,C,C+,2.0,1.0,2.6667,3.0,3.3333,1.6667,1.0,1.6667,2022-2024,2023-2025,False,True,False,2023-2025,3.0,2024
3500709,Agudos,38879,2024,2023,87857.42946063427,95.68471337579618,96.19,1212.0,98.73222016079158,97.92053184910328,2022,6.001526102351741,6.001526102351741,395.24336188345035,36.86651748587498,4.286804358822672,2.572082615293603,768.1953411010229,61.72998276704648,38.58123922940405,146.60870907173538,1710,1995,0.4030075187969925,0.6223958333333334,0.1924812030075188,1.9384615384615385,0.5538461538461539,0.09674185463659148,C,C,C,C,C,C+,C,B+,1.0,1.0,1.0,1.0,1.3333,2.3333,1.6667,3.6667,2022-2024,2023-2025,False,False,False,2023-2025,3.0,2024
3500758,Alambari,6330,2024,2023,25316.271721958925,74.22243934212669,95.41,1050.0,66.94717157550258,97.10144927536231,2022,10.531858873091101,15.79778830963665,284.3601895734597,36.86150605581886,5.265929436545551,5.265929436545551,663.5071090047394,68.45708267509215,31.5955766192733,26.32964718272775,218,254,0.30708661417322836,0.5822784810126582,0.3110236220472441,0.8333333333333334,0.125,0.10236220472440945,C,C,C+,C+,B,C,C,C,1.0,1.0,2.3333,1.6667,2.3333,1.0,1.0,1.0,2022-2024,2023-2025,False,False,False,2023-2025,3.0,2024
3500808,Alfredo Marcondes,4556,2024,2023,34709.61369622476,84.16197975253094,94.64,1212.0,95.42294322132098,94.4380069524913,2022,7.316359379572725,0.0,599.9414691249634,0.0,0.0,0.0,746.2686567164179,29.2654375182909,58.5308750365818,80.47995317529997,208,243,0.18518518518518517,0.8289473684210527,0.31275720164609055,0.5,0.5,0.06584362139917696,C,C,C+,C,B,C+,C,C,1.0,1.0,2.6667,1.0,3.3333,1.6667,1.6667,1.6667,2022-2024,2023-2025,False,True,False,2023-2025,3.0,2024
3500907,Altair,3479,2024,2023,60514.228226501866,85.85917125470878,92.55,1200.0,91.00156494522692,91.62754303599374,2022,19.162594615310912,0.0,594.0404330746384,0.0,0.0,0.0,661.1095142282265,9.581297307655456,76.65037846124365,67.0690811535882,149,161,0.2670807453416149,0.5714285714285714,0.17391304347826086,3.0,0.0,0.031055900621118012,C,C,B,C+,B,C,C,C,1.0,1.0,2.6667,2.6667,2.6667,1.0,1.0,1.0,2022-2024,2023-2025,False,True,False,2023-2025,3.0,2024
3501004,Altinópolis,17156,2024,2023,55172.417813010026,90.54584373885125,94.99,1166.67,96.92333004277724,95.72227706482396,2022,5.828864537188156,11.657729074376311,334.1882334654543,15.543638765835082,29.14432268594078,5.828864537188156,573.1716794901687,36.91614206885832,42.74500660604648,167.09411673272714,629,746,0.3726541554959786,0.6037735849056604,0.14209115281501342,1.9230769230769231,0.3333333333333333,0.10455764075067024,B,B,B,C+,B+,C,C,B,2.6667,2.3333,2.6667,2.6667,3.3333,1.6667,1.6667,3.0,2022-2024,2023-2025,False,False,False,2023-2025,3.0,2024
3501103,Alto Alegre,3883,2024,2023,44397.630697913984,80.73418380630044,94.27,1210.0,98.08959156785244,93.08300395256916,2022,0.0,8.584427847883939,145.93527341402697,17.168855695767878,8.584427847883939,0.0,489.31238732938453,42.92213923941969,60.090994935187574,17.168855695767878,92,110,0.19090909090909092,0.7777777777777778,0.24545454545454545,4.666666666666667,1.0,0.07272727272727272,B,C,B,B+,B,B,A,C,2.6667,1.0,3.0,3.6667,3.0,1.6667,3.6667,1.3333,2022-2024,2023-2025,False,True,False,2023-2025,3.0,2024
3501152,Alumínio,17591,2024,2023,195497.35660280826,96.277671810878,96.2,1225.0,95.0706594885599,99.91588156123822,2022,11.369450287078621,5.6847251435393105,269.0769901275273,51.16252629185379,26.528717336516777,3.78981676235954,852.7087715308965,125.0639531578648,43.58289276713471,108.0097777272469,790,916,0.40502183406113534,0.5466666666666666,0.16375545851528384,1.125,0.4,0.11135371179039301,C,C,B,C,C,C,C+,C,1.0,1.0,3.0,1.3333,1.0,1.0,1.6667,1.0,2022-2024,2023-2025,False,False,False,2023-2025,3.0,2024
3501202,Álvares Florence,3978,2024,2023,44142.28255404726,66.97318007662835,93.51,1200.0,75.14677103718199,82.90932811480756,2022,0.0,0.0,469.2475280710575,0.0,0.0,0.0,729.0095525389643,41.897100720630135,92.17362158538629,16.758840288252053,161,187,0.22994652406417113,0.5555555555555556,0.1443850267379679,3.0,0.6,0.0962566844919786,C,C+,C,C,B,C,C,C,1.0,2.3333,1.6667,1.0,3.3333,1.0,1.0,1.0,2022-2024,2023-2025,False,True,False,2023-2025,3.0,2024
3501301,Álvares Machado,28250,2024,2023,30434.37168141593,92.54448725004586,95.77,1150.0,94.93363056034046,95.83544432059986,2022,8.259587020648967,8.259587020648967,374.0412979351032,9.43952802359882,0.0,0.0,567.551622418879,23.598820058997052,30.678466076696164,51.91740412979351,910,1134,0.3271604938271605,0.49056603773584906,0.4673721340388007,3.923076923076923,0.6153846153846154,0.08289241622574955,B,C,B,B,B,B,C,A,2.3333,1.0,3.0,2.6667,2.3333,1.6667,2.0,4.3333,2022-2024,2023-2025,False,False,False,2023-2025,3.0,2024
3501400,Álvaro de Carvalho,4896,2024,2023,14170.138888888889,60.39933444259567,93.29,950.0,98.03082191780824,96.1472602739726,2022,6.8082788671023975,13.616557734204795,442.5381263616557,27.23311546840959,0.0,0.0,578.7037037037037,13.616557734204795,61.27450980392157,224.67320261437908,201,231,0.24675324675324675,0.6875,0.13852813852813853,1.5,0.0,0.05194805194805195,C,C,C,C+,B,C,C,C,1.0,1.0,1.3333,1.6667,2.0,1.0,1.0,1.0,2022-2024,2023-2025,False,True,False,2023-2025,3.0,2024
3501509,Alvinlândia,2923,2024,2023,28263.085870680807,91.57712305025996,92.71,916.5,99.20556107249256,99.304865938431,2022,0.0,0.0,421.94092827004215,22.807617744326603,11.403808872163301,0.0,399.1333105257156,11.403808872163301,45.615235488653205,34.21142661648991,83,96,0.3125,0.5882352941176471,0.17708333333333334,12.0,0.0,0.07291666666666667,C+,C,C+,B,B,B,C,C+,1.6667,1.0,2.6667,2.3333,2.6667,2.6667,1.3333,1.6667,2022-2024,2023-2025,False,True,False,2023-2025,3.0,2024
3501608,Americana,246655,2024,2023,71357.0209401796,99.82675771370764,98.33,1666.67,99.03032341236478,99.92377108906452,2022,4.459670389815734,3.513679701066942,302.17645429175707,100.27501300737198,30.8122681478178,2.7028305392822634,928.4222902434575,297.9870669558695,22.433493476042784,108.11322157129052,13326,16227,0.6124360633512048,0.5636363636363636,0.14913415911752018,0.7202497073741709,0.1369488880218494,0.15116780674185,C+,C,C+,B,C+,C+,B,C,1.6667,1.0,2.0,2.3333,1.6667,2.0,2.3333,1.0,2022-2024,2023-2025,False,False,False,2023-2025,3.0,2024
3501707,Américo Brasiliense,33757,2024,2023,44582.21998400332,99.20046034101578,94.5,1064.29,99.73709578476908,99.82473052317938,2022,11.849394199721539,11.849394199721539,403.8668523071758,61.22187003189462,9.874495166434617,0.9874495166434617,899.5665096621937,52.33482438210346,41.472879699025384,83.93320891469423,1597,1791,0.41261864879955334,0.5789473684210527,0.20156337241764377,1.6271186440677967,0.3050847457627119,0.10999441652707985,C,C,B,B,C,C,C,C+,1.0,1.0,2.3333,3.0,1.0,1.0,1.0,1.6667,2022-2024,2023-2025,False,False,False,2023-2025,3.0,2024
3501806,Américo de Campos,5975,2024,2023,29430.62761506276,88.00681431005111,95.45,1212.0,90.89368911478188,93.05379076662432,2022,0.0,5.578800557880056,340.3068340306834,11.157601115760112,0.0,0.0,496.51324965132494,61.36680613668061,50.20920502092051,89.2608089260809,189,218,0.2889908256880734,0.5454545454545454,0.15137614678899083,0.2727272727272727,0.45454545454545453,0.022935779816513763,C+,C,B,B,B,C,B,C,2.0,2.0,2.6667,3.0,3.0,1.0,1.6667,1.0,2022-2024,2023-2025,False,False,False,2023-2025,3.0,2024
3501905,Amparo,69717,2024,2023,96080.85545849649,92.23326667450888,96.78,1462.5,91.89089869748072,98.93021926421952,2022,5.259358071441207,5.7374815324813175,339.94578079951805,44.46548187673021,12.431209987042854,0.9562469220802197,513.0264736960378,43.03111149360988,49.724839948171415,131.00582832499006,2396,3021,0.46640185369083087,0.4760820045558087,0.145316120489904,1.328,0.264,0.18007282356835486,C+,C,B,B,B,C,B+,A,2.0,1.0,2.6667,3.0,3.0,1.0,4.0,4.6667,2022-2024,2023-2025,False,False,False,2023-2025,3.0,2024
3502002,Analândia,4684,2024,2023,56851.409052092225,84.89867073436479,95.55,1210.0,89.63668850506254,94.22275163787968,2022,0.0,14.232849416453174,341.58838599487615,21.34927412467976,35.58212354113294,0.0,868.2038144036437,42.69854824935952,56.931397665812696,135.21206945630516,213,248,0.36693548387096775,0.6956521739130435,0.18548387096774194,6.333333333333333,0.3333333333333333,0.0967741935483871,C,C,C+,C,C+,C,C,C+,1.0,1.0,2.6667,1.0,2.0,1.0,1.3333,2.0,2022-2024,2023-2025,False,True,False,2023-2025,3.0,2024
3502101,Andradina,61473,2024,2023,72632.53786215086,91.551109847281,96.26,1258.33,95.96093286477112,96.41732463146366,2022,5.96467825983223,15.182817388663858,400.175686886926,35.78806955899338,1.0844869563331327,1.0844869563331327,910.4267998416649,52.05537390399037,41.21050434065904,108.44869563331326,2898,3911,0.4282792124776272,0.6812816188870152,0.15162362567118384,3.0303030303030303,0.6212121212121212,0.08693428790590642,B,B,B+,C+,C+,C+,B+,B,2.3333,1.6667,3.3333,1.3333,2.3333,2.0,4.0,2.6667,2022-2024,2023-2025,False,False,False,2023-2025,3.0,2024
3502200,Angatuba,24512,2024,2023,72473.68635770235,70.83506785446674,95.85,1176.0,77.55798893206169,92.06405274932295,2022,6.7993907745865965,9.519147084421236,310.0522193211488,10.879025239338555,5.439512619669277,1.3598781549173193,469.1579634464752,24.477806788511746,29.917319408181026,65.27415143603133,686,788,0.3426395939086294,0.532871972318339,0.366751269035533,1.65625,0.53125,0.08121827411167512,C,C,C,C,C+,B,C+,C+,1.0,1.0,1.3333,1.3333,1.6667,1.6667,1.6667,1.6667,2022-2024,2023-2025,False,False,False,2023-2025,3.0,2024
3502309,Anhembi,5766,2024,2023,54655.56711758585,81.52978498413817,94.36,962.5,84.22590068159688,97.46835443037976,2022,17.34304543877905,11.562030292519365,456.700196554515,28.905075731298414,34.6860908775581,0.0,849.8092265001735,34.6860908775581,63.59116660885651,63.59116660885651,270,304,0.2532894736842105,0.6551724137931034,0.19078947368421054,0.7380952380952381,0.0,0.06578947368421052,C,C,C,C,C,C,C,C,1.0,1.0,1.3333,1.3333,2.3333,1.0,1.0,1.0,2022-2024,2023-2025,False,False,False,2023-2025,3.0,2024
3502408,Anhumas,4108,2024,2023,32223.953261927945,84.36490181456624,94.36,1078.0,92.23497636731938,92.91019581363943,2022,8.114248620577735,0.0,632.9113924050632,0.0,0.0,0.0,503.08341447581955,32.45699448231094,40.57124310288867,24.342745861733203,153,176,0.4147727272727273,0.5675675675675675,0.21022727272727273,3.0,0.6666666666666666,0.045454545454545456,B,C,B+,B+,B,C+,C+,C,2.3333,1.0,3.0,3.3333,3.3333,1.3333,1.3333,1.0,2022-2024,2023-2025,False,True,False,2023-2025,3.0,2024
3502507,Aparecida,33223,2024,2023,41227.43280257653,97.99502594491696,97.03,1106.5,97.14009151707144,98.56564589933122,2022,35.1162347369794,24.07970381964302,507.6804221974736,217.7206553692723,40.13283969940503,6.019925954910755,1497.9582417802928,98.32545726354233,45.149444661830664,231.76714926406405,2695,3069,0.588139459107201,0.24826789838337182,0.2821766047572499,2.037037037037037,0.7962962962962963,0.20332355816226785,C,C,C,C,C,C,C,C,1.0,1.0,1.6667,1.3333,2.0,1.0,1.3333,1.3333,2022-2024,2023-2025,False,False,False,2023-2025,3.0,2024
3502606,Aparecida d'Oeste,4124,2024,2023,54751.21241513094,79.12383749388154,91.79,1200.0,91.76980198019804,93.6881188118812,2022,0.0,8.08276753960556,678.9524733268671,0.0,0.0,0.0,468.80051729712255,24.248302618816684,48.49660523763337,88.91044293566117,163,205,0.14146341463414633,0.4387755102040816,0.47804878048780486,1.0,0.5,0.07804878048780488,C,C,C,B+,B,C,C,C,1.0,1.0,1.3333,3.3333,2.3333,1.0,1.0,1.0,2022-2024,2023-2025,False,True,False,2023-2025,3.0,2024
3502705,Apiaí,24886,2024,2023,49651.45061480351,78.4950172869636,94.01,900.0,70.3695307186579,92.55270913625029,2022,8.036647110825363,6.697205925687803,380.4012965790672,14.733853036513167,4.018323555412682,1.3394411851375605,486.2171502049345,40.18323555412682,89.74255940421656,109.83417718127997,852,1024,0.3515625,0.6129032258064516,0.2421875,0.9714285714285714,0.7142857142857143,0.10546875,C+,C,B,C+,B,C,C,B,1.6667,1.0,3.0,2.0,2.6667,1.0,1.0,2.0,2022-2024,2023-2025,False,False,False,2023-2025,3.0,2024
3502754,Araçariguama,22168,2024,2023,217975.3247924937,87.79388532664251,94.93,1100.0,81.22719286390053,95.51290714961482,2022,9.022013713460844,21.051365331408636,330.8071694935643,97.73848189582581,57.13942018525202,55.63575123300854,780.404186214363,63.15409599422591,78.19078551666065,91.72380608685192,1054,1192,0.4697986577181208,0.5133333333333333,0.2516778523489933,2.128099173553719,0.0743801652892562,0.2902684563758389,C,C,C,C,C+,C,C+,B,1.0,1.0,1.0,1.3333,1.3333,1.0,1.6667,2.3333,2022-2024,2023-2025,False,False,False,2023-2025,3.0,2024
3502804,Araçatuba,207775,2024,2023,55144.94044038022,98.3145449821111,97.4,1350.0,98.89937511250548,99.37768405894,2022,16.20342517948101,16.04299522720892,420.80776480969,54.86704367705451,4.812898568162676,0.1604299522720892,1092.6884049251996,65.13456062246821,31.444270645329485,143.905667188064,11507,15235,0.4885461109287824,0.6077722548576593,0.14525763045618642,2.967845659163987,0.6591639871382636,0.10790941910075484,B,C,C+,B+,B,B,C,B+,2.6667,1.0,2.6667,4.0,2.6667,3.3333,1.3333,3.6667,2022-2024,2023-2025,False,False,False,2023-2025,3.0,2024
3502903,Araçoiaba da Serra,33656,2024,2023,45257.725219871645,88.86662762383257,97.01,1300.0,80.25980641874682,99.21888266259128,2022,3.9616512162269233,4.952064020283655,328.8170509468346,54.472704223120196,20.798668885191347,5.9424768243403845,611.0847001030029,82.20426273670866,48.530227398779815,74.28096030425482,1247,1405,0.3644128113879004,0.5732758620689655,0.16512455516014235,1.6521739130434783,0.22608695652173913,0.14519572953736654,C+,C,B,C+,B,C,B+,B+,1.6667,1.0,2.6667,2.0,2.3333,1.0,3.3333,3.6667,2022-2024,2023-2025,False,False,False,2023-2025,3.0,2024
3503000,Aramina,5526,2024,2023,39663.22837495476,95.01845018450184,95.06,1212.0,96.35364635364635,98.2017982017982,2022,6.032090722644468,12.064181445288936,476.535167088913,78.4171793943781,6.032090722644468,30.160453613222344,784.1717939437808,30.160453613222344,24.128362890577872,72.38508867173363,252,331,0.37462235649546827,0.7567567567567568,0.11178247734138973,3.4,0.2,0.17220543806646527,C+,C,C+,B,B+,C,C+,C,1.3333,1.0,1.6667,2.0,3.3333,1.0,1.3333,1.0,2022-2024,2023-2025,False,False,False,2023-2025,3.0,2024
3503109,Arandu,7050,2024,2023,30813.90070921986,81.0312273057371,93.67,1050.0,92.15274863617287,97.5660931598825,2022,9.456264775413713,4.728132387706856,378.25059101654847,4.728132387706856,0.0,0.0,269.50354609929076,14.184397163120567,61.46572104018912,47.28132387706856,167,194,0.29381443298969073,0.3902439024390244,0.211340206185567,2.3333333333333335,0.0,0.03608247422680412,B,B,B,B,C+,C+,C+,C+,2.0,2.0,2.6667,2.0,1.3333,1.3333,1.6667,1.3333,2022-2024,2023-2025,False,False,False,2023-2025,3.0,2024
3503158,Arapeí,2355,2024,2023,22605.52016985138,67.6824034334764,93.72,857.0,90.62146892655367,96.72316384180792,2022,0.0,0.0,566.1712668082095,14.154281670205238,0.0,0.0,396.3198867657466,28.308563340410476,42.462845010615716,70.77140835102618,79,88,0.2840909090909091,0.5666666666666667,0.3409090909090909,2.0,0.0,0.03409090909090909,C+,C,C+,C,B,C,C,C+,2.0,2.0,1.6667,2.0,2.3333,1.0,1.0,1.3333,2022-2024,2023-2025,False,True,False,2023-2025,3.0,2024
3503208,Araraquara,252318,2024,2023,58218.200841794875,98.50966857671284,97.62,1356.0,99.3827827741266,99.58708059494984,2022,4.623794840901825,8.058613865571752,344.2745530111473,70.94222370183657,12.153975010370512,2.774276904541095,1199.0160564578562,104.36565498035547,26.025359533075985,101.72348649984016,14185,17236,0.5480389881643073,0.564869029275809,0.1882687398468322,1.1165501165501166,0.3508158508158508,0.10953817591088419,C,C,C,C+,C+,B,C,C+,1.3333,1.0,1.3333,2.0,1.6667,3.6667,2.3333,2.6667,2022-2024,2023-2025,False,False,False,2023-2025,3.0,2024
3503307,Araras,135331,2024,2023,74061.91486060104,97.03207861476623,96.81,1350.0,98.41789302538876,99.48305332054863,2022,8.374528624877769,7.635599628565025,413.3076186042617,98.77017584047016,116.99709108285118,8.620838290315351,884.7443182517925,178.57450744224653,24.384656878320563,158.86973420724001,7715,9514,0.6073155350010511,0.6226765799256505,0.1130964893840656,1.1564685314685315,0.38286713286713286,0.11362203069161236,C,C,C,C,C+,C,C+,B+,1.0,1.0,1.3333,2.0,2.0,1.0,2.0,4.0,2022-2024,2023-2025,False,False,False,2023-2025,3.0,2024
3503356,Arco-Íris,2085,2024,2023,65385.611510791365,63.894324853228966,92.48,1040.0,99.31787175989086,82.26466575716235,2022,0.0,15.987210231814549,367.70583533173465,15.987210231814549,0.0,0.0,431.65467625899277,31.974420463629098,15.987210231814549,47.961630695443645,58,73,0.2876712328767123,0.6666666666666666,0.1643835616438356,3.0,1.0,0.1095890410958904,C+,C,B,B,B,C+,B+,C+,1.6667,1.0,3.3333,2.0,2.3333,2.3333,2.6667,2.0,2022-2024,2023-2025,False,True,False,2023-2025,3.0,2024
3503406,Arealva,8280,2024,2023,36365.942028985504,78.58548585485855,96.19,1237.33,88.92497564144203,93.34199415394608,2022,8.051529790660226,0.0,462.96296296296293,20.128824476650564,8.051529790660226,0.0,752.8180354267311,40.25764895330113,48.309178743961354,108.69565217391305,360,414,0.2898550724637681,0.5833333333333334,0.2028985507246377,0.5769230769230769,0.4230769230769231,0.04106280193236715,C,C,B,B,B,C,C,C,1.3333,1.0,2.6667,2.6667,3.0,1.0,1.0,1.0,2022-2024,2023-2025,False,False,False,2023-2025,3.0,2024
3503505,Areias,3625,2024,2023,20701.241379310344,77.49510763209393,93.98,866.67,80.34118602761983,95.28838342810722,2022,18.39080459770115,73.5632183908046,680.4597701149424,18.39080459770115,9.195402298850574,0.0,570.1149425287357,18.39080459770115,55.17241379310345,128.73563218390805,171,198,0.3282828282828283,0.76,0.25252525252525254,4.0,0.0,0.06060606060606061,C,C,C,C,B,C,C,C,1.0,1.0,1.6667,1.0,2.3333,1.0,1.0,1.0,2022-2024,2023-2025,False,True,False,2023-2025,3.0,2024
3503604,Areiópolis,10257,2024,2023,21615.18962659647,97.7492596248766,93.72,1120.0,97.79411764705884,98.52941176470588,2022,6.499626271489389,25.998505085957557,318.4816873029801,16.249065678723472,6.499626271489389,3.2498131357446947,519.9701017191511,3.2498131357446947,48.74719703617042,120.24308602255371,329,345,0.40869565217391307,0.5945945945945946,0.2144927536231884,4.25,0.75,0.10144927536231885,C+,C,B,B,B,C+,C+,B,2.0,1.0,2.6667,2.6667,3.0,2.3333,2.3333,2.3333,2022-2024,2023-2025,False,False,False,2023-2025,3.0,2024
3503703,Ariranha,7653,2024,2023,163596.23676989417,96.79031833727969,94.32,1250.0,97.11203897007655,98.8169798190675,2022,8.711180800557516,17.422361601115032,365.86959362341565,8.711180800557516,17.422361601115032,0.0,496.5373056317784,74.04503680473888,39.20031360250882,91.46739840585391,257,301,0.3289036544850498,0.5797101449275363,0.2292358803986711,1.0526315789473684,0.2631578947368421,0.06312292358803986,C+,B,C,B,B,C,C,C,2.3333,3.3333,2.0,2.6667,3.0,1.3333,1.0,1.0,2022-2024,2023-2025,False,False,False,2023-2025,3.0,2024
3503802,Artur Nogueira,53157,2024,2023,40687.64226724608,93.61979166666666,95.41,1237.33,95.49862258953168,99.00275482093664,2022,6.8978058706598695,6.270732609690791,395.05615441051975,67.09683892369146,36.997322397175665,3.762439565814474,706.711565112152,142.34563023998095,35.743175875237505,260.86247656313685,2650,3246,0.5579174368453481,0.5408921933085502,0.16574245224892176,1.047457627118644,0.3728813559322034,0.14602587800369685,C+,C,B,B+,B,B,C+,C,2.0,1.0,2.6667,3.3333,2.6667,2.6667,2.3333,1.0,2022-2024,2023-2025,False,False,False,2023-2025,3.0,2024
3503901,Arujá,89943,2024,2023,115919.27109391504,97.02000507625928,96.45,1206.0,93.20226250511108,99.50592885375494,2022,5.559076303881347,7.412101738508463,394.69441757557564,248.67601332695892,150.09506020479637,14.453598390091503,757.8874027624903,153.80111107405062,35.20748325791519,36.31929851869147,4868,5272,0.6665402124430956,0.36583522297808013,0.25094840667678303,1.5842450765864333,0.3676148796498906,0.27712443095599393,C+,C,C+,C+,B,C+,B+,B+,2.0,1.0,2.3333,2.0,2.6667,1.6667,2.6667,3.0,2022-2024,2023-2025,False,False,False,2023-2025,3.0,2024
3503950,Aspásia,1873,2024,2023,35158.03523758676,78.44733984799132,90.68,1212.0,84.97790868924889,88.07069219440353,2022,0.0,35.59352197899982,409.325502758498,0.0,0.0,0.0,302.5449368214985,0.0,35.59352197899982,0.0,44,56,0.23214285714285715,0.8888888888888888,0.16071428571428573,,,0.017857142857142856,C+,C,B,B,B+,C,C,C+,1.6667,1.3333,3.0,1.6667,3.3333,1.0,1.0,1.3333,2022-2024,2023-2025,False,True,False,2023-2025,3.0,2024
3504008,Assis,104642,2024,2023,44748.84845473137,96.27350629628532,97.38,1407.2,98.78671942559156,98.8967794345012,2022,7.6451138166319454,10.512031497868925,456.4770041347324,47.144868535897,5.733835362473959,0.3185464090263311,943.5344635359926,76.13259175729313,31.536094493606775,114.35816084045284,5316,6940,0.5061959654178675,0.5352635486265775,0.1940922190201729,4.3138297872340425,0.5638297872340425,0.11412103746397695,C+,C+,B,B,B,C,C,B,2.6667,2.6667,3.3333,2.3333,2.6667,1.0,2.3333,3.0,2022-2024,2023-2025,False,False,False,2023-2025,3.0,2024
3504107,Atibaia,166043,2024,2023,56771.9446167559,89.67014819063708,96.55,1470.0,84.55291744807332,99.34007996886167,2022,3.81427300960193,5.621033908887055,328.42898124782937,79.89898199060886,28.908174388562,14.65483840531268,734.3479299538875,48.983295491730054,33.32470103125897,107.20114669091741,6900,7914,0.4840788476118271,0.5339393939393939,0.20849128127369218,2.470134874759152,0.23314065510597304,0.18246146070255242,C+,C,B,B,B,C,C+,C,2.0,1.0,2.6667,2.6667,2.6667,1.0,2.3333,1.0,2022-2024,2023-2025,False,False,False,2023-2025,3.0,2024
3504206,Auriflama,13873,2024,2023,31973.761983709363,90.32281624306164,94.83,1212.0,96.14314852586686,96.6067124049694,2022,0.0,14.416492467382685,389.2452966193325,28.83298493476537,0.0,0.0,504.57723635839403,24.02748744563781,26.43023619020159,141.76217592926307,470,609,0.3448275862068966,0.6705882352941176,0.13957307060755336,2.857142857142857,0.8571428571428571,0.10344827586206896,C+,C,B,B,B,C+,C+,B,1.3333,1.0,3.0,3.0,2.3333,1.3333,1.3333,2.0,2022-2024,2023-2025,False,False,False,2023-2025,3.0,2024
3504305,Avaí,4519,2024,2023,110854.83514051781,66.16105286638413,93.86,1032.4,93.51121892055792,93.02607640994542,2022,7.376263185070444,14.752526370140888,671.2399498414103,14.752526370140888,7.376263185070444,0.0,641.7348971011286,66.38636866563398,73.76263185070444,331.93184332817,248,287,0.3170731707317073,0.42,0.17421602787456447,1.2,0.7333333333333333,0.10452961672473868,C+,C,B,C+,B,B,C,C,1.3333,1.0,1.6667,1.3333,2.3333,1.6667,1.0,1.0,2022-2024,2023-2025,False,True,False,2023-2025,3.0,2024
3504404,Avanhandava,11438,2024,2023,25857.230285014863,85.60774216460977,94.77,1000.0,100.0,96.72223792031647,2022,8.742787200559539,11.657049600746051,320.5688640205164,17.485574401119077,2.9142624001865127,0.0,504.1673952322667,52.456723203357235,46.628198402984204,174.85574401119075,391,448,0.3125,0.5130434782608696,0.25669642857142855,2.4615384615384617,0.46153846153846156,0.10714285714285714,C+,C,B,B,B,C,C+,C+,2.0,1.0,3.0,3.3333,2.6667,2.0,1.6667,2.3333,2022-2024,2023-2025,False,False,False,2023-2025,3.0,2024
3504503,Avaré,96098,2024,2023,45875.43965535183,94.96040084047196,96.58,1212.0,97.2101081307127,98.34219487424576,2022,4.856153787453087,5.896758170478748,509.54927955489876,27.74945021401764,2.0812087660513225,0.6937362553504409,654.540156923141,34.68681276752204,58.96758170478748,116.54769089887408,4081,5030,0.3882703777335984,0.5280748663101604,0.14870775347912524,3.0641025641025643,0.48717948717948717,0.1021868787276342,C,C,C+,C,C+,C,B+,B,1.0,1.0,2.6667,1.3333,1.6667,1.0,3.6667,2.0,2022-2024,2023-2025,False,False,False,2023-2025,3.0,2024
3504602,Bady Bassitt,28909,2024,2023,26365.31875886402,95.67131327953044,97.56,1400.0,96.98734685679857,98.93552922273548,2022,5.7652172910397,6.91826074924764,373.5860804593725,16.14260841491116,9.224347665663519,0.0,450.8399921593045,55.34608599398112,40.3565210372779,63.41739020143669,886,1063,0.4656632173095014,0.5892116182572614,0.22671683913452492,1.7872340425531914,0.3829787234042553,0.062088428974600186,C,C,B,C,C+,C,C,C,1.0,1.0,3.0,1.0,2.6667,1.0,1.0,1.0,2022-2024,2023-2025,False,False,False,2023-2025,3.0,2024
3504701,Balbinos,3963,2024,2023,20917.23441836992,97.42732184203756,97.07,1228.0,94.28044280442803,95.38745387453874,2022,50.46681806712087,8.411136344520145,1169.1479518883002,0.0,0.0,0.0,260.74522668012446,33.64454537808058,0.0,109.34477247876188,194,245,0.12244897959183673,0.6111111111111112,0.07346938775510205,2.0,0.0,0.004081632653061225,C,C,C+,C+,C,C,C,C,1.0,1.0,2.3333,1.3333,1.3333,1.0,1.0,1.0,2022-2024,2023-2025,False,True,False,2023-2025,3.0,2024
3504800,Bálsamo,9854,2024,2023,37332.149380962044,92.72613588995414,96.34,1212.0,96.44012944983818,97.81553398058252,2022,10.148163182463973,6.76544212164265,395.778364116095,33.82721060821325,10.148163182463973,3.382721060821325,564.9144171571612,37.20993166903457,50.74081591231987,64.27170015560517,348,422,0.25118483412322273,0.6283783783783784,0.35071090047393366,2.125,0.125,0.1943127962085308,C+,C+,C,B,B,B,C,C,2.0,2.0,2.0,2.3333,3.0,3.0,1.0,1.0,2022-2024,2023-2025,False,False,False,2023-2025,3.0,2024
3504909,Bananal,10109,2024,2023,27939.855574240777,80.72023272143646,94.62,933.33,90.86253369272237,96.28032345013476,2022,0.0,19.784350578692255,402.2817951000759,13.189567052461504,0.0,0.0,422.0661456787681,19.784350578692255,26.379134104923008,65.94783526230752,294,325,0.36,0.5340909090909091,0.27076923076923076,0.6666666666666666,0.5,0.08,C,C,B+,C,B,C,C,C,1.0,1.0,3.0,1.0,2.0,1.0,1.0,1.0,2022-2024,2023-2025,False,False,False,2023-2025,3.0,2024
3505005,Barão de Antonina,3618,2024,2023,22223.051409618573,66.77994902293968,94.22,808.0,91.76646706586826,99.32634730538922,2022,9.213193292795284,0.0,386.9541182974019,0.0,0.0,0.0,230.32983231988206,18.426386585590567,46.065966463976416,27.63957987838585,78,97,0.32989690721649484,0.8888888888888888,0.09278350515463918,0.75,0.25,0.020618556701030927,C,C,B,B,B,C,C,C,1.0,1.0,3.3333,2.0,3.0,1.0,1.0,1.6667,2022-2024,2023-2025,False,True,False,2023-2025,3.0,2024
3505104,Barbosa,5659,2024,2023,33031.100901219295,91.68439716312056,92.55,906.0,94.64454976303315,93.55450236966824,2022,11.780644401248749,23.561288802497497,547.7999646580669,17.670966601873122,0.0,0.0,971.9031631030217,64.7935442068681,76.57418860811686,100.13547741061437,308,343,0.2857142857142857,0.6818181818181818,0.2565597667638484,4.6,0.4,0.11661807580174927,C+,C,B,B,B,C,C,B+,1.3333,1.0,2.6667,2.3333,2.6667,1.0,1.0,3.3333,2022-2024,2023-2025,False,False,False,2023-2025,3.0,2024
3505203,Bariri,32405,2024,2023,57514.70452090727,96.61971830985917,96.13,1314.67,97.38701166056686,98.0508979487616,2022,5.143239212055753,13.372421951344958,501.9801470966414,37.03132232680142,3.085943527233452,0.0,840.40528724991,57.60427917502443,46.28915290850178,158.41176773131718,1617,1884,0.4129511677282378,0.5987903225806451,0.2632696390658174,1.8269230769230769,0.28846153846153844,0.09394904458598727,C,C,B,C,C,C,C,C+,1.0,1.0,2.3333,1.3333,1.0,1.0,1.3333,1.3333,2022-2024,2023-2025,False,False,False,2023-2025,3.0,2024
3505302,Barra Bonita,35159,2024,2023,59100.11661310049,98.6723344785419,96.05,1380.0,99.52691174189545,99.31751202109508,2022,0.0,5.688443926163998,270.2010864927899,31.286441593901987,3.792295950775998,0.0,876.9684386169497,57.83251324933397,36.97488552006598,114.71695251097395,1474,1813,0.5239933811362383,0.5652173913043478,0.2029784886927744,1.6774193548387097,0.5161290322580645,0.14065085493656923,C+,C,C+,B,B,C,C,B,2.3333,1.0,2.6667,3.3333,2.3333,2.0,2.0,3.3333,2022-2024,2023-2025,False,False,False,2023-2025,3.0,2024
3505351,Barra do Chapéu,5256,2024,2023,38597.79299847793,36.76385402587372,91.19,700.0,53.67803837953091,85.87420042643923,2022,0.0,6.341958396752917,164.89091831557585,0.0,0.0,0.0,95.12937595129375,12.683916793505833,69.76154236428209,6.341958396752917,56,72,0.4166666666666667,0.4444444444444444,0.125,0.25,0.25,0.1111111111111111,C,C,C,C+,B,C,C,B,1.0,1.0,1.3333,2.0,2.3333,1.0,1.0,2.0,2022-2024,2023-2025,False,False,False,2023-2025,3.0,2024
3505401,Barra do Turvo,6922,2024,2023,20970.673215833573,44.968004653868526,87.77,806.0,63.922330097087375,89.90291262135922,2022,9.631127805065974,38.524511220263896,462.29413464316673,134.83578927092364,28.89338341519792,96.31127805065974,910.1415775787344,33.70894731773091,144.4669170759896,149.28248097852259,417,484,0.32644628099173556,0.4435483870967742,0.256198347107438,1.7272727272727273,0.0,0.1322314049586777,C,C,B,C,C,C+,C,C,1.0,1.0,2.6667,1.0,1.0,1.3333,1.0,1.0,2022-2024,2023-2025,False,False,False,2023-2025,3.0,2024
3505500,Barretos,126600,2024,2023,53044.34439178515,97.0437196391395,97.62,1328.0,99.07591329130322,98.39148458416098,2022,5.265929436545551,14.218009478672986,474.46024223275407,71.87993680884676,8.952080042127436,2.6329647182727753,1388.098999473407,92.68035808320168,54.76566614007372,233.0173775671406,8910,10053,0.41052422162538543,0.6542222222222223,0.22381378692927484,2.986159169550173,0.356401384083045,0.18929672734507114,C,C,C+,B,B,C,C,B+,1.0,1.0,1.6667,2.3333,2.0,1.0,1.0,3.3333,2022-2024,2023-2025,False,False,False,2023-2025,3.0,2024
3505609,Barrinha,33181,2024,2023,22228.986468159488,99.40483609622336,93.74,1133.33,98.9371204001429,99.74991068238656,2022,10.045909807821745,7.032136865475222,321.46911385029586,53.24332198145525,12.055091769386094,1.0045909807821745,395.80884642817676,52.23873100067307,29.133138442683062,94.43155219352441,972,1062,0.4322033898305085,0.6155717761557178,0.3870056497175141,0.7419354838709677,0.3548387096774194,0.1497175141242938,C,C,B,C,C,C,C,C,1.0,1.0,2.6667,1.0,1.0,1.0,1.0,1.0,2022-2024,2023-2025,False,False,False,2023-2025,3.0,2024
3505708,Barueri,330339,2024,2023,216888.438846155,99.96366198696256,97.39,1302.4,98.92563493513612,99.974419879408,2022,4.137164145519199,5.146228571255589,327.74412547917944,215.93978710758745,54.287666104617784,13.824182632588542,874.5561377857291,154.08413780994675,29.969213444370784,53.98494677689686,17181,19561,0.6827871785696028,0.451380042462845,0.24078523592863352,1.51440329218107,0.5138888888888888,0.2451306170441184,C+,C,B,C+,B,B,C+,B,1.6667,1.6667,3.3333,1.6667,2.0,1.6667,1.6667,2.6667,2022-2024,2023-2025,False,False,False,2023-2025,3.0,2024
3505807,Bastos,21900,2024,2023,72904.24657534246,87.03436729758639,95.8,1178.0,90.24810932731856,92.71593472203796,2022,1.5220700152207,6.0882800608828,286.1491628614917,24.3531202435312,6.0882800608828,0.0,689.4977168949772,25.875190258751903,41.09589041095891,41.09589041095891,737,938,0.4157782515991471,0.49609375,0.27292110874200426,1.5,0.35,0.06609808102345416,B,C,B,C+,B+,C+,B,B+,2.3333,1.0,2.3333,2.0,4.0,1.6667,3.3333,3.6667,2022-2024,2023-2025,False,False,False,2023-2025,3.0,2024
3505906,Batatais,59873,2024,2023,55595.84453760459,97.13023526591556,96.31,1296.0,98.62297530691312,98.25888064230033,2022,2.7836698790217067,7.2375416854564385,296.18247512790964,62.91093926589058,12.804881443499852,2.7836698790217067,753.261069263274,70.70521492715136,34.51750649986917,165.90672478969373,2531,3218,0.4860161591050342,0.6171428571428571,0.2719080174021131,1.5853658536585367,0.34146341463414637,0.10627719080174021,B,C,B,B,B+,B,B+,B,2.0,1.0,2.3333,2.6667,3.3333,1.6667,2.6667,2.0,2022-2024,2023-2025,False,False,False,2023-2025,3.0,2024
3506003,Bauru,391740,2024,2023,52725.68285087048,97.56637284845417,97.9,1400.0,98.28826062428142,99.4108531560418,2022,8.168683310358912,12.33811541668794,470.80546621058187,80.66574768979424,12.508296318987085,0.17018090229914398,1167.8664420278756,95.89693844556763,44.67248685352529,90.87660182774289,23316,27873,0.5203960822301151,0.5177895533686601,0.23696767481074876,3.7463054187192117,0.5394088669950738,0.13098697664406414,C,C,C+,C+,B,C,C,C+,1.0,1.0,2.3333,2.0,2.6667,1.0,1.6667,2.0,2022-2024,2023-2025,False,False,False,2023-2025,3.0,2024
3506102,Bebedouro,78210,2024,2023,68324.5237181946,96.53542482290862,97.31,1250.0,97.388698630137,98.36258561643837,2022,7.245450283424967,11.081276904061713,368.2393555811277,74.58551762349231,11.081276904061713,2.557217747091165,708.7755189021012,94.6170566423731,25.57217747091165,195.20095469462558,3517,4467,0.4913812402059548,0.6537717601547389,0.11573763152003581,3.775,0.3875,0.12693082605775688,C+,C,C,B,B,C+,C+,C+,1.3333,1.0,1.0,3.0,2.3333,1.6667,2.6667,1.3333,2022-2024,2023-2025,False,False,False,2023-2025,3.0,2024
3506201,Bento de Abreu,2642,2024,2023,109015.89704769115,92.36377590176517,94.2,1212.0,93.11087190527448,95.80193756727664,2022,12.616704516780217,12.616704516780217,290.184203885945,0.0,0.0,0.0,492.0514761544285,12.616704516780217,25.233409033560434,50.46681806712087,71,79,0.3291139240506329,0.4117647058823529,0.21518987341772153,,,0.11392405063291139,C+,B,C+,C+,B,C+,C,C,2.0,2.0,2.6667,2.0,2.3333,2.0,1.0,1.0,2022-2024,2023-2025,False,True,False,2023-2025,3.0,2024
3506300,Bernardino de Campos,11852,2024,2023,51088.33952075599,82.93271301800638,96.71,1133.33,93.46035015447993,97.29660144181256,2022,2.8124648441894475,11.24985937675779,486.55641804477443,25.31218359770503,5.624929688378895,0.0,1237.484531443357,14.062324220947238,53.4368320395995,129.37338283271458,699,792,0.26641414141414144,0.6018099547511312,0.27904040404040403,1.6666666666666667,0.16666666666666666,0.06186868686868687,C+,C,B,C+,C+,C,C+,C,1.3333,1.0,2.0,2.0,2.0,1.0,1.3333,1.0,2022-2024,2023-2025,False,False,False,2023-2025,3.0,2024
3506359,Bertioga,66873,2024,2023,39829.976223588,98.94528572318814,96.46,1000.0,89.16754663850756,99.42801830341428,2022,9.470688219959227,12.461431868367404,558.2721477028597,452.59920545910404,39.37812470404099,2.4922863736734806,1914.5743922559677,137.57420782677613,59.814872968163534,100.68836949640861,6595,7125,0.6342456140350877,0.44112769485903813,0.2538947368421053,1.4657142857142857,0.5485714285714286,0.22736842105263158,C+,C,B,B,B,B,C,B,2.0,1.0,3.0,3.0,2.6667,2.3333,2.3333,3.0,2022-2024,2023-2025,False,False,False,2023-2025,3.0,2024
3506409,Bilac,7455,2024,2023,41280.348759222,93.96092362344582,95.66,1300.0,95.17512508934954,96.92637598284487,2022,0.0,8.94254415381176,335.345405767941,8.94254415381176,4.47127207690588,0.0,465.0122959982115,31.298904538341155,26.82763246143528,44.7127207690588,207,265,0.30943396226415093,0.6,0.11320754716981132,1.2,0.6,0.12075471698113208,C+,C,B,B+,B+,C,C+,C,2.3333,1.6667,3.0,3.3333,3.3333,1.0,1.6667,1.0,2022-2024,2023-2025,False,False,False,2023-2025,3.0,2024
3506508,Birigui,122988,2024,2023,39568.819722249325,97.84331688785416,96.71,1256.0,98.23002997707636,99.03235760888732,2022,6.775728797389447,9.486020316345225,358.0295096540584,64.23390899925197,4.878524734120401,0.0,871.9007816480741,74.26198761938834,39.02819787296321,62.878763239774074,5503,7612,0.4653179190751445,0.6422413793103449,0.12191276931161324,3.793103448275862,0.7192118226600985,0.12887545980031528,C+,C,C+,B,C+,C,B,B,1.3333,1.0,2.3333,3.0,1.6667,1.0,3.0,2.3333,2022-2024,2023-2025,False,False,False,2023-2025,3.0,2024
3506607,Biritiba Mirim,30526,2024,2023,36412.92668544847,81.53151635616346,94.09,1000.0,82.74243004982752,95.60176312763512,2022,5.459826595907314,4.367861276725852,372.3601738408788,28.39109829871803,12.01161851099609,0.0,573.281792570268,27.29913297953657,54.59826595907314,56.78219659743606,1039,1153,0.3417172593235039,0.6376146788990825,0.18907198612315698,1.0,0.3142857142857143,0.16652211621856028,C,C,C,C,C,C,C,C,1.0,1.0,1.3333,1.0,1.0,1.0,1.0,1.0,2022-2024,2023-2025,False,False,False,2023-2025,3.0,2024
3506706,Boa Esperança do Sul,13135,2024,2023,48208.29843928436,94.02835567884112,92.6,1044.8,97.91621911922664,97.16433941997852,2022,5.075498033244512,7.613247049866768,487.24781119147315,38.06623524933384,10.150996066489023,0.0,784.1644461362771,43.14173328257836,58.368227382311886,238.54840756249206,659,759,0.2898550724637681,0.49107142857142855,0.14756258234519104,2.210526315789474,0.21052631578947367,0.08959156785243742,C,C,B+,B,C,C,C+,C+,1.0,1.0,3.0,1.6667,1.0,1.0,1.6667,1.3333,2022-2024,2023-2025,False,False,False,2023-2025,3.0,2024
3506805,Bocaina,11467,2024,2023,33258.56806488184,94.9551469935163,94.99,1250.0,96.7639127237068,97.94067173326796,2022,2.9068922415046075,5.813784483009215,433.1269439841865,2.9068922415046075,0.0,8.720676724513822,735.4437371006657,23.25513793203686,40.696491381064504,107.55501293567048,468,513,0.32943469785575047,0.591304347826087,0.22417153996101363,10.0,1.0,0.06237816764132553,C+,B,C+,C,B,C,B,C+,1.6667,2.3333,2.3333,1.0,2.3333,1.0,3.0,1.6667,2022-2024,2023-2025,False,False,False,2023-2025,3.0,2024
3506904,Bofete,10688,2024,2023,28983.252245508982,71.40535372848949,94.29,1176.0,84.21319796954315,98.2741116751269,2022,3.1187624750499,15.5938123752495,321.2325349301397,21.831337325349303,6.2375249500998,0.0,707.9590818363273,31.187624750499,65.4940119760479,159.0568862275449,427,505,0.4514851485148515,0.5178571428571429,0.22178217821782178,1.4166666666666667,0.6666666666666666,0.047524752475247525,C,C,C+,C,C+,C,C,C,1.0,1.0,2.6667,1.0,1.3333,1.0,1.0,1.0,2022-2024,2023-2025,False,False,False,2023-2025,3.0,2024
3507001,Boituva,63415,2024,2023,70553.18142395333,96.22468525400696,96.98,1266.67,92.62857405957917,99.79280814033795,2022,12.089673841625272,13.666587820967699,316.9597098478278,96.71739073300218,57.82017924255566,8.410207889826276,1111.7243554364109,91.98664879497491,38.89721149044653,253.88315067413075,3809,4713,0.57967324421812,0.6839762611275965,0.14300869934224486,1.5953947368421053,0.3092105263157895,0.1283683428813919,C+,C,C,C+,B,B+,C,B+,2.0,1.0,1.6667,2.3333,2.6667,3.0,1.3333,4.0,2022-2024,2023-2025,False,False,False,2023-2025,3.0,2024
3507100,Bom Jesus dos Perdões,22501,2024,2023,72326.16328163193,92.41116059256566,95.63,1206.0,91.19741100323624,99.31391585760517,2022,1.4814156407863355,5.925662563145342,331.8371035361391,48.886716145949066,20.739818971008695,5.925662563145342,647.3786350236286,84.44069152482112,35.55397537887205,128.8831607484112,885,983,0.40183112919633773,0.5331010452961672,0.29196337741607326,0.9333333333333333,0.48,0.1373346897253306,C,C,B,C,C+,C,C,C+,1.0,1.0,3.0,1.0,1.6667,1.0,1.0,1.3333,2022-2024,2023-2025,False,False,False,2023-2025,3.0,2024
3507159,Bom Sucesso de Itararé,3610,2024,2023,21464.54293628809,69.67651195499298,94.21,866.67,76.34042553191489,98.46808510638296,2022,0.0,18.467220683287163,360.1108033240997,0.0,0.0,0.0,286.24192059095105,9.233610341643582,92.33610341643582,36.934441366574326,87,104,0.25961538461538464,0.4117647058823529,0.16346153846153846,2.0,0.0,0.11538461538461539,C,C,B+,C+,C+,C,C,C,1.0,1.0,2.6667,1.3333,2.0,1.0,1.0,1.0,2022-2024,2023-2025,False,True,False,2023-2025,3.0,2024
3507209,Borá,928,2024,2023,130346.9827586207,81.36714443219405,94.36,1200.0,92.54658385093168,91.30434782608695,2022,0.0,0.0,359.1954022988506,0.0,0.0,0.0,538.7931034482759,71.83908045977012,0.0,0.0,27,34,0.47058823529411764,0.75,0.11764705882352941,0.0,0.5,0.058823529411764705,C+,C,B,B,B,B,C+,A,1.3333,1.0,2.3333,2.0,2.3333,2.3333,1.3333,3.6667,2022-2024,2023-2025,False,True,False,2023-2025,3.0,2024
3507308,Boracéia,4823,2024,2023,136333.19510678,94.27359490986214,95.1,1125.0,96.2691131498471,97.06422018348624,2022,6.911327666044646,6.911327666044646,725.689404934688,20.733982998133943,13.822655332089292,0.0,663.4874559402862,69.11327666044647,27.645310664178584,62.201948994401825,231,246,0.34959349593495936,0.5813953488372093,0.17479674796747968,2.272727272727273,0.45454545454545453,0.04065040650406504,C+,C,B,C+,B+,C+,C,C+,1.6667,1.0,2.6667,1.6667,3.6667,1.3333,2.6667,1.3333,2022-2024,2023-2025,False,True,False,2023-2025,3.0,2024
3507407,Borborema,14415,2024,2023,48901.90773499827,92.23253198369184,94.2,1200.0,95.4586904979026,94.783877439358,2022,9.249624234015494,18.499248468030988,478.6680541103018,18.499248468030988,4.624812117007747,2.3124060585038735,652.0985084980922,34.6860908775581,53.18533934558909,117.93270898369752,601,695,0.2920863309352518,0.5789473684210527,0.1366906474820144,1.6956521739130435,0.08695652173913043,0.0776978417266187,C+,C,B,B,B,C,C+,B,2.0,1.0,3.3333,3.0,2.6667,1.0,2.3333,2.6667,2022-2024,2023-2025,False,False,False,2023-2025,3.0,2024
3507456,Borebi,2787,2024,2023,42501.6146393972,86.69369701437523,96.56,1060.0,92.54658385093168,95.34161490683228,2022,11.96029183112068,0.0,394.6896304269824,35.88087549336204,0.0,0.0,1052.5056811386198,95.68233464896544,35.88087549336204,71.76175098672408,142,154,0.3116883116883117,0.6666666666666666,0.2922077922077922,1.1666666666666667,0.16666666666666666,0.06493506493506493,C+,C,B,B,B,C,C,C,1.6667,1.0,2.6667,2.3333,2.6667,1.6667,2.3333,1.0,2022-2024,2023-2025,False,True,False,2023-2025,3.0,2024
3507506,Botucatu,150442,2024,2023,53124.44663059518,96.86266404877544,97.43,1333.33,98.3058944583272,99.40283698368368,2022,3.323539968891666,7.754926594080554,481.24858749551316,27.253027744911662,3.7666786314105543,0.6647079937783331,875.1988584748054,35.894231664029995,58.272734121233874,83.08849922229165,7115,8915,0.4754907459338194,0.5225271879854997,0.21660123387549074,3.348993288590604,0.348993288590604,0.0981491867638811,C+,C,B,C+,B,B,A,A,2.6667,2.0,2.6667,2.3333,3.0,3.3333,5.0,5.0,2022-2024,2023-2025,False,False,False,2023-2025,3.0,2024
3507605,Bragança Paulista,184634,2024,2023,56562.1066542457,92.95688616658468,97.28,1337.33,94.71502427337496,99.72574238698697,2022,4.513433784315637,5.957732595296641,324.06454571386274,84.13040573964348,15.887286920791043,2.3469855678441314,811.5153944199516,81.24180811768147,44.77326314041112,129.80635563691771,8332,9581,0.49827784156142363,0.6366251198465963,0.21772257593153116,1.7074074074074075,0.3592592592592593,0.1989353929652437,B,C,B,B,B,B+,B+,A,3.0,1.0,2.6667,3.0,3.6667,4.3333,4.3333,4.6667,2022-2024,2023-2025,False,False,False,2023-2025,3.0,2024
3507704,Braúna,5466,2024,2023,28879.436516648373,90.64600448095594,92.22,1150.0,94.14758269720102,94.4529262086514,2022,12.196609342602757,12.196609342602757,231.73557750945238,12.196609342602757,0.0,0.0,359.7999756067813,30.491523356506892,30.491523356506892,91.47457006952067,128,160,0.33125,0.68,0.15625,3.6666666666666665,0.0,0.05625,C,C,C+,B,C+,C,C,C,1.0,1.0,2.6667,2.3333,1.3333,1.3333,1.0,1.0,2022-2024,2023-2025,False,False,False,2023-2025,3.0,2024
3507753,Brejo Alegre,2605,2024,2023,34816.50671785029,84.5224171539961,93.68,1165.67,89.3970893970894,97.71309771309772,2022,12.795905310300704,12.795905310300704,371.0812539987204,25.591810620601407,25.591810620601407,0.0,511.83621241202815,12.795905310300704,38.38771593090211,76.77543186180422,85,101,0.2376237623762376,0.4666666666666667,0.1485148514851485,0.6,0.4,0.06930693069306931,C,C,B,B,B,C,B,C,1.3333,1.0,3.3333,2.6667,2.3333,1.0,2.6667,1.3333,2022-2024,2023-2025,False,True,False,2023-2025,3.0,2024
3507803,Brodowski,26167,2024,2023,46253.10505598655,97.51993968493314,96.82,1273.33,98.59218380448247,98.88500957315011,2022,5.095476490745341,3.821607368059006,346.4924013706832,50.95476490745341,14.012560349549688,0.0,549.0375918778104,71.33667087043477,40.76381192596273,86.6231003426708,917,1056,0.42140151515151514,0.6190476190476191,0.1590909090909091,0.5844155844155844,0.3246753246753247,0.13825757575757575,C,C,C,C+,B,C,C,C,1.3333,1.0,1.6667,1.3333,3.3333,1.0,1.0,1.3333,2022-2024,2023-2025,False,False,False,2023-2025,3.0,2024
3507902,Brotas,24423,2024,2023,63709.61798304877,92.12067955477444,96.8,1100.0,96.32421150278292,97.80844155844156,2022,10.9186695601141,16.378004340171152,318.00625093832315,79.16035431082722,13.648336950142625,2.729667390028525,786.1442083282152,61.417516275641816,36.850509765385084,152.8613738415974,1083,1243,0.3491552695092518,0.585820895522388,0.21560740144810941,1.2988505747126438,0.2413793103448276,0.09332260659694289,C+,C,B,B,B,C,C,C,2.3333,2.0,2.6667,2.6667,2.6667,1.6667,1.0,2.3333,2022-2024,2023-2025,False,False,False,2023-2025,3.0,2024
3508009,Buri,20674,2024,2023,43911.82161168617,82.81975308641975,93.87,720.0,84.40906483075157,91.55192197360871,2022,8.061655541582018,4.836993324949211,359.5498371545581,29.021959949695272,4.836993324949211,0.0,641.7077811099288,12.89864886653123,59.65625100770695,164.4577730482732,797,862,0.3491879350348028,0.6255506607929515,0.2633410672853828,5.8,0.6,0.08236658932714618,C,C,C+,C+,C,C,C,C,1.0,1.0,2.3333,2.0,1.6667,1.0,1.0,1.0,2022-2024,2023-2025,False,False,False,2023-2025,3.0,2024
3508108,Buritama,17597,2024,2023,42405.18270159687,94.50319581638584,94.49,1200.0,96.48939348670451,97.1466985360024,2022,17.048360515997043,5.682786838665682,399.68934098615296,13.259835956886592,1.894262279555227,0.0,678.1458960807713,22.731147354662728,53.03934382754637,119.33852361197931,692,800,0.25375,0.5851063829787234,0.235,3.7777777777777777,0.2222222222222222,0.10875,C,C,B,C+,B,C,C,B,1.3333,1.0,2.6667,2.0,3.0,1.3333,3.3333,2.3333,2022-2024,2023-2025,False,False,False,2023-2025,3.0,2024
3508207,Buritizal,4447,2024,2023,68713.28985833145,86.59320477502295,94.85,1250.0,89.28356411800121,94.70198675496688,2022,7.495689978262499,14.991379956524998,292.3319091522375,67.46120980436248,22.4870699347875,0.0,817.0302076306124,37.4784498913125,29.982759913049996,37.4784498913125,177,268,0.4216417910447761,0.7692307692307693,0.09701492537313433,1.0,0.1,0.11940298507462686,C,C,B,C,C+,C,C,C+,1.0,1.3333,2.3333,1.6667,1.3333,1.0,1.0,1.3333,2022-2024,2023-2025,False,True,False,2023-2025,3.0,2024
3508306,Cabrália Paulista,4362,2024,2023,40687.98716185236,82.83321702721564,93.76,1050.0,90.04383218534753,88.04007514088916,2022,15.28350909368791,15.28350909368791,420.29650007641754,38.20877273421978,7.641754546843955,0.0,550.2063273727648,30.56701818737582,68.7757909215956,221.6108818584747,179,208,0.4326923076923077,0.32786885245901637,0.2932692307692308,3.6666666666666665,0.0,0.07692307692307693,B,B,C,C+,B,B,B+,C+,2.3333,1.6667,1.6667,2.0,3.0,3.0,4.0,1.6667,2022-2024,2023-2025,False,True,False,2023-2025,3.0,2024
3508405,Cabreúva,48473,2024,2023,149381.73828729396,92.31881899980856,96.3,1212.0,89.28617363344051,99.4983922829582,2022,6.189012439915005,4.126008293276669,272.3165473562602,45.38609122604336,11.002688782071118,2.7506721955177795,536.381078125967,48.824431470440594,43.32308707940503,211.80175905486905,1719,2079,0.5594035594035595,0.40414507772020725,0.2784992784992785,2.0821917808219177,0.4246575342465753,0.1038961038961039,C+,C,B,C+,C+,C,B,B+,1.3333,1.0,2.6667,1.3333,2.0,1.0,3.0,3.0,2022-2024,2023-2025,False,False,False,2023-2025,3.0,2024
3508504,Caçapava,99678,2024,2023,65373.21174180863,96.5946653915719,97.07,1141.33,95.42726408367008,99.50380318516758,2022,15.048456028411486,13.041995224623287,304.6476320418414,144.13076773878555,67.88525719483404,5.016152009470495,815.6263167399026,157.50717309737354,20.06460803788198,63.87233558725763,4805,5319,0.6121451400639218,0.6016628873771731,0.24873096446700507,1.1632970451010887,0.4059097978227061,0.15172024816694868,C,C,B,C+,C,C,B+,C,1.6667,1.0,3.0,2.6667,1.3333,1.0,4.0,1.3333,2022-2024,2023-2025,False,False,False,2023-2025,3.0,2024
3508603,Cachoeira Paulista,32482,2024,2023,26100.17856043347,92.74489925231276,96.49,928.0,94.1678129298487,98.89958734525447,2022,14.366931428688709,27.707653469613938,299.65314122693593,56.44151632699136,32.838700408431336,2.0524187755269585,711.163105720091,28.733862857377417,32.838700408431336,69.78223836791659,1243,1395,0.414336917562724,0.6054216867469879,0.23799283154121864,2.125,0.375,0.1060931899641577,C,C,C,C,C,C,C,C,1.0,1.0,1.6667,1.0,1.0,1.0,1.0,1.0,2022-2024,2023-2025,False,False,False,2023-2025,3.0,2024
3508702,Caconde,17266,2024,2023,32092.49391868412,69.18893631951349,94.72,1025.0,76.22343850611719,92.83644558918223,2022,7.722305880535928,13.514035290937873,364.8789528553226,30.889223522143713,5.791729410401946,0.0,486.50527047376346,38.61152940267964,34.75037646241168,111.97343526777095,567,703,0.47652916073968704,0.6509433962264151,0.1507823613086771,1.44,0.48,0.08961593172119488,C,C,B,C,C+,C,C,B,1.0,1.0,2.6667,1.0,2.3333,1.0,1.0,2.3333,2022-2024,2023-2025,False,False,False,2023-2025,3.0,2024
3508801,Cafelândia,16905,2024,2023,55050.87252292221,91.97790320643688,94.25,1200.0,95.06963342404354,94.82951816872098,2022,3.9436064280784775,19.71803214039239,309.5731046041605,45.3514739229025,3.9436064280784775,0.0,552.1048999309869,45.3514739229025,55.21048999309869,106.4773735581189,579,666,0.3858858858858859,0.6126760563380281,0.2132132132132132,3.388888888888889,0.6666666666666666,0.0960960960960961,B,C+,B,B+,B+,B,A,A,2.3333,1.3333,2.3333,3.3333,2.6667,2.3333,4.3333,4.6667,2022-2024,2023-2025,False,False,False,2023-2025,3.0,2024
3508900,Caiabu,3745,2024,2023,23502.002670226968,80.46875,92.84,1200.0,95.36468984321743,90.66121336059987,2022,0.0,0.0,498.44236760124613,8.900756564307967,0.0,0.0,329.32799287939474,0.0,8.900756564307967,17.801513128615934,97,107,0.2336448598130841,0.75,0.2616822429906542,,,0.037383177570093455,C+,C,B,B,B,C+,C+,C,1.3333,1.0,3.0,2.0,2.6667,1.6667,1.3333,1.0,2022-2024,2023-2025,False,True,False,2023-2025,3.0,2024
3509007,Caieiras,98257,2024,2023,56053.197227678436,99.00559811431938,97.25,1200.0,93.9266919593685,99.78276832701016,2022,2.7139711844109495,7.463420757130111,357.5657035461426,138.7517768030098,59.707366057040886,9.159652747386955,610.3042700944122,72.5987291829929,39.352582173958766,60.04661245509225,4002,4548,0.5842128408091469,0.4384180790960452,0.1945910290237467,1.4921700223713648,0.39149888143176736,0.2590149516270888,C+,C,B,C,C+,C+,B,B+,1.3333,1.0,3.0,1.0,1.6667,1.3333,2.3333,4.0,2022-2024,2023-2025,False,False,False,2023-2025,3.0,2024
3509106,Caiuá,5585,2024,2023,20034.914950760965,42.66373948042444,92.93,1000.0,70.543093270366,65.4073199527745,2022,5.968367651447329,0.0,364.0704267382871,0.0,0.0,0.0,226.7979707549985,23.873470605789315,17.905102954341988,131.30408833184126,129,158,0.2088607594936709,0.7368421052631579,0.12025316455696203,4.5,0.5,0.0189873417721519,C,C,C,B,B,C,C,C,1.0,1.0,1.0,2.6667,2.6667,1.0,1.0,1.0,2022-2024,2023-2025,False,False,False,2023-2025,3.0,2024
3509205,Cajamar,97363,2024,2023,297696.27065723116,99.08942808747533,96.53,1212.0,85.18688725490196,99.56801470588236,2022,3.4236140354480997,5.135421053172149,383.787133373732,139.68345264628246,56.14727018134883,21.226407019778218,894.5903474625885,86.95979650038174,42.452814039556436,152.35082457744042,5216,6020,0.5911960132890366,0.612992398064962,0.2403654485049834,1.539047619047619,0.3980952380952381,0.25764119601328905,C+,C+,C+,B,B+,C,C,B,1.6667,1.3333,2.3333,2.3333,4.0,1.0,1.3333,2.0,2022-2024,2023-2025,False,False,False,2023-2025,3.0,2024
3509254,Cajati,29257,2024,2023,67938.27118296476,76.92442574083816,93.55,873.86,90.8522440746344,97.61976802824005,2022,6.835970878764056,12.532613277734102,445.47743559945764,71.7776942270226,12.532613277734102,25.065226555468204,718.91627075002,44.433810711966366,70.63836574722858,224.44771051941984,1433,1727,0.445859872611465,0.46319018404907975,0.1887666473653735,0.8292682926829268,0.47560975609756095,0.1453387376954256,C+,C,B+,B,B,C,C,B+,1.6667,1.0,3.3333,2.3333,2.3333,1.0,2.0,3.3333,2022-2024,2023-2025,False,False,False,2023-2025,3.0,2024
3509304,Cajobi,9232,2024,2023,29787.80329289428,94.9304719150334,94.68,1212.0,97.01110162254484,97.18189581554228,2022,0.0,18.05314846909301,548.8157134604276,18.05314846909301,7.221259387637203,0.0,545.2050837666089,36.10629693818602,54.15944540727903,93.87637203928365,366,416,0.43028846153846156,0.6964285714285714,0.1346153846153846,2.3,0.2,0.12740384615384615,C,C,C,C,B,C,C,C,1.0,1.3333,1.6667,1.6667,2.3333,1.0,1.0,1.0,2022-2024,2023-2025,False,False,False,2023-2025,3.0,2024
3509403,Cajuru,24217,2024,2023,46405.37638848743,89.15652538816617,95.16,1093.33,94.69160181205714,95.655709141596,2022,2.7528870903359897,20.646653177519923,417.06239418590246,72.95150789390372,13.76443545167995,5.505774180671979,1171.3534569379638,41.293306355039846,38.54041926470386,90.84527398108766,1362,1529,0.3832570307390451,0.5870967741935483,0.2027468933943754,1.4791666666666667,0.2916666666666667,0.09025506867233486,C,C,B,C+,B,C,C,C,1.3333,1.0,2.6667,2.0,2.6667,1.0,1.0,1.6667,2022-2024,2023-2025,False,False,False,2023-2025,3.0,2024
3509452,Campina do Monte Alegre,6077,2024,2023,34792.825407273325,82.85186429291232,94.63,1070.67,95.35095715587968,98.22242479489518,2022,5.48516263507213,32.91097581043278,405.9020349953376,27.42581317536065,5.48516263507213,0.0,630.793703033295,38.39613844550491,98.73292743129835,93.2477647962262,244,285,0.36140350877192984,0.6097560975609756,0.14385964912280702,1.2142857142857142,0.7857142857142857,0.10526315789473684,C+,B,C,C,B,C,C+,C,1.6667,2.3333,1.3333,1.3333,2.6667,1.0,1.3333,1.0,2022-2024,2023-2025,False,False,False,2023-2025,3.0,2024
3509502,Campinas,1185977,2024,2023,77546.46843910127,99.46332328692318,97.59,1500.0,96.2106238490675,99.76952249250948,2022,7.8978484967808535,6.85791826766736,333.1711604300364,361.6427637298194,114.78581231620286,7.420042715836817,1495.6164130220625,311.10777583938534,29.876914420206575,72.28920403459202,97511,104727,0.7097119176525634,0.40480525507836207,0.26746684236156865,0.8720291248797912,0.35341393048495673,0.23529748775387435,B,C,C+,C+,B,B+,B+,B+,1.6667,1.0,1.6667,1.6667,2.0,3.3333,4.0,2.3333,2022-2024,2023-2025,False,False,False,2023-2025,3.0,2024
3509601,Campo Limpo Paulista,79663,2024,2023,40595.19475791773,98.13350164880464,96.77,1200.0,89.60512993587581,99.6812539843252,2022,5.439580901213026,5.439580901213026,327.2117126729682,173.64815953872355,105.44418362351405,3.347434400746478,761.959755469917,167.37172003732388,31.38219750699823,89.54387021996828,3993,4586,0.6090274749236808,0.46099290780141844,0.21522023549934582,1.724470134874759,0.4123314065510597,0.19581334496293065,C+,C,C+,B,C+,B,C+,B+,1.6667,1.0,2.0,2.0,2.3333,2.3333,2.3333,4.3333,2022-2024,2023-2025,False,False,False,2023-2025,3.0,2024
3509700,Campos do Jordão,47983,2024,2023,40572.68199153867,91.7401115510708,96.46,1212.0,92.07755203171456,99.65312190287412,2022,3.473452403281718,15.283190574439558,491.84086030469126,110.45578642435864,6.252214325907092,0.0,959.3675537864106,54.1858574911948,65.99559566235264,243.14166822972024,2807,3108,0.5701415701415702,0.6219512195121951,0.2902187902187902,1.5384615384615385,0.3626373626373626,0.16023166023166024,C,C,C+,C+,C+,C,C,C,1.0,1.0,2.3333,1.6667,1.6667,1.0,1.6667,1.3333,2022-2024,2023-2025,False,False,False,2023-2025,3.0,2024
3509809,Campos Novos Paulista,4991,2024,2023,68582.44840713283,79.9099836333879,93.27,1025.0,84.679203539823,92.20132743362832,2022,26.71475322246711,13.357376611233555,280.50490883590464,6.678688305616777,6.678688305616777,0.0,741.3344019234622,6.678688305616777,73.46557136178454,60.108194750550986,182,201,0.34328358208955223,0.7592592592592593,0.26865671641791045,0.6,0.2,0.07960199004975124,B,B+,B,C+,B,C,C,C+,1.6667,2.3333,2.6667,1.3333,2.6667,1.0,1.0,1.6667,2022-2024,2023-2025,False,True,False,2023-2025,3.0,2024
3509908,Cananéia,12489,2024,2023,26466.33037072624,88.19269265196517,95.28,981.0,94.6290395994538,96.17660446062814,2022,5.338030800437719,13.345077001094296,723.3031734593109,40.03523100328289,0.0,0.0,1155.6836682947662,18.683107801532017,106.76061600875437,189.50009341553903,844,895,0.36089385474860336,0.5222929936305732,0.17541899441340783,4.25,0.25,0.10726256983240223,C,C,C,C,C,C,C,C,1.0,1.0,1.3333,1.0,1.0,1.0,1.0,1.0,2022-2024,2023-2025,False,False,False,2023-2025,3.0,2024
3509957,Canas,5049,2024,2023,23968.50861556744,90.71182315960252,95.86,853.0,90.53968253968254,97.90476190476193,2022,39.61180431768667,26.407869545124445,270.6806628375256,310.29246715521225,79.22360863537334,6.601967386281111,930.8774014656367,46.21377170396779,26.407869545124445,72.62164124909224,274,305,0.39344262295081966,0.7032967032967034,0.2983606557377049,3.0,0.6,0.3081967213114754,C,C,B,C+,C,C,C,B,1.3333,1.0,2.6667,1.3333,1.0,1.0,1.6667,2.3333,2022-2024,2023-2025,False,False,False,2023-2025,3.0,2024
3510005,Cândido Mota,30172,2024,2023,82286.72278934112,94.6076267445414,95.31,1208.0,96.41119779715466,97.79715465810006,2022,2.2095541119802022,13.257324671881214,383.3576384285651,19.88598700782182,1.1047770559901011,1.1047770559901011,794.3347032568828,47.50541340757435,55.23885279950506,186.7073224623271,1362,1570,0.4050955414012739,0.6726190476190477,0.2140127388535032,4.428571428571429,0.3142857142857143,0.10254777070063695,C+,C,B,B,C,B,C+,C+,1.3333,1.0,2.0,3.0,1.6667,2.6667,2.0,1.6667,2022-2024,2023-2025,False,False,False,2023-2025,3.0,2024
3510104,Cândido Rodrigues,2951,2024,2023,53524.56794307015,84.94288681204569,94.55,1212.0,91.1070780399274,92.37749546279493,2022,11.295606009262396,0.0,417.9374223427087,22.591212018524793,0.0,0.0,1163.447418954027,33.88681802778719,56.478030046311986,101.66045408336157,160,177,0.2598870056497175,0.7708333333333334,0.2711864406779661,10.0,0.0,0.011299435028248588,C,C,C,B,C+,B,C+,C,1.3333,1.0,2.3333,3.0,2.3333,3.0,2.6667,1.0,2022-2024,2023-2025,False,True,False,2023-2025,3.0,2024
3510153,Canitar,6524,2024,2023,33465.3586756591,97.48527773356676,93.68,1040.0,97.64082811747711,98.94077997111218,2022,0.0,15.328019619865113,516.0433272021255,25.546699366441857,0.0,5.109339873288372,771.510320866544,25.546699366441857,86.85877784590231,81.74943797261395,299,341,0.26099706744868034,0.5454545454545454,0.12903225806451613,2.6,0.0,0.07917888563049853,C,C,B+,C,B,C,C,C,1.0,1.0,3.0,1.0,3.0,1.0,1.0,1.0,2022-2024,2023-2025,False,False,False,2023-2025,3.0,2024
3510203,Capão Bonito,47403,2024,2023,35206.2527688121,85.089669162872,94.21,906.0,84.18198815830476,95.55624805235276,2022,2.8127614989206027,11.25104599568241,382.53556385320195,61.177562601523114,3.5159518736507533,2.109571124190452,660.2957618716115,28.127614989206027,45.00418398272964,147.66997869333164,1912,2308,0.35008665511265163,0.5642276422764227,0.26646447140381285,2.725,0.45,0.12738301559792028,C,C,C+,C+,B,C,C,B+,1.0,1.0,2.6667,1.6667,2.0,1.3333,1.0,2.6667,2022-2024,2023-2025,False,False,False,2023-2025,3.0,2024
3510302,Capela do Alto,23597,2024,2023,22716.786032122727,78.94690807312166,95.58,808.0,85.30692512993397,99.18527883129651,2022,8.47565368479044,11.300871579720587,329.13788475936207,74.86827421564888,21.1891342119761,1.4126089474650734,614.4848921473068,76.28088316311396,49.44131316127756,128.54741421932167,931,1049,0.29647283126787416,0.4967741935483871,0.29551954242135364,1.375,0.4107142857142857,0.2163965681601525,C+,C,B,B,B,C,C,B,2.0,1.0,3.3333,2.6667,3.0,1.3333,1.6667,3.0,2022-2024,2023-2025,False,False,False,2023-2025,3.0,2024
3510401,Capivari,51318,2024,2023,74524.72816555595,96.2491012223376,96.91,1175.0,96.67306461932182,99.48234746699238,2022,1.9486340075607,7.144991361055901,436.4940176935968,37.0240461436533,13.6404380529249,4.5468126843083,475.46669784481077,63.005832911129296,12.341348714551101,209.15338347818178,1941,2605,0.4875239923224568,0.5497237569060773,0.13896353166986564,2.22972972972973,0.30405405405405406,0.09712092130518234,C+,C,C+,B+,B,C,A,A,2.3333,1.0,2.6667,3.3333,2.6667,1.0,4.6667,4.3333,2022-2024,2023-2025,False,False,False,2023-2025,3.0,2024
3510500,Caraguatatuba,141084,2024,2023,41271.97272546851,98.58904302566118,96.49,1050.0,94.10470472117125,99.50855403849316,2022,19.846332681239545,18.428737489722433,544.3565535425704,210.74915180554376,17.95620575921673,0.9450634610114069,1265.9125060247795,77.25893793768252,51.97849035562738,132.30888454159697,9903,10736,0.5331594634873323,0.4555084745762712,0.2637853949329359,2.443148688046647,0.5422740524781341,0.1901080476900149,C,C,B,C,C,C,C,B,1.0,1.0,2.0,1.0,1.3333,1.6667,1.3333,3.0,2022-2024,2023-2025,False,False,False,2023-2025,3.0,2024
3510609,Carapicuíba,398462,2024,2023,21173.454432292165,100.0,96.62,1068.25,91.47544099478776,99.91300724452276,2022,5.855849073019091,7.02701888762291,292.4578337039249,596.3764005936158,86.9175312409548,16.647342364725706,706.717328126647,256.06791446444913,34.63316451757006,64.74895975023968,24714,26709,0.7359691489760006,0.5456214429961447,0.20393874723875846,1.9550561797752808,0.5707865168539326,0.31483769515893517,C,C,B,C,C,C,B,C,1.0,1.0,3.3333,1.3333,1.3333,1.0,2.3333,1.0,2022-2024,2023-2025,False,False,False,2023-2025,3.0,2024
3510708,Cardoso,11491,2024,2023,38293.01192237403,92.06698986337594,93.44,1212.0,94.8946339343906,96.93678036063436,2022,2.9008209323238474,5.801641864647695,594.6682911263887,34.80985118788617,2.9008209323238474,0.0,983.3782960577844,46.41313491718156,60.9172395788008,72.52052330809619,622,723,0.27800829875518673,0.6075949367088608,0.10926694329183956,0.9411764705882353,0.23529411764705882,0.07468879668049792,C,C,C,C,C+,C,C,C,1.0,1.0,1.0,1.0,2.0,1.0,1.0,2.0,2022-2024,2023-2025,False,False,False,2023-2025,3.0,2024
3510807,Casa Branca,28786,2024,2023,51909.92148961301,85.129793825446,95.98,1200.0,92.96265900697578,95.30160032827246,2022,0.0,8.105792167488826,531.5083721253387,38.21302021816161,16.21158433497765,4.631881238565043,924.0603070937261,53.266634243498,39.37099052780287,213.066536973992,1579,1750,0.344,0.6842105263157895,0.1737142857142857,1.0845070422535212,0.28169014084507044,0.09657142857142857,C+,C,B,B,B,B,C+,B,2.0,1.0,2.3333,2.3333,2.6667,3.3333,2.0,3.3333,2022-2024,2023-2025,False,False,False,2023-2025,3.0,2024
3510906,Cássia dos Coqueiros,2855,2024,2023,107200.0,67.70275098249374,92.98,1200.0,73.14126394052045,91.44981412639405,2022,11.675423234092236,11.675423234092236,245.18388791593694,0.0,0.0,0.0,642.148277875073,23.35084646818447,35.02626970227671,35.02626970227671,86,91,0.27472527472527475,0.5882352941176471,0.18681318681318682,0.0,0.0,0.06593406593406594,C,C,C+,B,B,C,C,C,1.0,1.0,1.6667,2.3333,2.3333,1.0,1.0,1.6667,2022-2024,2023-2025,False,True,False,2023-2025,3.0,2024
3511003,Castilho,20418,2024,2023,111447.79116465863,76.53301296490964,93.53,1125.0,85.38083538083538,87.7013377013377,2022,9.795278675678324,19.590557351356647,388.5460541352402,6.530185783785548,4.897639337839162,1.632546445946387,728.1157148920887,32.65092891892775,65.3018578378555,128.9711692297646,849,1043,0.3307766059443912,0.6174863387978142,0.17545541706615533,2.5,0.7222222222222222,0.07670182166826463,C+,C,B,C+,B,C,C,C,2.0,1.6667,3.3333,2.0,2.3333,1.0,1.3333,1.0,2022-2024,2023-2025,False,False,False,2023-2025,3.0,2024
3511102,Catanduva,119172,2024,2023,58989.97247675629,99.0888756466392,96.8,1400.0,99.42352647466012,99.54835341912349,2022,6.712986271943074,5.034739703957305,453.40628111748845,37.20113225701787,5.314447465288267,0.2797077613309614,740.6661520043858,67.4095704807617,33.285223598384405,206.42432786224953,5562,7482,0.48757016840417,0.5328798185941043,0.11788291900561347,3.1527093596059115,0.5369458128078818,0.08754343758353382,C+,C,C+,C+,C+,B,C+,B,2.0,1.0,2.3333,2.3333,2.6667,3.6667,1.6667,3.6667,2022-2024,2023-2025,False,False,False,2023-2025,3.0,2024
3511201,Catiguá,7105,2024,2023,27719.352568613653,95.7161216621448,95.05,1212.0,96.45418326693228,98.24701195219124,2022,4.691531785127844,9.383063570255688,455.07858315740094,0.0,18.766127140511376,0.0,422.237860661506,9.383063570255688,51.60684963640629,164.20361247947454,242,306,0.35947712418300654,0.6153846153846154,0.2973856209150327,6.5,0.16666666666666666,0.05228758169934641,C+,C,C,B+,B,B+,C,C,1.3333,1.0,1.3333,3.3333,2.6667,2.6667,1.0,1.0,2022-2024,2023-2025,False,False,False,2023-2025,3.0,2024
3511300,Cedral,13160,2024,2023,61464.28571428572,91.18719289903314,96.8,1356.0,95.6615120274914,95.46821305841924,2022,5.065856129685916,5.065856129685916,519.2502532928065,7.598784194528876,2.532928064842958,2.532928064842958,691.4893617021277,40.52684903748733,65.85612968591693,63.32320162107396,554,669,0.3991031390134529,0.6666666666666666,0.16143497757847533,3.9,0.6,0.08221225710014948,C+,C,C+,B,B+,C,C,C,1.3333,1.0,2.3333,2.6667,3.3333,1.0,1.0,1.0,2022-2024,2023-2025,False,False,False,2023-2025,3.0,2024
3511409,Cerqueira César,22076,2024,2023,63445.27994201848,85.30439237971028,95.42,1150.0,92.4314096499527,95.36423841059604,2022,15.0993537476596,9.05961224859576,631.1529866521713,12.07948299812768,6.03974149906384,0.0,641.722534275533,37.748384369149,80.02657486259588,362.3844899438304,1189,1349,0.33580429948109713,0.5127118644067796,0.17494440326167532,1.0,0.3793103448275862,0.06078576723498888,C,C,B,C,C+,C,C,C,1.0,1.6667,2.3333,1.3333,1.3333,1.0,1.0,1.0,2022-2024,2023-2025,False,False,False,2023-2025,3.0,2024
3511508,Cerquilho,46217,2024,2023,62559.83728930913,94.73095424544132,97.68,1375.0,95.67404426559357,99.46554325955734,2022,3.6061766593821893,7.933588650640817,323.83466401252065,74.2872391832731,17.30964796503451,0.0,523.616850942294,95.20306380768982,45.43782590821559,101.69418179457774,1654,1907,0.5013109596224437,0.48507462686567165,0.140534871525957,0.8023952095808383,0.3772455089820359,0.12585212375458835,B,C+,C+,B,B,B,C,A,2.6667,2.3333,2.6667,2.3333,2.6667,2.6667,1.0,5.0,2022-2024,2023-2025,False,False,False,2023-2025,3.0,2024
3511607,Cesário Lange,19588,2024,2023,62072.901776597915,77.12095758084838,95.54,1067.33,78.7785016286645,98.5830618892508,2022,0.0,13.613777142468177,301.20481927710847,49.349942141447144,10.210332856851133,3.403444285617044,568.3751956980465,51.051664284255665,66.36716356953237,112.31366142536245,691,800,0.345,0.4909090909090909,0.34375,4.0,0.44,0.11375,B,B,B,C+,B+,C,B+,A,3.0,2.6667,3.3333,2.0,4.0,1.0,3.3333,5.0,2022-2024,2023-2025,False,False,False,2023-2025,3.0,2024
3511706,Charqueada,15798,2024,2023,50044.7525003165,93.04795622787256,95.24,1200.0,85.46816479400749,99.13857677902622,2022,8.439886905515467,12.659830358273199,365.0251086635439,56.969236612229395,23.209688990167532,4.219943452757733,711.060471789678,16.879773811030933,25.319660716546398,122.37836012997427,638,712,0.3455056179775281,0.6153846153846154,0.18258426966292135,1.2777777777777777,0.3055555555555556,0.08848314606741572,B,B,B,B+,B+,C+,C,C,2.3333,2.0,2.6667,3.3333,3.3333,2.0,1.0,1.0,2022-2024,2023-2025,False,False,False,2023-2025,3.0,2024
3511904,Clementina,7087,2024,2023,35855.368985466346,96.47665425379547,93.8,1133.33,98.44115354637567,97.62275915822292,2022,4.703447627110672,18.81379050844269,404.4964959315178,14.110342881332018,0.0,0.0,507.97234372795253,37.62758101688538,4.703447627110672,65.8482667795494,225,273,0.3443223443223443,0.7333333333333333,0.10989010989010989,8.5,1.0,0.08058608058608059,C+,C,B,B,B,C+,C,C,2.0,1.0,2.6667,3.0,3.0,2.6667,1.0,1.0,2022-2024,2023-2025,False,False,False,2023-2025,3.0,2024
3512001,Colina,18842,2024,2023,108936.2063475215,95.21259331385914,95.48,1212.0,99.07012195121952,96.70731707317071,2022,1.7690974065032021,14.152779252025617,373.27955277217563,33.61285072356084,5.307292219509606,1.7690974065032021,474.11810494285817,38.920142943070445,61.918409227612074,237.05905247142908,702,780,0.4012820512820513,0.5958904109589042,0.18717948717948718,1.8076923076923077,0.38461538461538464,0.10256410256410256,C+,C,B,B,B,C,C,C,2.3333,1.6667,3.0,3.0,3.3333,1.0,1.0,1.3333,2022-2024,2023-2025,False,False,False,2023-2025,3.0,2024
3512100,Colômbia,6781,2024,2023,109634.71464385783,70.6592246190979,92.55,1070.67,94.61902712010333,90.01291433491176,2022,9.83139163348572,9.83139163348572,580.0521063756574,44.241262350685744,34.40987071720002,0.0,1101.1158629504007,44.241262350685744,73.7354372511429,103.22961215160007,407,444,0.2905405405405405,0.6017699115044248,0.2545045045045045,0.5,0.18181818181818182,0.09684684684684684,C+,C,C+,B,B,B,C+,C,2.0,1.6667,2.0,2.0,3.0,3.3333,2.3333,1.3333,2022-2024,2023-2025,False,False,False,2023-2025,3.0,2024
3512209,Conchal,29034,2024,2023,37668.38878556176,95.29198249172627,93.88,1075.0,95.14593908629442,98.27622673434855,2022,10.332713370531103,13.776951160708133,376.56999839268906,70.03283506693302,53.9597253794402,0.0,875.984477968359,73.47707285711004,24.109664531239236,299.64868774540196,1566,1799,0.4591439688715953,0.6193895870736086,0.3096164535853252,1.4766355140186915,0.48598130841121495,0.10061145080600334,C+,C,B,C+,C+,B,C,B,1.3333,1.0,3.0,1.6667,1.3333,1.6667,1.0,1.6667,2022-2024,2023-2025,False,False,False,2023-2025,3.0,2024
3512308,Conchas,15381,2024,2023,35830.115077043105,78.28256302521008,96.19,1200.0,87.26980153763633,93.6527802610406,2022,8.668703812062502,8.668703812062502,424.7664867910625,93.18856597967189,6.501527859046876,2.1671759530156254,862.5360293002188,69.34963049650001,56.346574778406264,108.35879765078127,757,824,0.25,0.48398576512455516,0.34101941747572817,1.540983606557377,0.11475409836065574,0.1529126213592233,C,C,C+,C,C,C,C,C,1.0,1.0,1.6667,1.3333,1.3333,1.0,1.0,1.0,2022-2024,2023-2025,False,False,False,2023-2025,3.0,2024
3512407,Cordeirópolis,25130,2024,2023,165854.1583764425,95.56579913518806,97.08,1346.75,94.8886283704572,99.12075029308323,2022,7.958615200955034,13.264358668258389,464.2525533890436,66.32179334129195,37.14020427112349,38.466640137949334,753.4155723570766,115.399920413848,30.5080249369943,82.23902374320201,1213,1535,0.4436482084690554,0.6814814814814815,0.1758957654723127,1.8038277511961722,0.41626794258373206,0.13420195439739413,C+,C,C,B,C,B,C,C,2.0,1.0,1.0,3.0,2.3333,2.3333,2.6667,2.0,2022-2024,2023-2025,False,False,False,2023-2025,3.0,2024
3512506,Coroados,5498,2024,2023,61004.91087668243,85.33333333333334,95.78,1210.0,94.06234537357744,95.8931222167244,2022,18.188432157148053,12.125621438098703,448.64799320965193,6.062810719049351,0.0,6.062810719049351,721.4744755668728,48.50248575239481,6.062810719049351,30.314053595246754,214,255,0.3568627450980392,0.8064516129032258,0.12156862745098039,18.666666666666668,0.3333333333333333,0.13725490196078433,C+,C,C+,B+,B,C,C+,C,2.0,1.0,2.6667,3.3333,3.0,1.0,2.0,1.6667,2022-2024,2023-2025,False,False,False,2023-2025,3.0,2024
3512605,Coronel Macedo,4295,2024,2023,38614.43538998836,82.73364485981308,91.25,1000.67,91.17291414752115,91.53567110036276,2022,15.521924718665115,0.0,519.9844780752813,7.760962359332558,0.0,0.0,279.39464493597205,31.04384943733023,108.65347303065579,0.0,124,139,0.39568345323741005,0.6590909090909091,0.31654676258992803,0.0,0.4,0.04316546762589928,C,C,B,C,B,C,C,C+,1.3333,1.0,2.6667,1.3333,3.0,1.3333,1.0,1.3333,2022-2024,2023-2025,False,True,False,2023-2025,3.0,2024
3512704,Corumbataí,4285,2024,2023,82754.72578763127,64.67222884386175,94.86,1236.0,81.55006858710563,85.39094650205762,2022,7.77907429015947,0.0,334.50019447685725,46.67444574095683,70.01166861143524,31.11629716063788,793.4655775962661,93.34889148191365,0.0,31.11629716063788,181,241,0.2572614107883817,0.6136363636363636,0.1825726141078838,1.3061224489795917,0.0,0.08713692946058091,B,C+,B+,B,B,C,C+,B,3.0,2.6667,3.3333,3.0,2.3333,1.3333,2.0,3.0,2022-2024,2023-2025,False,True,False,2023-2025,3.0,2024
3512803,Cosmópolis,61204,2024,2023,37797.59492843605,97.47377578505343,96.64,1250.0,96.01531153438178,99.65871881197252,2022,10.347907544169226,7.624773979914167,376.3370585800492,107.29146243164934,50.10565758229309,9.803280831318215,552.2514868309261,196.6102433392153,39.21312332527286,199.8780036163214,2845,3686,0.5803038524145415,0.5338983050847458,0.12805208898534998,0.9435336976320583,0.40255009107468126,0.14867064568638091,C,C,C,B,C,C,C,C,1.0,1.0,1.0,2.0,1.3333,1.0,1.0,1.0,2022-2024,2023-2025,False,False,False,2023-2025,3.0,2024
3512902,Cosmorama,8968,2024,2023,97951.27118644067,77.99059525174906,94.0,1202.4,92.19467401285584,89.25619834710744,2022,3.716919417187035,22.301516503122212,431.16265239369613,14.86767766874814,3.716919417187035,0.0,791.7038358608386,14.86767766874814,33.452274754683316,37.16919417187036,364,445,0.2651685393258427,0.6574074074074074,0.24269662921348314,4.333333333333333,0.0,0.06741573033707865,C+,C,B,B,B,C,C,C,1.3333,1.0,2.0,2.6667,3.0,1.0,1.0,1.0,2022-2024,2023-2025,False,False,False,2023-2025,3.0,2024
3513009,Cotia,287004,2024,2023,66412.91758999875,97.1721456344998,96.94,1308.0,85.31088758013237,99.45692395893052,2022,6.968543992418224,7.084686392291862,309.63563806311646,333.0964028375911,145.4102846417936,27.641891169925625,825.1917511021913,167.361198217911,27.29346397030471,56.793633538208525,16415,18542,0.7048862042929566,0.5127478753541076,0.22845431992233847,1.201495073054706,0.5195378865103636,0.2917161039801532,C,C,C,C,C,C,C,B,1.0,1.0,2.0,1.0,1.0,1.0,1.0,1.6667,2022-2024,2023-2025,False,False,False,2023-2025,3.0,2024
3513108,Cravinhos,34252,2024,2023,68823.805909144,98.41651392686518,95.88,1212.0,98.79284518459777,99.21578993743942,2022,4.8658959087547204,4.8658959087547204,331.8541009770719,61.31028845030947,8.758612635758496,1.9463583635018882,631.5932889563627,82.72023044883024,40.87352563353964,251.08022889174356,1459,1624,0.5141625615763546,0.6048387096774194,0.15270935960591134,1.2403846153846154,0.27884615384615385,0.1145320197044335,C+,C,B+,C+,B,C,C,C,2.0,1.0,3.3333,2.3333,3.0,2.0,1.3333,1.3333,2022-2024,2023-2025,False,False,False,2023-2025,3.0,2024
3513207,Cristais Paulista,9543,2024,2023,47068.1127528031,82.27998274374461,94.3,1200.0,93.93010423053342,91.93746167995094,2022,6.985923364420692,0.0,328.3383981277725,48.90146355094484,62.873310279786224,0.0,992.0011177477382,80.33811869083796,31.436655139893112,87.32404205525866,469,555,0.3117117117117117,0.7378048780487805,0.2954954954954955,0.92,0.22666666666666666,0.14414414414414414,C+,C,B,C+,B,C+,C,B,1.6667,1.0,3.0,1.6667,2.6667,2.6667,1.0,2.3333,2022-2024,2023-2025,False,False,False,2023-2025,3.0,2024
3513306,Cruzália,2129,2024,2023,102488.961953969,67.26755218216319,94.57,1200.0,86.86131386861314,96.10705596107056,2022,0.0,0.0,532.3312979489589,0.0,0.0,0.0,344.4496633787381,0.0,15.65680288085173,31.31360576170346,59,69,0.34782608695652173,1.0,0.07246376811594203,,,0.057971014492753624,B,B,B,B,B,B+,A,B+,2.3333,1.6667,2.6667,2.3333,2.6667,3.6667,4.3333,2.6667,2022-2024,2023-2025,False,True,False,2023-2025,3.0,2024
3513405,Cruzeiro,76513,2024,2023,55963.84928051442,97.56806872907244,97.74,1084.8,95.66776217508216,99.5032865252465,2022,30.495907013622954,44.872548891473784,372.92137719516074,98.89386988703444,10.455739547527871,0.43565581448032803,751.0706241640854,42.25861400459181,27.010660497780336,120.24100479657051,3440,3960,0.47904040404040404,0.5871156661786238,0.17247474747474748,2.9711538461538463,0.5865384615384616,0.12777777777777777,C,C,C,C+,C+,C,C,C+,1.0,1.0,1.0,1.6667,2.0,1.0,1.0,2.3333,2022-2024,2023-2025,False,False,False,2023-2025,3.0,2024
3513504,Cubatão,115082,2024,2023,241683.2171842686,99.8755290017426,95.45,960.0,79.72113441919633,99.18186126562073,2022,8.68945621383014,15.351372644433246,296.6001054320687,324.9856623972472,140.47954212358724,31.861339450710506,1158.5941618440186,118.4662530485509,26.068368641490412,72.99143219617316,7575,8404,0.7140647310804379,0.44685466377440347,0.1645644930985245,1.6432545201668984,0.24408901251738527,0.27403617325083296,C,C,C+,C,C+,C+,C,C,1.0,1.0,1.6667,1.0,1.3333,2.0,1.0,1.3333,2022-2024,2023-2025,False,False,False,2023-2025,3.0,2024
3513603,Cunha,22456,2024,2023,19279.52440327752,59.02306648575305,93.26,900.0,61.75647305808257,79.33286680662468,2022,11.87507421921387,19.29699560622254,227.11079444246528,29.687685548034672,8.906305664410402,0.0,362.18976368602307,22.265764161026006,29.687685548034672,54.922218263864146,516,631,0.3502377179080824,0.5585585585585585,0.17591125198098256,2.526315789473684,0.7894736842105263,0.098256735340729,C,C,C,C,C,C,C,C+,1.0,1.0,2.0,1.0,1.0,1.0,1.0,2.6667,2022-2024,2023-2025,False,False,False,2023-2025,3.0,2024
3513702,Descalvado,32622,2024,2023,79225.15480350684,90.71041692908427,96.19,1333.33,96.6140350877193,94.36842105263158,2022,13.283469233441643,7.152637279545501,280.9964645535732,68.46095681850694,15.327079884740359,1.0218053256493573,750.0051090266282,108.31136451883187,37.80679704902622,74.59178877240308,1328,1498,0.33978638184245663,0.6531049250535332,0.31174899866488653,0.6133333333333333,0.18,0.12283044058744993,B,C+,B,B,B,C,C,C,2.0,1.3333,2.6667,2.6667,3.0,1.0,1.0,1.0,2022-2024,2023-2025,False,False,False,2023-2025,3.0,2024
3513801,Diadema,404118,2024,2023,52531.89662425331,100.0,96.78,1180.0,99.45865326189028,99.7348505772524,2022,4.784081217202236,6.598732713382395,317.64649599044503,715.3851102895688,181.87757041260227,11.217845612750072,853.62856063493,233.1827172591504,22.023270430913744,96.25901345646568,29613,31536,0.776255707762557,0.4402393944728041,0.18014332825976662,1.2672039677619342,0.49865674726183096,0.3560692541856925,C+,C,C,B,B,C+,C,B+,1.6667,1.0,1.0,2.3333,2.6667,2.6667,2.3333,4.0,2022-2024,2023-2025,False,False,False,2023-2025,3.0,2024
3513850,Dirce Reis,1641,2024,2023,60624.61913467398,81.48148148148148,90.72,1212.0,86.29283489096574,97.0404984423676,2022,0.0,0.0,548.4460694698355,0.0,0.0,0.0,406.2563477554337,20.312817387771684,40.62563477554337,20.312817387771684,51,61,0.32786885245901637,0.5555555555555556,0.14754098360655737,2.0,1.0,0.03278688524590164,B,B+,B,C+,C+,C+,C,C,2.6667,4.0,3.3333,2.3333,1.6667,1.6667,1.0,1.0,2022-2024,2023-2025,False,True,False,2023-2025,3.0,2024
3513900,Divinolândia,11314,2024,2023,46719.46261269224,68.73991754794766,95.06,1227.2,65.60038195273334,89.97374074958225,2022,0.0,5.892404690354133,297.56643686288373,0.0,8.8386070355312,0.0,524.4240174415179,47.139237522833064,17.6772140710624,44.193035177656,321,394,0.2817258883248731,0.6274509803921569,0.25888324873096447,0.75,0.35,0.07360406091370558,C,C,C,C,C,C,C,B,1.0,1.0,1.3333,1.0,1.3333,1.0,1.6667,3.0,2022-2024,2023-2025,False,False,False,2023-2025,3.0,2024
3514007,Dobrada,8958,2024,2023,23861.91114087966,97.68238383377098,90.77,1100.0,98.5370611183355,98.9921976592978,2022,11.163206072784105,11.163206072784105,182.33236585547368,59.53709905484855,26.047480836496245,0.0,308.84870134702686,74.4213738185607,40.93175560020838,40.93175560020838,203,223,0.40358744394618834,0.5348837209302325,0.19282511210762332,0.7111111111111111,0.24444444444444444,0.11210762331838565,C+,C,B,B,C+,C+,C+,C,2.0,1.6667,2.6667,2.6667,1.6667,2.0,1.3333,2.0,2022-2024,2023-2025,False,False,False,2023-2025,3.0,2024
3514106,Dois Córregos,24855,2024,2023,47760.89318044659,95.99755201958384,94.19,1025.0,98.8821138211382,98.04652213188798,2022,5.364447126668008,9.387782471669013,403.67464628176754,20.11667672500503,4.023335345001006,0.0,991.0816066519144,30.845570978341044,44.256688795011065,127.40561925836519,1220,1347,0.38158871566443947,0.5615141955835962,0.23533778767631774,1.92,0.56,0.08611729769858946,C+,C,B,B,B,C,B,B+,2.3333,1.0,3.0,3.0,3.0,1.3333,3.0,3.6667,2022-2024,2023-2025,False,False,False,2023-2025,3.0,2024
3514205,Dolcinópolis,2250,2024,2023,37506.666666666664,89.44268237426371,92.44,1200.0,93.46110484780158,95.03945885005636,2022,0.0,44.44444444444445,740.7407407407408,14.814814814814815,0.0,0.0,251.85185185185185,0.0,103.70370370370371,118.51851851851852,86,108,0.3148148148148148,0.7142857142857143,0.06481481481481481,,,0.037037037037037035,C,C,B,C,B,C,C,C,1.0,1.0,2.0,1.0,2.3333,1.0,1.0,1.0,2022-2024,2023-2025,False,True,False,2023-2025,3.0,2024
3514304,Dourado,8186,2024,2023,143921.3290984608,93.89822134387352,95.13,1315.0,99.7099581050596,98.90428617466968,2022,12.21597849987784,4.071992833292613,492.71113282840616,20.359964166463065,8.143985666585227,0.0,557.863018161088,24.43195699975568,36.64793549963352,69.22387816597443,301,329,0.2887537993920973,0.7105263157894737,0.23100303951367782,1.4444444444444444,0.0,0.11550151975683891,C,C,C,C,C,C,B,C+,1.0,1.3333,2.0,1.0,1.0,1.0,1.6667,1.3333,2022-2024,2023-2025,False,False,False,2023-2025,3.0,2024
3514403,Dracena,46664,2024,2023,39757.071832676156,92.50120948234157,96.53,1356.0,96.21659552072978,98.000116952225,2022,2.8573061317789588,7.857591862392137,535.03057317561,15.000857191839533,0.0,0.0,970.7697582719013,29.28738785073433,39.287959311960684,130.72175552888737,2423,3411,0.44092641454119025,0.6198979591836735,0.1149223101729698,3.103448275862069,0.7931034482758621,0.0870712401055409,C+,C+,C+,C+,C+,C,C,B+,2.0,2.0,2.3333,1.6667,2.0,1.0,1.3333,4.0,2022-2024,2023-2025,False,False,False,2023-2025,3.0,2024
3514502,Duartina,12529,2024,2023,34781.70644105675,90.1038286826736,95.73,1212.0,97.18162839248434,95.82463465553236,2022,2.660494319844627,2.660494319844627,361.82722749886926,13.302471599223136,2.660494319844627,0.0,478.88897757203284,29.2654375182909,63.85186367627105,167.6111421502115,422,502,0.3705179282868526,0.44642857142857145,0.22310756972111553,3.0,0.14285714285714285,0.0796812749003984,C+,B,B,C,C+,C,C,B,1.6667,1.6667,2.3333,1.3333,2.0,1.0,1.3333,2.3333,2022-2024,2023-2025,False,False,False,2023-2025,3.0,2024
3514601,Dumont,9719,2024,2023,42597.18077991563,97.68767817548306,96.08,1266.67,99.3021844660194,98.877427184466,2022,6.8594162636759615,0.0,195.49336351476487,41.15649758205576,27.437665054703846,0.0,390.98672702952973,82.31299516411153,34.29708131837981,48.01591384573173,241,274,0.4635036496350365,0.8775510204081632,0.17883211678832117,0.8888888888888888,0.26666666666666666,0.1897810218978102,C,C,C+,B,C+,C,C+,C,1.0,1.0,2.3333,3.0,1.6667,1.0,1.3333,1.0,2022-2024,2023-2025,False,False,False,2023-2025,3.0,2024
3514700,Echaporã,6295,2024,2023,29770.135027799843,84.25463336019338,94.69,1100.0,89.48751642575559,94.08672798948751,2022,5.295207836907599,21.180831347630395,465.9782896478687,21.180831347630395,0.0,5.295207836907599,413.02621127879263,21.180831347630395,31.771247021445593,63.542494042891185,198,230,0.33043478260869563,0.5925925925925926,0.23478260869565218,2.3333333333333335,0.0,0.034782608695652174,C+,C,B,B,C+,B,C,B,2.0,1.6667,2.6667,3.0,2.0,1.6667,1.0,2.6667,2022-2024,2023-2025,False,False,False,2023-2025,3.0,2024
3514809,Eldorado,13162,2024,2023,32213.569366357697,52.58244701201316,92.38,800.0,75.98956067855589,85.9504132231405,2022,0.0,25.325431798612165,465.9879450944639,25.325431798612165,2.5325431798612166,0.0,427.9997973965456,35.45560451805704,98.76918401458745,60.7810363166692,451,518,0.3030888030888031,0.5882352941176471,0.22972972972972974,1.2857142857142858,0.2857142857142857,0.10231660231660232,C,C,B,C,C,C,C,C,1.0,1.0,2.6667,1.0,1.0,1.0,1.0,1.3333,2022-2024,2023-2025,False,False,False,2023-2025,3.0,2024
3514908,Elias Fausto,18103,2024,2023,119290.11766005635,86.92016498107238,94.67,1100.0,92.6596279537456,98.67605161722808,2022,1.8413154357472978,5.523946307241894,366.42177171371225,42.35025502218785,29.461046971956765,7.365261742989191,386.67624150693257,42.35025502218785,20.254469793220277,211.75127511093925,605,785,0.4713375796178344,0.5333333333333333,0.09554140127388536,0.7272727272727273,0.10909090909090909,0.14012738853503184,C,C,B,C,B,C,C,C,1.0,1.0,2.0,1.0,2.3333,1.0,1.3333,1.0,2022-2024,2023-2025,False,False,False,2023-2025,3.0,2024
3514924,Elisiário,3189,2024,2023,38247.41298212606,93.33970681963034,93.67,1212.0,95.4391891891892,99.4087837837838,2022,10.452597470471412,20.905194940942824,303.1253266436709,31.357792411414234,10.452597470471412,0.0,282.22013170272817,31.357792411414234,62.71558482282847,20.905194940942824,74,99,0.36363636363636365,0.5384615384615384,0.13131313131313133,2.5,0.5,0.08080808080808081,B,B+,B,B,B,C,C,C,2.3333,3.3333,3.0,2.3333,2.0,1.3333,1.0,1.0,2022-2024,2023-2025,False,True,False,2023-2025,3.0,2024
3514957,Embaúba,2353,2024,2023,39537.611559711004,88.29100301334482,93.81,1212.0,92.07589285714286,92.74553571428572,2022,0.0,0.0,269.1599376682249,0.0,0.0,0.0,283.3262501770789,14.166312508853945,28.33262501770789,42.49893752656183,45,58,0.3448275862068966,0.4,0.08620689655172414,0.0,0.0,0.06896551724137931,C,C,B,B,C+,C,C,C,1.0,1.0,3.0,2.0,2.0,1.0,1.0,1.0,2022-2024,2023-2025,False,True,False,2023-2025,3.0,2024
3515004,Embu das Artes,259323,2024,2023,66676.11434388773,99.41441854713572,95.75,970.67,84.94488010001136,99.05557449710194,2022,8.226548872769996,7.198230263673745,332.9181496949107,580.2287751825587,128.1542066586201,32.906195491079984,631.7732454635081,152.3196939723819,44.08916036500169,37.019469927464975,15208,16172,0.7212465990601039,0.5624464132609317,0.21636161266386347,1.4575812274368232,0.5419675090252708,0.3545634429878803,C,C,C,B,C,C,B,C+,1.3333,1.0,1.3333,2.3333,1.6667,1.0,3.0,2.3333,2022-2024,2023-2025,False,False,False,2023-2025,3.0,2024
3515103,Embu-Guaçu,68805,2024,2023,25331.29859748565,89.62819172763923,95.43,1000.0,71.5549666609677,98.91007009745256,2022,10.17367923842744,5.813530993387109,307.63268173340117,209.2871157619359,135.16459559625028,7.266913741733886,783.8577622750284,91.07865222973138,48.44609161155924,66.85560642395176,3438,3772,0.6261930010604454,0.5806783144912642,0.25795334040296924,1.209106239460371,0.2866779089376054,0.24946977730646872,C,C,C,C,C,C,C,C+,1.0,1.0,1.3333,1.0,1.0,1.0,1.6667,1.3333,2022-2024,2023-2025,False,False,False,2023-2025,3.0,2024
3515129,Emilianópolis,3062,2024,2023,31961.463096015676,88.58659588586596,92.43,1166.67,93.45794392523364,96.09175870858114,2022,0.0,21.77226213803614,500.7620291748313,10.88613106901807,0.0,0.0,206.83649031134334,10.88613106901807,43.54452427607228,21.77226213803614,75,80,0.25,0.5,0.2,,,0.0,C,C,C,B+,B,C,C,C,1.0,1.0,2.0,4.0,3.0,1.0,1.0,1.0,2022-2024,2023-2025,False,True,False,2023-2025,3.0,2024
3515152,Engenheiro Coelho,20139,2024,2023,40438.452753364116,94.06623735050596,94.26,1175.0,94.712376525276,97.71934921557234,2022,3.3103265637155106,23.172285946008575,238.34351258751676,46.34457189201715,23.172285946008575,4.965489845573266,456.8250657927405,62.8962047105947,38.06875548272837,82.75816409288777,592,686,0.446064139941691,0.4157303370786517,0.2594752186588921,0.972972972972973,0.17567567567567569,0.13848396501457727,C,C,C,C,C,C,C,C,1.0,1.0,1.0,1.3333,1.0,1.3333,1.3333,1.0,2022-2024,2023-2025,False,False,False,2023-2025,3.0,2024
3515186,Espírito Santo do Pinhal,40681,2024,2023,66744.84403038274,90.89059674502712,96.01,1360.4,94.79724560061209,97.8994226890172,2022,2.458149996312775,7.374449988938325,400.6784493989823,40.14978327310866,9.013216653146841,0.8193833321042583,518.6696492219955,49.1629999262555,29.4977999557533,285.1453995722819,1639,2038,0.5294406280667321,0.5909090909090909,0.10794896957801767,0.7567567567567568,0.5135135135135135,0.08881256133464181,C+,C,B,C+,C+,C+,C,A,2.0,1.6667,2.6667,1.3333,2.0,1.6667,1.3333,4.6667,2022-2024,2023-2025,False,False,False,2023-2025,3.0,2024
3515194,Espírito Santo do Turvo,4217,2024,2023,43113.350723262985,85.75896078903055,91.66,966.67,88.59649122807018,94.0620782726046,2022,23.713540431586438,39.522567385977396,537.5069164492925,31.618053908781913,15.809026954390957,0.0,521.6978894949016,39.522567385977396,86.94964824915027,150.18575606671408,183,226,0.2345132743362832,0.41025641025641024,0.17256637168141592,2.25,0.0,0.030973451327433628,B,B,B,B,B,B,B,C+,2.6667,2.3333,2.6667,3.3333,3.0,2.3333,3.0,2.0,2022-2024,2023-2025,False,True,False,2023-2025,3.0,2024
3515202,Estrela d'Oeste,9655,2024,2023,136422.88969445883,83.8695975363704,94.05,1300.0,94.22632794457274,92.09006928406468,2022,6.904885206283446,3.452442603141723,479.8895218366995,6.904885206283446,3.452442603141723,0.0,517.8663904712585,55.239081650267565,27.619540825133782,134.6452615225272,358,449,0.32516703786191536,0.5176470588235295,0.18930957683741648,0.9375,0.6875,0.1447661469933185,C,C,C+,C,B,C,C,C,1.0,1.0,2.3333,1.0,3.0,1.0,1.0,1.0,2022-2024,2023-2025,False,False,False,2023-2025,3.0,2024
3515301,Estrela do Norte,2749,2024,2023,25351.764277919243,82.31594524602293,92.42,1088.0,84.65499485066942,81.77136972193615,2022,0.0,0.0,485.02485752394807,0.0,0.0,0.0,642.6579362192313,0.0,24.251242876197406,24.251242876197406,97,112,0.16964285714285715,0.6111111111111112,0.16071428571428573,,,0.03571428571428571,C+,C,C,B+,C+,C,C,C,1.6667,1.3333,1.0,3.3333,2.3333,1.3333,1.0,1.0,2022-2024,2023-2025,False,True,False,2023-2025,3.0,2024
3515350,Euclides da Cunha Paulista,7928,2024,2023,20460.141271442986,62.25391216557294,88.36,882.4,64.52680344142951,73.59364659166116,2022,0.0,8.409014463504878,533.9724184325597,0.0,0.0,4.204507231752439,336.3605785401951,12.613521695257315,46.249579549276824,25.22704339051463,230,270,0.24074074074074073,0.4528301886792453,0.3925925925925926,1.2222222222222223,0.4444444444444444,0.05185185185185185,C+,C,C+,B,B,B,A,B+,2.0,1.6667,2.0,2.6667,2.0,3.3333,4.3333,3.0,2022-2024,2023-2025,False,False,False,2023-2025,3.0,2024
3515400,Fartura,16984,2024,2023,33348.73999057937,80.85451595457003,95.36,1166.67,87.78331457964957,94.93650538498632,2022,9.813157481551263,11.775788977861517,529.9105040037682,19.626314963102526,0.0,0.0,698.69681268645,37.2899984298948,64.76683937823834,113.83262678599465,757,875,0.28,0.5403225806451613,0.2834285714285714,1.4074074074074074,0.4074074074074074,0.12,C,C,B,C+,C+,C+,C,C,1.0,1.0,3.0,1.3333,1.6667,1.6667,1.0,1.3333,2022-2024,2023-2025,False,False,False,2023-2025,3.0,2024
3515509,Fernandópolis,73286,2024,2023,38079.687798488114,96.79571825920829,96.22,1325.0,98.09565185909273,97.9399732087904,2022,1.8193561298656404,8.187102584395383,463.4809740832719,22.741951623320507,2.2741951623320507,0.4548390324664101,688.6262951541449,56.400040025834855,32.74841033758153,169.65495910997097,3180,4433,0.45003383713061135,0.5291666666666667,0.10827881795623731,1.9906542056074767,0.45794392523364486,0.1182043762688924,C+,C,C+,C+,B,C+,B,B,2.0,1.0,3.0,2.3333,2.6667,2.6667,2.6667,2.0,2022-2024,2023-2025,False,False,False,2023-2025,3.0,2024
3515608,Fernando Prestes,6066,2024,2023,46432.90471480382,90.00336587007742,93.65,1257.0,91.59964253798034,92.98480786416444,2022,5.495109352676118,5.495109352676118,467.08429497747005,49.45598417408506,5.495109352676118,0.0,659.4131223211342,137.37773381690295,0.0,131.88262446422684,266,306,0.3366013071895425,0.5172413793103449,0.1895424836601307,0.9310344827586207,0.20689655172413793,0.08496732026143791,C+,C,B,C+,B+,B,C,C,2.0,1.0,2.6667,1.6667,3.3333,3.0,2.0,1.0,2022-2024,2023-2025,False,False,False,2023-2025,3.0,2024
3515657,Fernão,1689,2024,2023,60766.133806986385,60.5072463768116,94.95,1050.0,79.28221859706362,96.4110929853181,2022,0.0,0.0,453.91750542727453,98.67771857114663,0.0,0.0,710.4795737122558,39.47108742845866,118.41326228537595,39.47108742845866,74,94,0.22340425531914893,0.4230769230769231,0.2765957446808511,,,0.06382978723404255,C+,C,B,B,B+,B,C,C,1.6667,1.0,2.6667,2.3333,3.3333,3.3333,1.0,1.0,2022-2024,2023-2025,False,True,False,2023-2025,3.0,2024
3515707,Ferraz de Vasconcelos,185622,2024,2023,29759.301160422794,99.15289233138763,96.15,968.0,92.17631033751488,99.45841014012822,2022,5.2077160394062485,8.6196679272931,305.1003293431454,611.4576935923543,129.47459532454846,6.285174530317886,786.9038511957993,230.21696422478658,27.29561510309482,32.862483972804945,11936,12320,0.7291396103896104,0.40717948717948715,0.23741883116883117,1.5097402597402598,0.3046536796536797,0.3838474025974026,B,C,B,B+,B,B,B,C+,2.0,1.0,2.3333,2.3333,2.3333,2.3333,1.6667,2.0,2022-2024,2023-2025,False,False,False,2023-2025,3.0,2024
3515806,Flora Rica,1492,2024,2023,44011.39410187668,81.77538668459987,91.82,1200.0,94.91803278688523,86.88524590163934,2022,0.0,44.68275245755139,513.851653261841,0.0,0.0,0.0,647.8999106344951,22.341376228775694,22.341376228775694,0.0,56,63,0.1746031746031746,0.5,0.12698412698412698,6.0,0.0,0.015873015873015872,C,C,B,C+,C+,B,C,C,1.0,1.0,2.0,1.3333,1.3333,2.0,1.0,1.0,2022-2024,2023-2025,False,True,False,2023-2025,3.0,2024
3515905,Floreal,2756,2024,2023,47594.702467343974,83.71752652762532,93.7,1212.0,99.73309608540926,93.68327402135232,2022,12.094823415578132,12.094823415578132,628.930817610063,0.0,12.094823415578132,0.0,592.6463473633286,72.5689404934688,24.189646831156264,24.189646831156264,114,133,0.24812030075187969,0.75,0.09022556390977443,0.5714285714285714,0.14285714285714285,0.045112781954887216,B,C+,B,B,B,B,B+,B,3.0,2.0,2.6667,3.6667,2.6667,3.0,4.0,3.0,2022-2024,2023-2025,False,True,False,2023-2025,3.0,2024
3516002,Flórida Paulista,13171,2024,2023,27460.633209323514,80.72233369347121,94.71,1020.0,96.1297798377752,94.39165701042874,2022,5.061625287879938,10.123250575759876,427.7073368258548,7.592437931819907,2.530812643939969,0.0,215.11907473489737,7.592437931819907,43.02381494697948,156.91038392427808,346,419,0.2553699284009546,0.47058823529411764,0.081145584725537,0.6666666666666666,0.3333333333333333,0.06205250596658711,C+,C,B+,C,B,C,C+,C,2.0,1.6667,3.3333,1.0,2.3333,1.0,1.6667,1.0,2022-2024,2023-2025,False,False,False,2023-2025,3.0,2024
3516101,Florínea,3987,2024,2023,54216.453473789814,65.80109062581147,93.24,1125.0,90.03795066413662,95.63567362428842,2022,25.081514923501377,8.36050497450046,551.7933283170303,16.72100994900092,0.0,8.36050497450046,451.4672686230248,8.36050497450046,41.802524872502296,242.4546442605133,162,186,0.20430107526881722,0.6818181818181818,0.11827956989247312,15.0,0.0,0.06451612903225806,C+,C,C,B,B+,B,B,C+,2.0,1.0,1.6667,2.6667,3.3333,3.6667,3.6667,3.0,2022-2024,2023-2025,False,True,False,2023-2025,3.0,2024
3516200,Franca,364331,2024,2023,39457.71015916845,98.5181655206844,97.88,1250.0,99.17370877338357,99.64509345611744,2022,5.763989339364479,7.044875859223252,298.3550672328185,73.1020235262257,23.78789251166293,0.5489513656537599,1176.494268490283,127.3567168316723,30.5582926880593,113.72442458460392,20294,24348,0.5620174141613274,0.6223653395784543,0.21044849679645145,1.3119440914866582,0.30495552731893266,0.13463118120584852,C+,C,C+,B,B,C+,C+,B+,2.0,1.0,3.0,2.3333,3.0,2.6667,3.3333,3.3333,2022-2024,2023-2025,False,False,False,2023-2025,3.0,2024
3516309,Francisco Morato,171107,2024,2023,13076.431706476065,99.53675388612018,94.88,833.33,78.84615384615384,98.71505861136158,2022,5.259866633159368,5.844296259065965,412.41250601475485,444.75094531491993,74.22256249013775,4.675437007252771,671.1200204160749,77.33952049497293,54.93638483522007,53.377905832802476,9260,9867,0.6906861254687342,0.49441340782122906,0.2539779061518192,1.628719275549806,0.6015523932729625,0.27647714604236345,C+,C,B,C+,B,C,B+,B+,1.6667,1.0,2.6667,1.6667,2.3333,1.0,3.6667,2.6667,2022-2024,2023-2025,False,False,False,2023-2025,3.0,2024
3516408,Franco da Rocha,149786,2024,2023,36305.72283123923,96.01308949319638,95.96,1076.0,84.45426711814919,99.28222388937328,2022,6.676191366349324,6.453651654137681,437.95815363251575,249.68955710146477,99.92033078302822,7.121270790772614,751.7391478509339,87.45810689917616,46.28826014002198,120.3939843064995,8150,8871,0.5802051628903168,0.4230222643297016,0.2379664073948822,1.6196172248803828,0.6136363636363636,0.1897193101115996,C,C,C,C+,B,C,B+,C+,1.0,1.0,2.3333,2.0,2.3333,1.0,3.6667,2.3333,2022-2024,2023-2025,False,False,False,2023-2025,3.0,2024
3516507,Gabriel Monteiro,2811,2024,2023,44096.76271789399,88.99746652189648,94.75,1356.0,97.10550887021476,95.4248366013072,2022,11.858176212498517,0.0,296.45440531246294,11.858176212498517,0.0,0.0,450.6106960749437,11.858176212498517,47.43270484999407,23.716352424997034,72,89,0.23595505617977527,0.45454545454545453,0.12359550561797752,,,0.0449438202247191,C+,C,B,C,C+,B,B,C,2.0,1.0,3.0,1.0,2.6667,2.6667,2.3333,1.0,2022-2024,2023-2025,False,True,False,2023-2025,3.0,2024
3516606,Gália,6435,2024,2023,34319.96891996892,80.79937304075236,93.43,1180.0,92.33920524375256,93.19950839819748,2022,10.36001036001036,25.900025900025902,833.9808339808341,51.800051800051804,0.0,0.0,1072.2610722610723,31.08003108003108,77.7000777000777,243.46024346024345,453,552,0.21195652173913043,0.4563106796116505,0.18659420289855072,4.75,0.25,0.07789855072463768,B,B,B,B,C+,C,C,C,2.3333,2.0,2.3333,3.0,2.6667,1.3333,1.0,1.0,2022-2024,2023-2025,False,False,False,2023-2025,3.0,2024
3516705,Garça,43115,2024,2023,43923.59967528702,94.81833293754453,95.89,1212.0,98.78889389937513,97.96431102235393,2022,7.731261355290116,13.143144303993196,411.3031041014342,43.29506358962465,1.5462522710580233,0.0,1025.9383818469983,47.160694267269704,54.89195562255982,316.20858943136574,2485,3129,0.4912112496005113,0.48743718592964824,0.12719718759987217,7.482758620689655,0.3793103448275862,0.06168104825822947,B,C,B+,B,B+,B+,B,B+,2.6667,1.0,3.3333,3.0,3.0,3.3333,3.6667,4.0,2022-2024,2023-2025,False,False,False,2023-2025,3.0,2024
3516804,Gastão Vidigal,3235,2024,2023,31512.21020092736,90.52890528905289,90.92,1165.0,92.93739967897272,97.59229534510432,2022,0.0,0.0,432.76661514683155,10.303967027305513,0.0,0.0,700.6697578567748,51.51983513652757,20.607934054611025,103.03967027305514,128,138,0.2318840579710145,0.5294117647058824,0.3695652173913043,2.6666666666666665,0.0,0.07971014492753623,C+,C,B,C+,B,C+,C,C,1.3333,1.0,3.0,1.6667,2.3333,2.0,1.0,1.0,2022-2024,2023-2025,False,True,False,2023-2025,3.0,2024
3516853,Gavião Peixoto,4797,2024,2023,361816.34354805085,89.91918332624415,94.26,1200.0,99.8780487804878,98.04878048780488,2022,0.0,13.897574873184631,243.20756028073103,20.846362309776943,13.897574873184631,6.9487874365923155,542.0054200542005,41.692724619553886,20.846362309776943,55.590299492738524,138,167,0.4431137724550898,0.6842105263157895,0.2275449101796407,3.1666666666666665,0.3333333333333333,0.1317365269461078,B,C,B,B+,B,B,C,B+,2.0,1.0,2.6667,3.0,3.0,2.0,1.0,4.0,2022-2024,2023-2025,False,True,False,2023-2025,3.0,2024
3516903,General Salgado,10449,2024,2023,33392.956263757296,89.40069821567106,93.79,1212.0,97.06394625528738,95.5710375715352,2022,3.1900979360066355,9.570293808019906,287.1088142405972,22.330685552046447,0.0,0.0,510.4156697610616,6.380195872013271,28.71088142405972,57.42176284811944,290,340,0.24411764705882352,0.5306122448979592,0.28823529411764703,4.0,0.0,0.10882352941176471,C,C,C+,B,B,C,C,C,1.0,1.0,2.0,2.0,2.6667,1.0,1.6667,1.3333,2022-2024,2023-2025,False,False,False,2023-2025,3.0,2024
3517000,Getulina,10355,2024,2023,26348.7204249155,76.5539483971853,94.52,1000.0,93.83802816901408,93.7206572769953,2022,0.0,19.31434089811685,521.487204249155,16.095284081764042,0.0,3.2190568163528086,540.8015451472718,38.6286817962337,28.97151134717528,61.16207951070336,382,432,0.33564814814814814,0.6493506493506493,0.17824074074074073,1.2,0.0,0.09722222222222222,C+,C,B,B,B,C+,A,C,2.0,1.0,3.0,2.6667,3.0,1.3333,4.3333,1.0,2022-2024,2023-2025,False,False,False,2023-2025,3.0,2024
3517109,Glicério,4173,2024,2023,45145.45890246825,82.93861768970517,94.08,1066.67,85.69587628865979,95.03865979381445,2022,7.987858455148174,23.963575365444527,407.38078121255694,15.975716910296349,0.0,0.0,758.8465532390766,55.91500918603722,39.93929227574087,79.87858455148174,174,197,0.28426395939086296,0.7391304347826086,0.233502538071066,3.375,0.75,0.05583756345177665,C+,C,B,B,B,C,C,C+,2.0,1.0,2.6667,3.0,3.3333,1.6667,1.6667,2.0,2022-2024,2023-2025,False,True,False,2023-2025,3.0,2024
3517208,Guaiçara,11459,2024,2023,27127.323501178114,92.94421211851588,95.56,1033.33,97.59819864898674,98.24868651488616,2022,5.817843325479244,11.635686650958489,628.3270791517584,46.542746603833955,11.635686650958489,0.0,1035.5761119353056,104.72117985862641,40.72490327835472,72.72304156849056,673,795,0.3119496855345912,0.6792452830188679,0.26666666666666666,5.185185185185185,0.2222222222222222,0.06792452830188679,C,C,B,C,B,C,C,C,1.0,1.0,2.3333,1.0,2.6667,1.0,1.0,1.0,2022-2024,2023-2025,False,False,False,2023-2025,3.0,2024
3517307,Guaimbê,5606,2024,2023,105917.23153763825,88.47968069666183,92.83,1000.0,94.70873786407768,94.51456310679612,2022,23.784040908550363,29.730051135687955,796.7653704364373,35.67606136282554,0.0,0.0,1064.3358306576288,17.83803068141277,77.29813295278868,89.19015340706386,359,394,0.3553299492385787,0.41904761904761906,0.26649746192893403,15.0,0.0,0.11928934010152284,C+,C,B,B+,B,C,A,C+,1.6667,1.0,2.3333,3.0,3.0,1.0,3.3333,1.3333,2022-2024,2023-2025,False,False,False,2023-2025,3.0,2024
3517406,Guaíra,40424,2024,2023,80000.9400356224,96.83545915120038,96.07,1250.0,98.1845379751139,97.85136329638948,2022,9.895111814763506,24.737779536908768,422.1914374299096,32.1591133979814,9.070519163533215,1.6491853024605845,638.2347120522462,40.40503991028432,47.82637377135695,379.3126195659344,1947,2380,0.4294117647058823,0.5450346420323325,0.1819327731092437,2.508771929824561,0.38596491228070173,0.09411764705882353,C,C,B,C+,B,C,C,C+,1.0,1.0,2.6667,1.3333,2.3333,1.0,1.0,1.3333,2022-2024,2023-2025,False,False,False,2023-2025,3.0,2024
3517505,Guapiaçu,22316,2024,2023,50819.00878293601,93.427294919626,95.26,1325.0,97.07821590174532,96.5093729799612,2022,5.97478640138615,10.455876202425763,403.29808209356514,38.836111609009976,8.962179602079225,0.0,655.73280755213,49.291987811435746,31.367628607277286,77.67222321801995,858,1004,0.34860557768924305,0.5625,0.1752988047808765,2.789473684210526,0.42105263157894735,0.06872509960159362,C,C,C,C+,B,C,C,C,1.0,1.0,2.0,2.0,3.3333,1.0,1.0,1.0,2022-2024,2023-2025,False,False,False,2023-2025,3.0,2024
3517604,Guapiara,17256,2024,2023,33911.79879462216,40.46042996895319,91.3,750.0,43.03118908382066,89.89603638726446,2022,7.726781023025808,11.59017153453871,336.1149745016226,44.428990882398395,1.931695255756452,0.0,475.19703291608715,17.385257301808068,38.63390511512904,44.428990882398395,506,579,0.24179620034542315,0.625,0.23488773747841105,2.1666666666666665,0.3333333333333333,0.13298791018998274,C,C,C,C,C+,C,C,C,1.0,1.0,1.0,1.0,2.0,1.0,1.0,1.0,2022-2024,2023-2025,False,False,False,2023-2025,3.0,2024
3517703,Guará,18790,2024,2023,45487.7594465141,97.54380307427712,93.72,1053.0,97.36566382278102,97.65005238736715,2022,5.321979776476849,8.869966294128082,548.1639169771155,108.21358878836261,26.609898882384247,15.965939329430547,1350.008869966294,33.705871917686714,51.44580450594288,118.85754834131632,1278,1897,0.4554559831312599,0.6346749226006192,0.17026884554559832,1.1571428571428573,0.22857142857142856,0.12967843964153927,C,C,C,C+,C,C,C,B+,1.0,1.0,1.0,2.0,1.3333,1.6667,1.0,3.6667,2022-2024,2023-2025,False,False,False,2023-2025,3.0,2024
3517802,Guaraçaí,7486,2024,2023,50020.571733903285,79.10227120010751,93.2,1212.0,89.25535532131927,86.16116967018021,2022,8.90551251224508,0.0,267.1653753673524,0.0,0.0,0.0,427.46460058776387,13.358268768367621,13.358268768367621,44.527562561225395,174,213,0.2535211267605634,0.6388888888888888,0.16901408450704225,,,0.07981220657276995,C+,C,B,B,B,C,C,C,1.6667,1.0,2.3333,2.3333,2.6667,1.0,1.0,1.0,2022-2024,2023-2025,False,False,False,2023-2025,3.0,2024
3517901,Guaraci,10542,2024,2023,62652.81730221969,93.08212560386472,93.48,1153.0,93.9463601532567,95.93869731800766,2022,9.485866059571238,6.3239107063808255,708.2779991146525,22.13368747233289,6.3239107063808255,0.0,796.8127490039841,34.781508885094546,75.8869284765699,196.0412318978056,587,672,0.27529761904761907,0.5833333333333334,0.08928571428571429,0.9333333333333333,0.06666666666666667,0.08035714285714286,C+,C+,C+,C+,B,C,B+,C,1.3333,1.3333,2.3333,2.0,2.3333,1.0,2.0,1.0,2022-2024,2023-2025,False,False,False,2023-2025,3.0,2024
3518008,Guarani d'Oeste,1999,2024,2023,24344.672336168085,86.99186991869918,91.89,1066.67,91.33663366336634,95.29702970297028,2022,16.67500416875104,0.0,566.9501417375354,16.67500416875104,0.0,0.0,533.6001334000333,33.35000833750208,183.42504585626148,116.72502918125728,88,108,0.3333333333333333,0.42105263157894735,0.17592592592592593,2.5,0.0,0.009259259259259259,C+,C+,B,B,B,C,C,C,1.6667,1.3333,2.6667,2.6667,3.0,1.6667,1.0,1.0,2022-2024,2023-2025,False,True,False,2023-2025,3.0,2024
3518107,Guarantã,6531,2024,2023,47779.053743683966,81.85778745915668,92.76,1014.29,84.880174291939,87.7124183006536,2022,5.103863624763946,35.72704537334762,791.0988618384117,30.62318174858368,10.207727249527892,0.0,734.9563619660082,35.72704537334762,81.66181799622314,122.49272699433472,362,423,0.27423167848699764,0.66,0.1182033096926714,6.2,0.6,0.061465721040189124,C+,C,B,C+,B,B,C,B+,1.6667,1.0,2.6667,1.6667,2.6667,2.6667,1.0,3.0,2022-2024,2023-2025,False,False,False,2023-2025,3.0,2024
3518206,Guararapes,31872,2024,2023,53918.423694779114,95.04236059659182,95.22,1200.0,97.47617821272212,96.9525281140012,2022,7.32095046854083,9.41265060240964,323.1676706827309,35.558902275769746,3.1375502008032123,0.0,583.5843373493975,30.329651941097723,24.0545515394913,88.89725568942437,1057,1359,0.43414275202354674,0.55,0.19131714495952906,2.1025641025641026,0.8205128205128205,0.08682855040470934,C,C,B,C,C,C,C,C,1.3333,1.0,3.3333,1.0,2.0,1.6667,1.6667,1.0,2022-2024,2023-2025,False,False,False,2023-2025,3.0,2024
3518305,Guararema,32436,2024,2023,62728.54236034036,82.35369445511589,95.21,1137.33,86.50550243550424,98.295147032293,2022,3.082994203970897,14.387306285197518,464.50446006494843,94.54515558844084,40.078924651621655,22.608624162453243,838.5744234800839,32.8852715090229,56.5215604061331,38.02359518230772,1562,1780,0.48707865168539327,0.4031890660592255,0.24662921348314606,2.6875,0.13194444444444445,0.19662921348314608,B,C,B,B+,B+,C+,C,C,2.3333,1.0,2.3333,3.3333,3.3333,1.6667,1.0,2.3333,2022-2024,2023-2025,False,False,False,2023-2025,3.0,2024
3518404,Guaratinguetá,121710,2024,2023,68768.55640456824,95.89559825149944,97.67,1212.0,91.27073141629876,99.41773058107624,2022,16.70637855010544,19.71900419028839,289.75981157395995,134.74652863363735,26.565880645249635,1.0955002327937995,655.3830142688905,53.405636348697726,30.947881576424834,119.95727549092103,4923,5876,0.5258679373723621,0.5446127946127947,0.2021783526208305,2.011627906976744,0.5658914728682171,0.15571817562968004,C,C,B,C,C+,C,C,C+,1.3333,1.0,2.6667,1.6667,2.3333,1.0,1.6667,2.0,2022-2024,2023-2025,False,False,False,2023-2025,3.0,2024
3518503,Guareí,15268,2024,2023,25294.799580822637,54.23965896223273,95.07,1141.33,73.13994685562444,94.24269264836138,2022,8.732861758798357,26.198585276395075,334.0319622740372,24.015369836695484,0.0,0.0,316.56623875644044,17.465723517596714,41.4810933542922,224.87119028905775,455,531,0.2523540489642185,0.5,0.12429378531073447,1.875,0.75,0.0696798493408663,C,C,B,C+,B,C,C,C,1.3333,1.0,3.0,1.6667,2.6667,1.0,1.0,1.0,2022-2024,2023-2025,False,False,False,2023-2025,3.0,2024
3518602,Guariba,38609,2024,2023,39317.10223004999,96.9385033868473,94.05,1040.2,99.06991164160596,99.61246318400248,2022,11.223635249121536,18.130487710119404,266.77717630604263,107.05621314546694,91.51579510822174,0.8633565576247335,506.7902993257186,89.78908199297229,15.540418037245201,227.92613121292962,1547,1823,0.5161821173889194,0.606694560669456,0.13110257816785517,1.608695652173913,0.31521739130434784,0.19583104772353263,B,C,B,B,B,C+,B,B,2.6667,1.0,3.0,3.3333,2.3333,2.0,3.3333,2.6667,2022-2024,2023-2025,False,False,False,2023-2025,3.0,2024
3518701,Guarujá,294973,2024,2023,39109.881243368036,99.72360708400258,96.15,1000.33,89.4906829798366,99.77160220549764,2022,7.797323822858363,11.639483387745093,295.28126303085367,694.413839006734,21.35788699304682,13.899577249443169,1355.3782888603364,77.86023353549872,29.26821550899009,79.32929454560248,22886,24912,0.7549775208734746,0.35490168735183375,0.2878532434168272,2.143239625167336,0.39357429718875503,0.3254656390494541,C,C,C,C,C+,C,C,B+,1.6667,1.0,2.0,1.6667,1.6667,1.0,2.6667,3.6667,2022-2024,2023-2025,False,False,False,2023-2025,3.0,2024
3518800,Guarulhos,1345364,2024,2023,72513.96202068734,99.95208128995,96.78,1133.33,93.15184026953185,99.308636604751,2022,5.500370160045906,4.657971126525362,289.7109382045801,388.6680482010816,112.80714116526582,18.30979075799065,1069.722890360279,235.7726236171029,28.66634358186087,49.106908365815244,88912,94821,0.75359888632265,0.427563039503338,0.2480146802923403,1.0913461538461537,0.2617753623188406,0.28453612596365785,C+,C,B,C,C+,C,B+,B,2.0,1.0,2.6667,1.3333,2.0,1.3333,4.0,3.3333,2022-2024,2023-2025,False,False,False,2023-2025,3.0,2024
3518859,Guatapará,7462,2024,2023,47413.29402305012,83.45628415300547,93.33,1112.5,98.499802605606,92.6964074220292,2022,17.868310551237382,8.934155275618691,616.4567140176896,40.2036987402841,26.80246582685607,0.0,848.7447511837756,62.53908692933083,67.00616456714017,433.3065308675065,475,566,0.48939929328621906,0.5571428571428572,0.24734982332155478,1.2142857142857142,0.32142857142857145,0.06890459363957598,C,C,C,C+,B,C,C,C,1.0,1.0,1.0,2.0,2.6667,1.0,1.0,1.0,2022-2024,2023-2025,False,False,False,2023-2025,3.0,2024
3518909,Guzolândia,4276,2024,2023,28100.093545369506,87.89448893075836,90.03,1000.0,92.63803680981594,95.58282208588956,2022,15.590894917368257,38.97723729342064,623.6357966947303,15.590894917368257,0.0,0.0,717.1811661989399,15.590894917368257,31.181789834736513,163.7043966323667,208,230,0.2608695652173913,0.6119402985074627,0.5826086956521739,11.0,0.0,0.1608695652173913,C+,C,B,C+,B,C+,C,C,2.0,1.0,3.0,2.3333,2.6667,2.3333,1.0,1.0,2022-2024,2023-2025,False,True,False,2023-2025,3.0,2024
3519006,Herculândia,9302,2024,2023,59416.14706514728,89.4904109589041,94.53,1000.0,94.88962806168732,93.89174478379196,2022,10.75037626316921,14.333835017558947,304.5939941231277,14.333835017558947,0.0,0.0,462.26617931627607,25.084211280728155,39.41804629828711,82.41955135096396,266,334,0.2994011976047904,0.525,0.23952095808383234,3.3333333333333335,0.6666666666666666,0.05389221556886228,C,C,C,B,C+,C,C+,C,1.0,1.0,1.6667,2.0,2.0,1.0,1.3333,1.0,2022-2024,2023-2025,False,False,False,2023-2025,3.0,2024
3519055,Holambra,15596,2024,2023,115839.51013080277,79.1970319332185,96.51,1633.33,95.13848537671896,99.41894247530504,2022,6.411900487304436,6.411900487304436,188.0824142942635,14.961101137043686,25.647601949217744,0.0,508.6774386594853,49.157903736000684,29.922202274087372,23.510301786782936,399,550,0.6345454545454545,0.4144144144144144,0.2018181818181818,1.096774193548387,0.3225806451612903,0.1,C+,C,C+,C+,B,C+,C,A,2.0,1.0,2.6667,1.6667,3.0,2.6667,1.6667,3.6667,2022-2024,2023-2025,False,False,False,2023-2025,3.0,2024
3519071,Hortolândia,247331,2024,2023,89612.39796062766,99.667428721143,96.93,1233.33,98.30697259968812,99.96534739239128,2022,7.9515574944777105,7.81678533355436,281.808588490727,280.05655039872346,110.78271627899454,1.2129494483101593,724.4003649630117,206.87526701734382,35.44507832284132,157.00956747570393,13455,15655,0.6510380070265092,0.45610494450050454,0.18990737783455766,1.1542656797818465,0.39111803661862093,0.23992334717342703,B,C,B,B,C+,B+,C+,B,2.3333,1.0,3.0,2.0,2.0,3.6667,2.0,3.3333,2022-2024,2023-2025,False,False,False,2023-2025,3.0,2024
3519105,Iacanga,10633,2024,2023,64660.02069030377,93.49429912810194,96.52,1100.33,99.62092494313876,93.60626737427344,2022,3.134894510799712,31.348945107997114,601.8997460735446,31.348945107997114,9.404683532399135,0.0,1094.0781842690994,47.02341766199567,53.2932066835951,50.15831217279539,613,691,0.22286541244573083,0.5328467153284672,0.19826338639652677,2.5,0.4166666666666667,0.0694645441389291,C,C,C+,C+,B,C,C,A,1.3333,1.0,2.0,2.6667,3.0,1.6667,1.0,4.0,2022-2024,2023-2025,False,False,False,2023-2025,3.0,2024
3519204,Iacri,6207,2024,2023,59953.92299017239,83.95041591909965,93.42,1058.4,86.01769911504424,89.46902654867257,2022,10.740561731378552,5.370280865689276,316.84657107566727,10.740561731378552,0.0,0.0,467.214435314967,16.110842597067826,16.110842597067826,166.47870683636754,188,265,0.32075471698113206,0.6111111111111112,0.2037735849056604,2.0,0.25,0.09811320754716982,B,B+,B,B,B+,C+,C,B,3.0,3.0,3.3333,3.0,3.6667,1.6667,1.0,1.6667,2022-2024,2023-2025,False,False,False,2023-2025,3.0,2024
3519253,Iaras,8257,2024,2023,39482.499697226594,39.8876404494382,94.63,1000.0,83.58458961474037,71.52428810720268,2022,8.073957450244238,28.25885107585483,444.067659763433,12.110936175366357,4.036978725122119,0.0,383.5129788866013,8.073957450244238,72.66561705219813,238.181744782205,297,332,0.16265060240963855,0.4444444444444444,0.21686746987951808,8.0,0.5,0.060240963855421686,C,C,B,C,C,C,C,C,1.0,1.0,2.6667,2.3333,1.3333,1.3333,1.0,1.0,2022-2024,2023-2025,False,False,False,2023-2025,3.0,2024
3519303,Ibaté,33110,2024,2023,45812.05073995772,98.59531356827648,95.08,1000.0,99.30580598629642,99.63036422646952,2022,8.053961542333635,7.047216349541931,385.5834088392228,58.39122118191886,13.087687506292157,1.0067451927917044,705.7283801469848,60.40471156750227,22.1483942414175,157.0522500755059,1409,1645,0.4668693009118541,0.5052854122621564,0.2875379939209726,1.844155844155844,0.24675324675324675,0.0972644376899696,C,C,C+,B,C,C,C,B,1.0,1.0,2.0,2.6667,1.0,1.0,1.0,3.0,2022-2024,2023-2025,False,False,False,2023-2025,3.0,2024
3519402,Ibirá,11934,2024,2023,35040.891570303334,95.02138579982892,94.85,1306.0,99.09173478655768,97.5022706630336,2022,0.0,2.7931400480420088,335.1768057650411,19.55198033629406,2.7931400480420088,0.0,603.3182503770739,33.517680576504105,50.27652086475615,111.72560192168035,415,516,0.5465116279069767,0.5981308411214953,0.20736434108527133,6.75,0.5,0.07364341085271318,C+,C+,C+,B,B,C,C,C,2.3333,3.0,2.3333,3.0,3.0,1.0,1.0,1.6667,2022-2024,2023-2025,False,False,False,2023-2025,3.0,2024
3519501,Ibirarema,6461,2024,2023,51290.35752979415,94.3461237274863,94.59,1131.0,98.66833125260092,96.58759883478984,2022,5.159160088737553,10.318320177475107,531.393489139968,15.477480266212662,5.159160088737553,0.0,655.2133312696693,10.318320177475107,20.636640354950213,77.3874013310633,258,283,0.2862190812720848,0.6842105263157895,0.13427561837455831,2.6666666666666665,0.3333333333333333,0.0812720848056537,C+,C,C+,B,B,B,A,C+,1.6667,1.0,2.3333,2.0,3.0,3.3333,4.3333,3.3333,2022-2024,2023-2025,False,False,False,2023-2025,3.0,2024
3519600,Ibitinga,61908,2024,2023,40848.27485946889,97.03662985358054,96.45,1200.0,97.9246387250709,99.13113942286049,2022,9.691800736576855,10.768667485085395,572.3546768322888,55.99707092244406,15.076134479119553,1.6153001227628092,1124.2488854429153,62.996704787749565,47.920570308630005,185.75951411772309,3875,4287,0.370888733379986,0.5597416576964478,0.2167016561698157,2.2661290322580645,0.3709677419354839,0.10776766969909027,C,C,C+,C+,C+,C,C,C,1.0,1.0,2.3333,1.3333,2.0,1.0,1.3333,1.3333,2022-2024,2023-2025,False,False,False,2023-2025,3.0,2024
3519709,Ibiúna,77651,2024,2023,38937.05167995261,69.70967528602606,93.94,1000.0,58.06769884638737,93.51851851851852,2022,9.873236232201346,6.868338248487893,426.6955136873103,96.58600661936099,64.39067107957399,1.7170845621219732,688.9801805514418,90.14693951140359,51.0832657231287,69.9711959064704,3509,4107,0.46968590211833455,0.5829207920792079,0.1967372778183589,1.4302884615384615,0.31009615384615385,0.17409301193084978,C,C,C,C,C,C,C,B,1.0,1.6667,1.0,1.0,1.0,1.0,1.0,2.0,2022-2024,2023-2025,False,False,False,2023-2025,3.0,2024
3519808,Icém,7969,2024,2023,33119.839377588156,83.85982862258601,95.39,1200.0,95.1426368542791,97.6484194294526,2022,4.182875308487054,12.548625925461163,510.31078763542064,29.280127159409375,12.548625925461163,0.0,568.8710419542393,33.46300246789643,96.20613209520224,163.13213703099512,342,420,0.20238095238095238,0.6506024096385542,0.1976190476190476,1.25,0.0,0.0880952380952381,C,C,C,C+,B,C,C,C,1.6667,1.0,2.0,2.6667,2.6667,1.6667,1.0,1.0,2022-2024,2023-2025,False,False,False,2023-2025,3.0,2024
3519907,Iepê,7739,2024,2023,65090.06331567386,88.30555190969943,95.12,1133.33,92.27852464667356,95.69114098586694,2022,0.0,8.614377395873714,413.4901150019382,12.921566093810569,0.0,0.0,633.1567385967179,12.921566093810569,34.457509583494854,68.91501916698971,275,302,0.23509933774834438,0.6385542168674698,0.27483443708609273,2.0,0.0,0.09933774834437085,B,B,B,B,B+,C,C,C,2.6667,3.3333,2.6667,2.3333,3.3333,1.0,1.0,1.0,2022-2024,2023-2025,False,False,False,2023-2025,3.0,2024
3520004,Igaraçu do Tietê,23430,2024,2023,20400.170721297483,98.7405868605557,94.19,1133.33,98.46210179421458,98.90150128158184,2022,2.8453549580310145,11.381419832124058,412.57646891449707,21.340162185232607,8.536064874093043,0.0,917.6269739650021,25.60819462227913,54.061744202589274,239.0098164746052,1190,1374,0.4796215429403202,0.5627376425855514,0.19141193595342068,2.782608695652174,0.4782608695652174,0.09024745269286755,C,C,B,C+,C+,C,C,C,1.0,1.0,3.0,1.3333,2.6667,1.0,1.3333,1.0,2022-2024,2023-2025,False,False,False,2023-2025,3.0,2024
3520103,Igarapava,26755,2024,2023,53153.50401794057,97.23027620936976,94.84,1200.0,98.73186567921272,98.59997970985089,2022,6.229365227683299,6.229365227683299,345.10683361365477,48.58904877592973,7.475238273219959,11.212857409829939,951.8470067900081,39.86793745717311,32.392699183953155,73.50650968666294,1222,1807,0.48422800221361373,0.6632996632996633,0.16436081903707803,2.076923076923077,0.2692307692307692,0.1344770337576093,C,C,C+,C,B,C,C,B,1.0,1.0,2.3333,1.0,2.6667,1.3333,1.0,2.3333,2022-2024,2023-2025,False,False,False,2023-2025,3.0,2024
3520202,Igaratá,10904,2024,2023,32388.389581804844,74.1159830268741,92.85,1033.33,66.53082017320428,95.8481915435558,2022,18.34189288334556,9.17094644167278,415.7495720224994,82.53851797505503,55.02567865003668,48.91171435558817,1091.3426265590608,110.05135730007336,61.1396429444852,64.19662509170946,640,710,0.45492957746478874,0.5498154981549815,0.3816901408450704,1.101123595505618,0.1797752808988764,0.18450704225352113,C,C,B,B,B,C,C,C+,1.0,1.0,3.0,2.6667,2.0,1.0,1.0,1.3333,2022-2024,2023-2025,False,False,False,2023-2025,3.0,2024
3520301,Iguape,29881,2024,2023,63480.13788025836,77.15953975613945,94.18,1000.0,83.36408931537184,90.02583502491235,2022,7.808752496011959,10.03982463772966,516.4932008076481,42.390370692636345,3.346608212576554,2.2310721417177026,998.4047834186719,36.81269033834209,74.74091674754303,244.3023995180884,1736,1986,0.38418932527693855,0.5439330543933054,0.2406847935548842,1.3333333333333333,0.6041666666666666,0.11933534743202417,C+,C,C,C+,B,C,C,B+,1.6667,1.3333,1.3333,2.3333,2.6667,1.0,1.3333,4.0,2022-2024,2023-2025,False,False,False,2023-2025,3.0,2024
3520400,Ilhabela,36329,2024,2023,408233.50491343,96.93421881261808,96.72,1350.0,95.12981904012588,99.00078678206135,2022,6.422784368777927,22.02097497866718,751.4657711470176,68.81554680833494,0.0,0.0,1450.6317267197005,89.91898116289099,79.82603429766853,81.6611155458908,2780,3020,0.4456953642384106,0.5442105263157895,0.31456953642384106,2.084507042253521,0.8309859154929577,0.15264900662251657,C+,C,C,C+,B,C+,C,B+,2.3333,1.0,1.6667,2.3333,3.3333,2.0,2.0,3.6667,2022-2024,2023-2025,False,False,False,2023-2025,3.0,2024
3520426,Ilha Comprida,13955,2024,2023,200826.65711214617,97.90595424398242,95.84,1000.0,90.7759604412324,99.67668314948652,2022,14.331780723754928,26.274931326884033,613.877941000836,148.0950674788009,9.554520482503284,0.0,2763.645049564075,69.27027349814881,105.09972530753613,370.2376686970023,1725,1854,0.3969795037756203,0.5494949494949495,0.2669902912621359,1.525,0.35,0.1558791801510248,C+,B,C,B,C,C,C,B,1.6667,1.6667,1.6667,3.0,2.0,1.0,1.0,3.0,2022-2024,2023-2025,False,False,False,2023-2025,3.0,2024
3520442,Ilha Solteira,26240,2024,2023,34974.54268292683,88.6570902970762,96.63,1480.0,89.23124484748557,95.37304204451772,2022,5.08130081300813,13.973577235772359,372.20528455284557,24.13617886178862,1.2703252032520325,1.2703252032520325,1097.560975609756,39.38008130081301,30.48780487804878,66.05691056910568,1300,1615,0.34241486068111454,0.5914396887159533,0.31826625386996904,6.352941176470588,0.47058823529411764,0.1393188854489164,B,C,B+,B,B,C,B,C+,2.6667,1.3333,2.6667,3.0,3.3333,1.6667,3.6667,2.3333,2022-2024,2023-2025,False,False,False,2023-2025,3.0,2024
3520509,Indaiatuba,267796,2024,2023,105546.24789018507,98.25922392354974,97.88,1666.67,99.077675787061,99.8787865431024,2022,2.6139300064227995,3.9831314383585514,342.4248308413867,70.32716445851818,6.5970614447813505,0.37341857234611425,629.4592401180998,65.59719587546739,29.873485787689138,128.8294074594094,10284,13053,0.5496820654255726,0.4870730928822215,0.24002145100743125,2.3514563106796116,0.47572815533980584,0.1294721519957098,B,C+,B+,B,B,C+,C,B+,3.0,1.6667,3.6667,3.0,3.0,2.6667,2.0,4.0,2022-2024,2023-2025,False,False,False,2023-2025,3.0,2024
3520608,Indiana,5191,2024,2023,19242.149874783277,87.76031434184675,95.47,1246.0,90.51589369463262,96.76915059927045,2022,0.0,6.421370320426378,545.8164772362422,0.0,0.0,0.0,359.59673794387726,38.528221922558274,38.528221922558274,32.1068516021319,159,205,0.36097560975609755,0.5517241379310345,0.28292682926829266,3.0,0.75,0.05365853658536585,C,C,C,C+,B+,C,C,C,1.0,1.0,1.0,2.0,3.6667,1.0,1.0,1.0,2022-2024,2023-2025,False,False,False,2023-2025,3.0,2024
3520707,Indiaporã,4109,2024,2023,40663.66512533463,82.65179677819083,91.57,1200.0,87.36462093862815,95.7280385078219,2022,32.44909548146346,8.112273870365865,681.4310051107326,8.112273870365865,0.0,0.0,835.5642086476839,24.33682161109759,64.89819096292692,24.33682161109759,207,244,0.27049180327868855,0.6808510638297872,0.19262295081967212,5.0,1.0,0.05737704918032787,C+,B,B,C,B,C+,C,C,2.3333,2.0,3.3333,1.6667,3.6667,2.6667,1.3333,1.0,2022-2024,2023-2025,False,True,False,2023-2025,3.0,2024
3520806,Inúbia Paulista,3671,2024,2023,48140.28874965949,92.08852005532503,94.03,1212.0,97.64437689969606,98.86018237082068,2022,0.0,0.0,254.24498320167078,0.0,0.0,0.0,118.04231362934713,9.08017797148824,9.08017797148824,27.240533914464724,46,56,0.26785714285714285,0.4666666666666667,0.26785714285714285,,,0.03571428571428571,C+,C,B+,B,B,C,C,B+,2.6667,1.3333,3.6667,3.0,3.3333,1.0,1.0,3.3333,2022-2024,2023-2025,False,True,False,2023-2025,3.0,2024
3520905,Ipaussu,13933,2024,2023,48669.920333022324,97.11931155192532,95.44,1100.0,98.44421699078812,98.34186284544523,2022,7.177205196296562,7.177205196296562,327.759037297543,16.746812124691978,0.0,4.784803464197708,490.4423550802651,33.493624249383956,28.708820785186248,126.79729180123927,436,520,0.3903846153846154,0.489010989010989,0.35,2.142857142857143,0.14285714285714285,0.05961538461538462,C,C,B,B,C+,C,C,C,1.0,1.0,2.6667,2.3333,1.6667,1.0,1.3333,1.3333,2022-2024,2023-2025,False,False,False,2023-2025,3.0,2024
3521002,Iperó,37999,2024,2023,33974.65722782179,82.95894017937958,95.97,1000.8,82.78793030174245,99.00552486187846,2022,10.526592805073818,9.649376737984333,339.4826179636306,33.334210549400424,17.544321341789697,0.0,447.38019421563723,58.773476494995485,48.24688368992167,176.32042948498645,1301,1447,0.37871458189357293,0.45990566037735847,0.2930200414651002,4.695652173913044,0.3333333333333333,0.13407049067035245,B,C,B+,C+,B,C+,C+,B+,2.3333,1.0,3.3333,2.0,2.6667,2.0,2.3333,4.0,2022-2024,2023-2025,False,False,False,2023-2025,3.0,2024
3521101,Ipeúna,6999,2024,2023,150846.69238462637,92.10950080515298,95.56,1303.0,94.14715719063544,97.9515050167224,2022,19.05034052483688,19.05034052483688,381.0068104967376,19.05034052483688,38.10068104967376,0.0,752.4884507310569,52.38843644330142,23.8129256560461,52.38843644330142,285,339,0.2831858407079646,0.5882352941176471,0.25073746312684364,1.64,0.04,0.058997050147492625,C,C,B,B,B,C+,C,C,1.3333,1.3333,2.3333,3.0,2.0,1.6667,1.0,1.0,2022-2024,2023-2025,False,False,False,2023-2025,3.0,2024
3521150,Ipiguá,7037,2024,2023,24597.271564587183,85.7565448898092,95.98,1106.0,85.56237218813905,95.2965235173824,2022,9.473734072284591,9.473734072284591,454.73923546966034,9.473734072284591,9.473734072284591,0.0,525.7922410117948,85.26360665056133,71.05300554213443,37.894936289138364,256,310,0.36774193548387096,0.6896551724137931,0.1870967741935484,2.4375,0.5625,0.08709677419354839,C,C,B,C,B+,C,C,C,1.0,1.0,3.0,1.0,3.0,1.0,1.0,1.0,2022-2024,2023-2025,False,False,False,2023-2025,3.0,2024
3521200,Iporanga,4091,2024,2023,17313.37081398191,46.786950074147306,93.31,742.4,66.20973269362577,80.67169294037012,2022,8.147967082212988,24.443901246638962,334.0666503707325,8.147967082212988,8.147967082212988,0.0,1140.7153915098183,0.0,73.33170373991689,32.59186832885195,200,211,0.25118483412322273,0.7906976744186046,0.4075829383886256,0.0,1.0,0.08530805687203792,C,C,C+,C,B,C,C,C,1.0,1.0,2.0,1.0,2.3333,1.0,1.0,1.0,2022-2024,2023-2025,False,True,False,2023-2025,3.0,2024
3521309,Ipuã,14691,2024,2023,40147.70948199578,97.50242147502422,94.77,1178.0,99.38190672410563,98.3517512642817,2022,9.075851428312118,22.689628570780297,512.7856056996347,65.79992285526286,31.765479999092413,4.537925714156059,1007.4195085426452,38.5723685703265,45.37925714156059,165.63428856669614,839,1872,0.5801282051282052,0.6713286713286714,0.0763888888888889,1.3333333333333333,0.07692307692307693,0.10416666666666667,C+,C,C+,B,B,B,C,C+,1.6667,1.0,2.3333,3.0,2.6667,2.6667,1.0,1.3333,2022-2024,2023-2025,False,False,False,2023-2025,3.0,2024
3521408,Iracemápolis,22435,2024,2023,107144.10519277914,99.44462147767103,97.13,1450.0,99.70833885721862,99.78788280524992,2022,2.971547433325904,5.943094866651808,329.8417650991754,53.48785379986628,22.286605749944286,8.914642299977714,509.6203848153926,109.94725503305847,14.857737166629523,78.74600698313647,765,900,0.4,0.583941605839416,0.15222222222222223,2.34,0.25,0.1622222222222222,C+,C,C+,B,B,C,C,C+,1.6667,1.0,2.3333,2.6667,3.0,1.0,1.3333,1.3333,2022-2024,2023-2025,False,False,False,2023-2025,3.0,2024
3521507,Irapuã,6946,2024,2023,40658.796429599766,90.68006407455948,92.93,1200.0,93.90491670052825,97.52133279154816,2022,0.0,9.597850081581726,479.8925040790863,4.798925040790863,4.798925040790863,0.0,556.6753047317401,19.19570016316345,62.386025530281216,263.9408772434975,292,359,0.3649025069637883,0.7636363636363637,0.1532033426183844,0.25,0.125,0.036211699164345405,C,C,C+,C+,B,C,C,C,1.0,1.3333,2.0,1.6667,3.0,1.0,1.0,1.0,2022-2024,2023-2025,False,False,False,2023-2025,3.0,2024
3521606,Irapuru,7145,2024,2023,19933.100069979006,73.83203952011291,94.2,1125.0,91.3135593220339,91.69491525423727,2022,0.0,13.995801259622114,564.4973174714253,0.0,0.0,0.0,293.91182645206436,9.330534173081409,46.652670865407046,233.26335432703522,249,300,0.22666666666666666,0.5517241379310345,0.09666666666666666,6.0,0.0,0.07333333333333333,C+,C,B,B,B,C,B,B,1.6667,1.0,2.3333,2.6667,3.0,1.0,2.0,2.0,2022-2024,2023-2025,False,False,False,2023-2025,3.0,2024
3521705,Itaberá,18258,2024,2023,57955.909738196955,68.50914752822109,94.59,948.0,76.35415068282953,88.92128279883383,2022,3.651367437105196,5.477051155657794,450.9438784824917,16.43115346697338,0.0,0.0,419.9072552670976,23.733888341183775,82.15576733486691,63.89893014934093,584,666,0.18468468468468469,0.5,0.16216216216216217,1.5,0.5,0.04354354354354354,C+,C,B,C,C+,C,B,C+,1.6667,1.3333,3.0,1.0,2.3333,1.0,3.0,2.0,2022-2024,2023-2025,False,False,False,2023-2025,3.0,2024
3521804,Itaí,25930,2024,2023,41756.72965676822,82.87132644956314,93.88,1033.33,92.33698788228506,93.97576457010965,2022,7.7130736598534515,3.8565368299267258,408.7929039722329,26.995757809487085,3.8565368299267258,2.571024553284484,408.7929039722329,23.139220979560356,53.99151561897417,56.56254017225864,775,959,0.3180396246089677,0.5,0.08342022940563086,3.0,0.3333333333333333,0.07194994786235662,C+,C+,B,C+,C+,C+,C,A,1.6667,1.6667,3.0,1.3333,2.0,1.6667,1.0,4.3333,2022-2024,2023-2025,False,False,False,2023-2025,3.0,2024
3521903,Itajobi,17420,2024,2023,73394.60390355912,88.23356289363706,95.56,1212.0,95.14157014157014,91.988416988417,2022,3.827018752391887,7.654037504783774,340.60466896287795,21.048603138155375,3.827018752391887,0.0,503.2529659395331,38.27018752391887,34.44316877152698,126.29161882893227,564,707,0.28854314002828857,0.6049382716049383,0.22913719943422914,1.3157894736842106,0.47368421052631576,0.10891089108910891,B,C,B,B+,B+,B+,B+,B+,3.0,1.0,3.0,4.0,3.3333,3.6667,4.6667,4.0,2022-2024,2023-2025,False,False,False,2023-2025,3.0,2024
3522000,Itaju,3702,2024,2023,83280.65910318747,80.90105030403538,94.82,1122.5,87.2991583779648,92.19586840091812,2022,18.008283810552857,18.008283810552857,333.15325049522784,36.016567621105715,0.0,9.004141905276429,468.2153790743742,36.016567621105715,45.020709526382134,36.016567621105715,111,122,0.21311475409836064,0.6153846153846154,0.21311475409836064,0.6666666666666666,0.16666666666666666,0.09836065573770492,C,C,B,B,C+,C,C,C,1.0,1.0,2.6667,3.0,2.0,1.0,1.0,1.0,2022-2024,2023-2025,False,True,False,2023-2025,3.0,2024
3522109,Itanhaém,117435,2024,2023,25174.828628603056,98.9304384935453,95.92,950.0,90.44419025831664,97.87198551139072,2022,7.379969060898937,12.773023374632777,451.3134925703581,351.11622032046097,66.70356651197116,7.947658988660394,2313.3364556279357,237.86207973205035,52.511318317934744,152.42474560395112,12871,13607,0.523333578305284,0.38094047023511757,0.2938193576835452,1.5814781834372218,0.4719501335707925,0.22407584331594033,C+,B,C,C,C,C,C+,C+,2.0,3.0,1.0,2.0,1.0,1.3333,2.0,2.3333,2022-2024,2023-2025,False,False,False,2023-2025,3.0,2024
3522158,Itaoca,3490,2024,2023,19479.083094555874,46.90239625949737,90.08,706.0,46.19651347068146,97.22662440570524,2022,9.551098376313277,9.551098376313277,210.1241642788921,0.0,0.0,0.0,372.4928366762178,9.551098376313277,152.81757402101243,9.551098376313277,81,97,0.23711340206185566,0.5853658536585366,0.422680412371134,,,0.08247422680412371,C,C,B,B,C+,C,C,C,1.0,1.0,2.6667,2.3333,2.0,1.0,1.0,1.0,2022-2024,2023-2025,False,True,False,2023-2025,3.0,2024
3522208,Itapecerica da Serra,163928,2024,2023,37913.80362110195,94.5174802235652,95.52,935.0,85.20425929659294,98.72624305848284,2022,8.54033478112342,7.523628259561108,293.82818473150814,676.3131781432498,255.60001952076522,51.24200868674052,804.4181998601011,154.94607388609634,36.194752167618304,66.49260651017521,11582,12305,0.7317350670459163,0.5676056338028169,0.23080048760666397,1.1929712460063897,0.27092651757188496,0.47931735067045916,C,C,C+,C,C,C,C,B,1.0,1.0,2.3333,1.0,2.0,1.0,1.6667,3.0,2022-2024,2023-2025,False,False,False,2023-2025,3.0,2024
3522307,Itapetininga,163774,2024,2023,48620.67239000086,90.33779073452057,96.87,1200.0,93.2846902671091,98.50404238546574,2022,4.477715225452962,11.397820573880265,388.13649704267266,66.35159834080298,6.7165728381794425,1.0176625512393094,889.2335372729086,68.79398846377732,49.86546501072616,215.94799337298144,8362,10282,0.5304415483368994,0.6335554209569958,0.16057187317642482,2.411242603550296,0.40828402366863903,0.12157167866173896,B,C,B,B,B+,C+,B+,A,3.0,2.3333,2.6667,2.6667,3.3333,2.0,3.6667,4.3333,2022-2024,2023-2025,False,False,False,2023-2025,3.0,2024
3522406,Itapeva,92324,2024,2023,49375.157055586846,85.17296718972895,95.59,1000.0,84.09026531961099,96.6355081358386,2022,4.332567913002037,11.9145617607556,382.7101656485132,42.60358447785336,2.5273312825845213,0.0,605.1153185159511,37.18787458660081,71.8484178906171,81.23564836878818,3433,4207,0.4183503684335631,0.502903600464576,0.20465890183028287,2.9444444444444446,0.3888888888888889,0.120513429997623,C+,C,B+,B,B,C,B,C,1.6667,1.0,3.3333,2.0,2.0,2.0,3.3333,1.0,2022-2024,2023-2025,False,False,False,2023-2025,3.0,2024
3522505,Itapevi,241924,2024,2023,64545.46469139068,98.44767689638697,96.31,875.0,87.4449931547037,99.0355466458048,2022,9.093764984044576,9.644902255804855,350.10995188571616,336.8826573634695,94.52004210688756,31.13925585445567,746.9287875531159,156.10963222609857,39.13074629497969,46.15774650992323,13207,14184,0.6854201917653694,0.5209580838323353,0.2707980823463057,1.514219384793964,0.5774811375507836,0.27002256063169766,C+,C,B,B,B,C,B,C+,1.3333,1.0,2.6667,1.6667,2.0,1.3333,2.3333,2.0,2022-2024,2023-2025,False,False,False,2023-2025,3.0,2024
3522604,Itapira,73919,2024,2023,86120.94319457785,94.55860709227736,96.41,1340.0,97.80916030534353,99.41603053435114,2022,2.705664308229278,10.822657232917113,326.4834931929995,60.42650288378721,56.36800642144329,0.9018881027430927,609.2254134029591,102.81524371271256,32.01702764737979,300.7796822648214,3332,4081,0.5628522420975252,0.5604203152364273,0.1399166870864984,1.105095541401274,0.5095541401273885,0.08355795148247978,C,C,C,C,B,B,C,C,1.6667,1.0,2.0,2.0,2.6667,3.6667,1.6667,1.0,2022-2024,2023-2025,False,False,False,2023-2025,3.0,2024
3522653,Itapirapuã Paulista,4405,2024,2023,17550.05675368899,45.16953088713423,90.09,830.0,62.796664528543936,87.04297626683771,2022,0.0,15.13431706394249,196.74612183125237,0.0,0.0,0.0,113.50737797956867,15.13431706394249,30.26863412788498,30.26863412788498,53,63,0.25396825396825395,0.5,0.15873015873015872,2.5,1.0,0.047619047619047616,C,C,B,B,B,C,C,C,1.0,1.0,2.3333,3.0,2.6667,1.0,1.0,1.0,2022-2024,2023-2025,False,True,False,2023-2025,3.0,2024
3522703,Itápolis,40464,2024,2023,62397.637406089365,92.90000759628288,95.15,1300.0,94.62035864275715,95.12699153389774,2022,1.6475550283379465,13.180440226703572,444.8398576512456,32.951100566758925,8.237775141689731,0.0,936.6350336101226,88.14419401608014,35.422433109265846,150.7512850929221,2078,2525,0.3469306930693069,0.5753424657534246,0.11564356435643565,1.9304347826086956,0.2956521739130435,0.07881188118811881,C+,C,C+,C+,C+,C+,B+,B+,1.3333,1.0,2.0,2.0,1.6667,1.6667,2.6667,2.3333,2022-2024,2023-2025,False,False,False,2023-2025,3.0,2024
3522802,Itaporanga,14260,2024,2023,28633.029453015428,74.6751863684771,92.35,980.8,86.07546447040797,88.45048841218157,2022,2.337540906965872,4.675081813931744,451.14539504441325,21.03786816269285,7.012622720897616,0.0,430.10752688172045,18.700327255726975,56.100981767180926,151.94015895278167,489,564,0.2322695035460993,0.6985294117647058,0.24113475177304963,8.0,0.4,0.0797872340425532,C,C,B,C,C+,C,C,C,1.0,1.0,3.0,1.0,1.3333,1.0,1.0,1.0,2022-2024,2023-2025,False,False,False,2023-2025,3.0,2024
3522901,Itapuí,13984,2024,2023,93774.1704805492,97.48151402006005,94.82,1200.0,98.96820383238575,98.94714676774058,2022,7.151029748283753,19.06941266209001,481.5026697177727,23.83676582761251,7.151029748283753,4.767353165522502,774.6948893974065,54.82456140350877,57.20823798627002,176.39206712433256,674,759,0.37681159420289856,0.5303030303030303,0.2608695652173913,1.125,0.40625,0.11330698287220026,C+,C,B+,B,C+,C,C+,B+,2.3333,1.3333,2.6667,3.0,2.3333,2.0,3.0,4.0,2022-2024,2023-2025,False,False,False,2023-2025,3.0,2024
3523008,Itapura,4014,2024,2023,52154.708520179374,84.21713998492083,93.28,1000.0,86.25,96.97368421052632,2022,16.608536787908985,24.912805181863476,473.34329845540606,0.0,0.0,0.0,888.5567181531308,33.21707357581797,41.521341969772465,58.129878757681446,185,212,0.2641509433962264,0.625,0.33962264150943394,4.333333333333333,0.3333333333333333,0.03773584905660377,C,C,B,B,B,C,C,C,1.0,1.0,3.0,2.6667,3.0,1.0,1.0,1.0,2022-2024,2023-2025,False,True,False,2023-2025,3.0,2024
3523107,Itaquaquecetuba,382521,2024,2023,31316.60745423127,99.99675038927629,95.3,900.0,82.88437290189464,99.5979825437634,2022,7.232718377988833,4.3570592638486945,296.28002994171123,506.63885120032626,176.2866178153182,7.755565489650677,697.3037645863452,204.17179710394984,30.673697217494812,123.2176359816411,23570,25609,0.7470030067554375,0.47979614124499453,0.21453395290718108,2.019844082211198,0.26765887077722655,0.3660041391698231,C,C,B,C+,C,C,B+,C,1.0,1.0,3.0,1.3333,1.0,1.0,3.3333,1.0,2022-2024,2023-2025,False,False,False,2023-2025,3.0,2024
3523206,Itararé,45327,2024,2023,31028.8569726653,94.50470318196136,95.61,970.67,91.88502269288956,97.53101361573374,2022,5.147777998396834,10.295555996793668,540.5166898316677,40.44682713026085,2.9415874276553344,0.7353968569138336,666.2695523639333,16.91412770901817,72.06889197755568,113.9865128216442,1998,2608,0.410659509202454,0.5464601769911505,0.17331288343558282,2.96,0.6,0.10161042944785276,B,B+,C+,C,B,C,B,B,2.3333,2.6667,2.6667,1.0,3.0,1.0,3.0,2.6667,2022-2024,2023-2025,False,False,False,2023-2025,3.0,2024
3523305,Itariri,15762,2024,2023,25417.269382058115,77.00927357032458,93.93,750.0,84.77184294304917,93.6505129112133,2022,21.147908471852134,6.344372541555639,420.8433785898575,82.47684304022332,35.951444402148624,0.0,691.5366070295648,52.86977117963034,35.951444402148624,54.98456202681555,663,744,0.4166666666666667,0.2932692307692308,0.27956989247311825,1.1395348837209303,0.4418604651162791,0.1693548387096774,C,C+,C+,B,B,C,C,C,1.3333,2.3333,1.6667,2.3333,2.6667,1.0,1.0,1.0,2022-2024,2023-2025,False,False,False,2023-2025,3.0,2024
3523404,Itatiba,126403,2024,2023,81702.70484086612,96.30643967431531,97.41,1550.0,95.59542857142856,99.728,2022,4.219309140869547,6.065256889999974,270.5631986582597,73.31049632260837,36.91895498260853,10.811979673478215,577.2542318352149,60.38886207869539,36.127834518695494,96.51669659739089,4445,5880,0.4688775510204082,0.47518610421836227,0.13707482993197279,2.5140997830802605,0.175704989154013,0.18010204081632653,C+,C,B,C+,C+,C+,B,C+,2.0,1.0,2.6667,1.6667,2.6667,2.6667,3.3333,2.3333,2022-2024,2023-2025,False,False,False,2023-2025,3.0,2024
3523503,Itatinga,19427,2024,2023,30944.613167241467,86.04090194022024,94.27,1100.0,94.45643153526972,97.94190871369295,2022,3.431650108954891,6.863300217909782,398.07141263876736,34.31650108954891,17.158250544774454,3.431650108954891,576.5172183044217,25.737375817161684,56.6222267977557,138.98182941267308,735,920,0.3923913043478261,0.4444444444444444,0.10760869565217392,4.1923076923076925,0.11538461538461539,0.09239130434782608,B,B,B,C+,B,C+,C,B+,3.0,2.3333,2.6667,2.6667,3.0,2.6667,2.3333,4.0,2022-2024,2023-2025,False,False,False,2023-2025,3.0,2024
3523602,Itirapina,16433,2024,2023,95556.07618815798,91.94946742630668,96.51,1200.0,93.1704260651629,98.05764411027567,2022,8.113754842897423,18.2559483965192,480.73997444167225,42.597212925211466,16.227509685794846,18.2559483965192,888.4561552972677,42.597212925211466,46.654090346660176,395.54554859124937,965,1145,0.31965065502183404,0.6103896103896104,0.13449781659388646,1.673913043478261,0.043478260869565216,0.09519650655021834,B,B,B,B,B,C+,B+,B+,2.6667,1.6667,3.3333,3.0,2.6667,1.6667,3.3333,3.0,2022-2024,2023-2025,False,False,False,2023-2025,3.0,2024
3523701,Itirapuã,5861,2024,2023,32567.138713530116,86.8662398338813,93.82,1037.33,91.97007481296758,92.96758104738154,2022,0.0,5.687311607802991,511.85804470226924,62.56042768583291,11.374623215605983,5.687311607802991,750.7251322299949,73.93505090143888,39.81118125462094,119.43354376386282,278,333,0.3963963963963964,0.7777777777777778,0.21621621621621623,1.2352941176470589,0.058823529411764705,0.13213213213213212,C+,C,C+,B,B,C,C,C,1.6667,1.0,2.6667,3.0,2.6667,1.0,1.0,1.0,2022-2024,2023-2025,False,False,False,2023-2025,3.0,2024
3523800,Itobi,8210,2024,2023,30589.281364190014,87.13646532438479,94.21,1200.0,93.56503785271852,92.25739848589126,2022,4.060089321965083,36.54080389768575,596.8331303288672,36.54080389768575,4.060089321965083,0.0,487.21071863580994,36.54080389768575,77.14169711733658,162.40357287860334,355,384,0.2994791666666667,0.5581395348837209,0.22395833333333334,0.75,0.6,0.0703125,C,C,B,C,B,C,C,C,1.0,1.0,3.0,1.0,1.6667,1.0,1.0,1.0,2022-2024,2023-2025,False,False,False,2023-2025,3.0,2024
3523909,Itu,174561,2024,2023,80272.97048023327,95.61638135996196,96.51,1300.0,96.29020068855488,98.93357964564616,2022,7.447253395661116,14.703551576048868,258.5533614801321,107.69874141417614,20.050297603703005,5.3467460276541345,1024.2837747263134,76.38208610934477,42.39205779068635,118.39223346948441,8773,9765,0.4105478750640041,0.6894293732460243,0.3284178187403994,2.002016129032258,0.3004032258064516,0.3146953405017921,C+,C,B,B,B,B,C+,C,2.0,1.0,3.3333,3.3333,2.6667,2.3333,3.0,1.6667,2022-2024,2023-2025,False,False,False,2023-2025,3.0,2024
3524006,Itupeva,74119,2024,2023,142058.8513066825,94.7023337487255,97.41,1400.0,89.94512452511609,99.47235120303924,2022,4.94699964471548,5.39672688514416,324.2533403490783,73.75526743030352,44.972724042868,13.94154445328908,653.4536803428721,78.70226707501901,27.88308890657816,133.11926316688928,3025,3632,0.5550660792951542,0.46568627450980393,0.22466960352422907,1.2127139364303179,0.2762836185819071,0.24972466960352424,C,C,C,C,C+,C,C,B,1.0,1.0,1.3333,1.0,2.0,1.3333,1.0,2.3333,2022-2024,2023-2025,False,False,False,2023-2025,3.0,2024
3524105,Ituverava,38451,2024,2023,57700.059816389694,97.22126107902372,95.44,1233.33,98.52469531751125,98.34651842349083,2022,6.935233587336263,8.66904198417033,307.7509904380467,48.546635111353844,24.273317555676922,5.2014251905021975,1033.3498045131032,49.41353930977087,29.47474274617912,96.22636602429066,1857,2648,0.47696374622356497,0.6824512534818942,0.1355740181268882,2.3854166666666665,0.3020833333333333,0.1419939577039275,C,C,C,C,C+,C,C,C,1.0,1.0,1.3333,1.0,1.6667,1.3333,1.0,1.3333,2022-2024,2023-2025,False,False,False,2023-2025,3.0,2024
3524204,Jaborandi,6293,2024,2023,39265.056411886224,94.8722070406687,95.01,1237.33,95.91747146619842,96.57594381035996,2022,21.187562900577362,26.4844536257217,344.2978971343821,21.187562900577362,10.593781450288681,0.0,370.78235076010384,26.4844536257217,68.85957942687642,137.71915885375284,194,235,0.39574468085106385,0.65625,0.13617021276595745,0.4,0.1,0.11914893617021277,B,C,B,B+,B+,C+,B,B+,2.6667,1.0,3.0,3.3333,3.3333,2.0,2.6667,4.3333,2022-2024,2023-2025,False,False,False,2023-2025,3.0,2024
3524303,Jaboticabal,73467,2024,2023,56573.06001333932,97.86552679578396,96.57,1333.33,98.39375022816048,98.82451721242651,2022,8.166932091959655,12.250398137939484,312.1582932926802,126.13372897582134,47.186718753544675,2.268592247766571,906.5294622075218,99.81805890172913,27.676825422752167,117.96679688386169,3659,4160,0.5276442307692307,0.5893074119076549,0.19783653846153845,1.4069767441860466,0.32558139534883723,0.18004807692307692,C+,C,B,B,B,B,B+,B,1.6667,1.0,2.3333,3.0,2.6667,3.0,3.0,2.0,2022-2024,2023-2025,False,False,False,2023-2025,3.0,2024
3524402,Jacareí,249968,2024,2023,78782.0681047174,97.7650608677557,97.3,1233.33,97.26479853307632,99.727302647045,2022,7.067571315795089,9.601228957306535,320.174315645736,112.28103863961253,25.203226012929655,12.001536196633168,725.159487081013,138.81776867439032,36.671360600823576,101.6130064648275,11163,12479,0.5817773860084943,0.5289645184648806,0.22133183748697813,1.2374429223744292,0.17427701674277016,0.17084702299863772,C+,C,C,C+,C+,C+,B,B,1.6667,1.0,1.6667,1.3333,2.3333,1.6667,2.6667,3.0,2022-2024,2023-2025,False,False,False,2023-2025,3.0,2024
3524501,Jaci,7878,2024,2023,111805.0266565118,90.989097596217,93.43,1200.0,99.77246871444824,96.8904057641259,2022,4.231192350004231,21.155961750021156,431.5816197004316,8.462384700008462,4.231192350004231,0.0,393.50088855039354,29.61834645002962,55.005500550055004,42.31192350004231,234,287,0.3170731707317073,0.5223880597014925,0.23344947735191637,3.75,0.25,0.10801393728222997,C+,C,B,B,B,C,C,C,1.3333,1.0,2.3333,2.3333,3.0,1.0,1.0,1.0,2022-2024,2023-2025,False,False,False,2023-2025,3.0,2024
3524600,Jacupiranga,16254,2024,2023,42998.70801033592,65.69547120581475,94.44,900.0,81.22855181880576,94.61221688400823,2022,10.25388622287847,14.35544071202986,391.6984537139576,26.660104179484026,4.101554489151388,14.35544071202986,570.116073992043,51.269431114392354,67.6756490709979,71.7772035601493,596,714,0.2801120448179272,0.5270935960591133,0.28431372549019607,2.28125,0.4375,0.09943977591036414,C,C,C+,C,C+,C+,C,B,1.0,1.0,2.6667,1.3333,2.0,1.3333,1.6667,2.6667,2022-2024,2023-2025,False,False,False,2023-2025,3.0,2024
3524709,Jaguariúna,61801,2024,2023,237550.81632983286,96.89622053347264,97.5,1433.33,98.22785990766218,99.84144009700135,2022,4.85429038365075,7.011752776384416,258.3561215298566,104.09756044939941,65.26323738019342,4.314924785467333,1048.526722868562,136.45949634040443,23.192720721886918,72.81435575476125,3198,3934,0.49466192170818507,0.663681592039801,0.25546517539400104,1.1700288184438041,0.3688760806916426,0.25673614641586173,C+,C,B,C,C+,B,B+,A,2.3333,1.0,3.0,1.3333,2.6667,3.3333,3.6667,4.3333,2022-2024,2023-2025,False,False,False,2023-2025,3.0,2024
3524808,Jales,50017,2024,2023,51786.552572125474,94.44808922420864,96.27,1500.0,96.60377358490568,96.71383647798744,2022,5.331520616323783,9.33016107856662,489.16701654770714,33.98844392906412,0.6664400770404729,0.0,796.3958920633651,45.31792523875216,41.9857248535498,212.59438457591085,2453,3708,0.4487594390507012,0.5264187866927593,0.1378101402373247,4.568627450980392,0.5294117647058824,0.07065803667745416,C+,C,C,B,C+,B+,C+,A,1.6667,1.0,2.0,2.6667,2.3333,3.3333,1.3333,4.0,2022-2024,2023-2025,False,False,False,2023-2025,3.0,2024
3524907,Jambeiro,6575,2024,2023,70211.71102661597,70.87697358136626,94.16,1178.0,70.09142359599477,97.91031780583369,2022,0.0,20.278833967046893,349.80988593155894,45.627376425855516,15.209125475285171,0.0,806.0836501901141,76.04562737642586,45.627376425855516,106.46387832699621,289,337,0.3086053412462908,0.6534653465346535,0.2997032640949555,0.9393939393939394,0.30303030303030304,0.08605341246290801,C+,C+,C+,C+,B,C,C,B,2.3333,1.3333,2.6667,2.3333,3.0,1.0,2.6667,2.0,2022-2024,2023-2025,False,False,False,2023-2025,3.0,2024
3525003,Jandira,121988,2024,2023,45472.56287503689,100.0,96.95,1175.0,92.81106429574616,99.9690542502797,2022,4.098763812834049,7.104523942245685,340.7438983069373,208.76370353368094,45.63290378288575,12.842793280213355,547.8680963154845,129.79418740641154,27.871593927271533,48.63866391229738,5026,5479,0.6446431830626027,0.4909240924092409,0.22120824968059866,0.6383177570093458,0.3355140186915888,0.2358094542799781,C,C,C,C+,C+,C,C,C+,1.0,1.0,2.0,1.3333,1.6667,1.0,1.0,1.3333,2022-2024,2023-2025,False,False,False,2023-2025,3.0,2024
3525102,Jardinópolis,46868,2024,2023,51178.0319194333,93.21143059052162,96.11,1200.0,98.45346960731575,98.74932759548145,2022,11.379477113026656,14.224346391283321,300.84492617564223,150.06685442803902,30.58234474125914,1.422434639128332,744.6445335836818,113.0835538107024,34.13843133907997,143.66589855196153,2171,2683,0.4286246738725307,0.6535433070866141,0.14200521803950802,1.4840182648401827,0.2785388127853881,0.14722325754752144,C+,C,B,B,B,C,C,B,1.3333,1.0,2.3333,2.3333,3.0,1.0,1.0,3.0,2022-2024,2023-2025,False,False,False,2023-2025,3.0,2024
3525201,Jarinu,39531,2024,2023,89712.98474614859,87.45970427600905,96.08,1031.0,69.8573081372927,99.40609332819128,2022,4.216100444376987,5.059320533252384,312.8346529727724,63.2415066656548,80.94912853203815,10.118641066504768,610.4913443457878,91.91098968741831,44.69066471039606,139.97453475331596,1617,1880,0.47712765957446807,0.6028985507246377,0.18351063829787234,1.2389705882352942,0.3161764705882353,0.18404255319148935,C,C,C+,C+,C,C,C,C,1.0,1.0,2.6667,2.0,1.3333,1.0,1.0,2.3333,2022-2024,2023-2025,False,False,False,2023-2025,3.0,2024
3525300,Jaú,137323,2024,2023,47646.3010566329,98.24490437987372,96.92,1300.0,99.33430885595928,99.38995486490386,2022,4.369260793894687,7.282101323157811,368.9598003733291,46.36271175743806,4.611997504666613,0.485473421543854,1174.8456801361267,43.449871228174935,37.138716748104834,149.04034041396318,7566,9072,0.5575396825396826,0.4955706096925482,0.2115299823633157,4.49375,0.5875,0.10185185185185185,C+,C,B,B,C+,C,B,B,1.3333,1.0,2.6667,2.3333,1.3333,1.0,2.6667,2.3333,2022-2024,2023-2025,False,False,False,2023-2025,3.0,2024
3525409,Jeriquara,3976,2024,2023,77663.22937625754,88.32513590473725,94.33,1186.67,92.41274658573596,91.42640364188163,2022,0.0,41.91817572099262,544.9362843729041,8.383635144198525,8.383635144198525,0.0,788.0617035546613,25.150905432595575,83.83635144198524,226.35814889336018,206,459,0.644880174291939,0.7878787878787878,0.0718954248366013,0.75,0.125,0.09803921568627451,C+,C+,B,B,C,C,C,B,2.6667,2.0,3.3333,2.6667,2.3333,2.6667,3.0,3.3333,2022-2024,2023-2025,False,True,False,2023-2025,3.0,2024
3525508,Joanópolis,13095,2024,2023,25638.56433753341,72.56340226297307,93.62,1250.0,89.64186146257774,98.79905640145827,2022,12.727504136438844,7.636502481863306,366.5521191294387,35.63701158202877,5.091001654575538,0.0,692.3762250222732,35.63701158202877,45.81901489117984,175.63955708285604,541,604,0.34933774834437087,0.6081081081081081,0.24503311258278146,1.8888888888888888,0.4444444444444444,0.1291390728476821,C+,C,B,C,B,C+,C+,C,2.0,2.0,3.3333,1.0,2.6667,1.3333,1.6667,1.0,2022-2024,2023-2025,False,False,False,2023-2025,3.0,2024
3525607,João Ramalho,4456,2024,2023,41965.88868940754,88.40082361015786,90.98,1000.0,91.31561892417368,96.30589760207388,2022,0.0,0.0,523.638539796529,7.480550568521843,0.0,0.0,478.75523638539795,37.40275284260921,44.88330341113106,44.88330341113106,152,196,0.3826530612244898,0.7428571428571429,0.17857142857142858,1.7142857142857142,0.2857142857142857,0.03571428571428571,C,C,C+,B,B+,C,C,C,1.3333,1.0,2.6667,1.6667,4.0,1.0,1.0,1.0,2022-2024,2023-2025,False,True,False,2023-2025,3.0,2024
3525706,José Bonifácio,37859,2024,2023,51257.03267386883,92.78519367783149,95.96,1302.4,97.35243381084528,96.14490362259056,2022,6.163219665953494,10.565519427348846,412.05525766660503,37.85977794800004,6.163219665953494,0.8804599522790706,725.4990006779542,69.55633623004657,41.38161775711632,172.57015064669784,1684,2153,0.41848583372039017,0.6611570247933884,0.1686019507663725,2.1481481481481484,0.35802469135802467,0.10032512772875057,C+,B,C,C+,B,C,C,C,2.3333,3.0,2.0,2.0,3.0,1.0,1.0,1.6667,2022-2024,2023-2025,False,False,False,2023-2025,3.0,2024
3525805,Júlio Mesquita,4308,2024,2023,19229.108635097495,93.51198871650212,93.8,1025.0,99.8719590268886,98.52752880921896,2022,7.737542556484061,0.0,425.56484060662336,0.0,0.0,0.0,402.3522129371711,0.0,46.425255338904364,46.425255338904364,120,141,0.2765957446808511,0.7619047619047619,0.14893617021276595,,,0.09929078014184398,C,C,C,C+,C+,C,C,C,1.0,1.6667,1.0,1.3333,1.6667,1.0,1.0,1.0,2022-2024,2023-2025,False,True,False,2023-2025,3.0,2024
3525854,Jumirim,3123,2024,2023,92203.33013128402,65.70680628272252,96.27,1140.0,82.83433133732535,96.8063872255489,2022,0.0,21.346995410395987,245.49044721955386,53.36748852598997,10.673497705197994,0.0,448.28690361831576,53.36748852598997,53.36748852598997,0.0,83,99,0.29292929292929293,0.7916666666666666,0.24242424242424243,1.5,0.0,0.1414141414141414,B,B,B,B+,B,C+,B,B,2.6667,2.0,2.6667,3.0,3.0,1.6667,3.0,3.0,2022-2024,2023-2025,False,True,False,2023-2025,3.0,2024
3525904,Jundiaí,460313,2024,2023,142117.16375596606,96.862513283441,97.98,1810.0,98.21344328785251,99.89094406901158,2022,3.475895749196742,6.3000610454190955,250.55415192126517,149.82558968933458,49.169441952178914,12.527707596063259,975.7853170922104,106.66655080347502,21.000203484730317,66.0420192347381,22666,25640,0.6450078003120124,0.41024198086662916,0.20791731669266772,1.4465317919075145,0.3247832369942196,0.22301092043681747,B,C,B,B,B,B,B+,A,3.0,1.0,3.3333,3.0,2.6667,3.6667,4.0,5.0,2022-2024,2023-2025,False,False,False,2023-2025,3.0,2024
3526001,Junqueirópolis,20878,2024,2023,45065.18823642111,92.71322378716744,95.28,1237.33,93.5533491819326,94.82589847573766,2022,3.193153878085385,3.193153878085385,474.18335089567967,6.38630775617077,0.0,0.0,354.44008046747774,15.965769390426926,41.511000415110004,137.30561675767157,649,895,0.3877094972067039,0.41150442477876104,0.25251396648044694,2.8,0.2,0.05027932960893855,B,C,B,B,B,C,C,B,3.0,1.3333,2.3333,3.3333,3.6667,2.3333,1.6667,4.0,2022-2024,2023-2025,False,False,False,2023-2025,3.0,2024
3526100,Juquiá,17255,2024,2023,25871.80527383367,66.97563250553806,93.08,845.0,80.07252088916917,88.08134951915497,2022,7.727228822563508,25.113493673331398,689.6551724137931,71.47686660871246,25.113493673331398,23.181686467690525,1292.3790205737469,48.29518014102192,86.93132425383946,131.36288998357963,1243,1394,0.32926829268292684,0.4495192307692308,0.2984218077474892,1.4328358208955223,0.1791044776119403,0.16857962697274032,C,C,C+,C,C+,C,B,B+,1.0,1.0,3.0,1.0,2.3333,1.0,1.6667,3.3333,2022-2024,2023-2025,False,False,False,2023-2025,3.0,2024
3526209,Juquitiba,28007,2024,2023,23589.281251115794,57.26536272077068,92.18,800.0,63.37831084457771,93.8030984507746,2022,16.662501041406315,11.901786458147368,493.9241380131158,248.74733697528,49.98750312421895,138.06072291450945,1115.1973911284083,49.98750312421895,59.508932290736844,58.318753644922104,1884,2056,0.4810311284046693,0.6703910614525139,0.2611867704280156,2.040201005025126,0.06532663316582915,0.2611867704280156,C,C,C,C+,C,C,C,C,1.0,1.3333,1.3333,1.6667,1.0,1.0,1.0,1.6667,2022-2024,2023-2025,False,False,False,2023-2025,3.0,2024
3526308,Lagoinha,5182,2024,2023,19569.857197993053,62.40409207161125,93.87,1100.0,70.51467051467051,96.63299663299664,2022,38.595137012736394,19.297568506368197,366.65380162099575,32.162614177280325,12.865045670912131,0.0,482.43921265920494,45.027659848192464,51.460182683648526,102.92036536729705,179,205,0.375609756097561,0.6382978723404256,0.22926829268292684,0.3333333333333333,0.5,0.1073170731707317,C+,C,B,C+,B,C,C,B+,1.6667,1.0,3.3333,2.0,2.0,1.0,1.0,3.3333,2022-2024,2023-2025,False,False,False,2023-2025,3.0,2024
3526407,Laranjal Paulista,27009,2024,2023,62533.93313339998,88.55717604051635,96.6,1200.0,90.33056961343814,98.46021320124906,2022,7.4049390943759485,17.278191220210545,269.0461204289928,49.36626062917299,8.639095610105272,0.0,649.1663272736248,60.47366927073691,32.08806940896244,278.9193725548274,1112,1292,0.4373065015479876,0.5615384615384615,0.20123839009287925,2.169491525423729,0.3050847457627119,0.11764705882352941,C+,C,B,B,C+,C,C,B+,1.3333,1.0,2.6667,2.6667,2.6667,1.0,1.0,3.0,2022-2024,2023-2025,False,False,False,2023-2025,3.0,2024
3526506,Lavínia,9909,2024,2023,26470.279543849025,43.12106512539994,96.52,1212.0,93.24986390854654,94.82852476864451,2022,3.3639452349715744,0.0,218.65644027315236,0.0,0.0,0.0,168.19726174857874,3.3639452349715744,10.091835704914725,898.1733777374104,387,505,0.12871287128712872,0.36363636363636365,0.04356435643564356,,,0.03762376237623762,C+,C,B,C+,B,C,C,C+,1.3333,1.0,2.6667,1.6667,3.3333,1.3333,1.0,1.6667,2022-2024,2023-2025,False,False,False,2023-2025,3.0,2024
3526605,Lavrinhas,7328,2024,2023,23184.49781659389,92.66490029284618,95.69,880.0,85.11705685618729,97.53344481605352,2022,22.74381368267831,9.097525473071325,259.27947598253274,50.03639010189229,18.19505094614265,4.548762736535663,518.5589519650655,27.292576419213972,40.93886462882096,59.133915574963616,222,266,0.5488721804511278,0.6222222222222222,0.16917293233082706,2.0,0.4,0.16165413533834586,C,C,B,C+,C+,C,C,C,1.0,1.0,2.3333,1.6667,2.0,1.0,1.0,1.0,2022-2024,2023-2025,False,False,False,2023-2025,3.0,2024
3526704,Leme,101316,2024,2023,48743.653519681,98.2447204083088,95.38,1200.0,98.7862855864422,98.9680630907769,2022,9.870109360811718,9.541105715451327,429.34975719530973,98.0430863173964,31.584349954597496,3.948043744324687,720.188979693895,128.96942898127313,46.71851764117546,371.1161119665206,5621,6794,0.5659405357668531,0.5315315315315315,0.049013835737415364,1.0555555555555556,0.3709677419354839,0.15160435678539888,C+,C,B,C+,B,C+,C+,B,1.3333,1.0,3.0,2.0,1.6667,2.3333,2.6667,3.0,2022-2024,2023-2025,False,False,False,2023-2025,3.0,2024
3526803,Lençóis Paulista,68395,2024,2023,95981.40214927992,97.51296894970302,96.56,1375.0,98.23854175795286,99.53553588642538,2022,3.898920486390331,5.848380729585496,365.03643053829467,25.830348222335942,3.898920486390331,0.0,649.17026098399,39.4765699247021,36.06501449911056,92.59936155177034,2507,3534,0.4241652518392756,0.55420054200542,0.20882852292020374,2.232876712328767,0.7123287671232876,0.09083191850594227,B,C,B,B,B,B,B+,B+,2.6667,1.0,3.3333,2.3333,2.6667,3.0,4.0,4.0,2022-2024,2023-2025,False,False,False,2023-2025,3.0,2024
3526902,Limeira,300728,2024,2023,69421.3375542018,96.97878157666624,97.2,1333.33,98.7926544368274,99.44180613534526,2022,4.7662117705479154,5.6529488441382245,328.0927172284146,172.47036081331524,79.69549448892909,9.089055004300675,1043.9112198841922,248.7297491420819,20.50579482677591,142.98635311643744,18548,20900,0.6088516746411483,0.5482318980033678,0.19889952153110046,1.542466765140325,0.3504431314623338,0.16502392344497607,C+,C,C+,B,B,B+,B+,B+,2.6667,1.0,2.6667,3.0,3.0,4.0,4.6667,4.3333,2022-2024,2023-2025,False,False,False,2023-2025,3.0,2024
3527009,Lindóia,7147,2024,2023,56710.22806772072,85.97091531223268,96.52,1250.0,92.70551910459282,99.22809725974528,2022,0.0,0.0,443.07634905088383,23.31980784478336,0.0,4.663961568956672,396.43673336131707,65.2954619653934,23.31980784478336,60.63150039643673,218,285,0.41403508771929826,0.3780487804878049,0.28771929824561404,0.4444444444444444,0.19444444444444445,0.08421052631578947,C,C,B,C+,B,C,B,C+,1.0,1.0,2.0,2.0,2.3333,1.0,2.0,1.3333,2022-2024,2023-2025,False,False,False,2023-2025,3.0,2024
3527108,Lins,76729,2024,2023,112217.84462198126,98.82721084796536,97.01,1333.33,99.79600450196962,99.2121553179516,2022,10.86073496765673,6.950870379300309,536.5203074022426,64.29555100852784,9.123017372831654,0.8688587974125386,1313.280072289052,80.80386815936608,50.828239648633506,112.51721426492372,5032,5968,0.4316353887399464,0.5387481371087929,0.22486595174262736,6.555555555555555,0.6333333333333333,0.11092493297587132,B,B+,C+,C+,B,C+,B+,B,2.3333,3.0,2.0,1.6667,3.0,2.0,3.3333,2.6667,2022-2024,2023-2025,False,False,False,2023-2025,3.0,2024
3527207,Lorena,87370,2024,2023,51520.178550990044,97.26003181898533,97.24,1166.67,98.17818484596172,98.85428809325562,2022,28.23242150242265,28.613940711914843,312.4642325741101,143.45122276906642,17.931402846133302,1.1445576284765937,582.5798328945863,49.597497233985735,29.376979130899237,219.75506466750602,3704,4277,0.5721299976619125,0.559931506849315,0.13654430675707271,2.1,0.5368421052631579,0.15127425765723637,C+,C,C+,C+,B,B,C+,C+,1.6667,1.0,2.0,1.6667,2.6667,2.0,2.0,2.0,2022-2024,2023-2025,False,False,False,2023-2025,3.0,2024
3527256,Lourdes,1968,2024,2023,28170.731707317074,86.25641025641025,89.82,1212.0,89.50777202072538,98.18652849740933,2022,0.0,16.937669376693766,542.0054200542005,0.0,0.0,0.0,525.0677506775068,67.75067750677506,50.81300813008131,33.87533875338753,73,75,0.21333333333333335,0.5,0.29333333333333333,9.0,0.0,0.04,B,C+,B,C+,B+,B,C+,C,2.0,1.3333,3.3333,1.3333,3.6667,2.3333,1.3333,1.0,2022-2024,2023-2025,False,True,False,2023-2025,3.0,2024
3527306,Louveira,54111,2024,2023,372467.9270388646,95.81267961502112,96.53,1400.0,94.98938666070828,99.73745950173164,2022,3.69610615216869,11.088318456506071,296.30450986552336,59.13769843469904,16.632477684759106,7.39221230433738,511.9107020753636,70.22601689120512,49.281415362249206,98.56283072449841,1825,2239,0.5614113443501563,0.48732394366197185,0.15855292541313087,1.2839506172839505,0.3395061728395062,0.16033943724877178,C,C,C,C,C+,B,C,B+,1.6667,1.6667,1.6667,2.0,2.3333,3.0,1.6667,3.0,2022-2024,2023-2025,False,False,False,2023-2025,3.0,2024
3527405,Lucélia,20372,2024,2023,29455.5271941881,83.01679876377051,95.01,1226.0,97.955474784189,97.98576404664546,2022,4.90869821323385,3.2724654754892333,610.314811178742,13.089861901956933,0.0,0.0,494.14228679887424,4.90869821323385,63.813076772040056,63.813076772040056,769,1027,0.33690360272638753,0.8,0.10223953261927946,3.75,1.0,0.05842259006815969,C+,C,B+,B,C+,C+,C,C,1.6667,1.3333,3.3333,2.6667,1.3333,1.3333,1.0,1.0,2022-2024,2023-2025,False,False,False,2023-2025,3.0,2024
3527504,Lucianópolis,2419,2024,2023,57318.7267465895,81.070826306914,93.24,1212.0,88.08988764044943,96.29213483146069,2022,27.559597629874606,13.779798814937303,413.39396444811905,0.0,0.0,0.0,564.9717514124294,13.779798814937303,13.779798814937303,96.45859170456112,83,90,0.2111111111111111,0.6206896551724138,0.32222222222222224,4.0,0.0,0.05555555555555555,C+,C,B+,C+,B,C+,B,B+,2.0,1.0,3.6667,2.0,3.3333,2.0,2.6667,4.0,2022-2024,2023-2025,False,True,False,2023-2025,3.0,2024
3527603,Luís Antônio,12531,2024,2023,190377.22448328146,98.00244598450875,95.66,1066.67,98.94459102902374,98.92060446150155,2022,7.980209081477934,18.620487856781846,436.2514297874604,26.600696938259784,45.22118479504163,13.300348469129892,510.7333812145878,23.940627244433802,34.58090601973772,143.64376346660282,474,552,0.375,0.632183908045977,0.15760869565217392,0.75,0.05,0.1105072463768116,C+,B,C,B,B,B,C,B,2.0,1.6667,1.3333,2.6667,2.0,2.3333,1.0,2.3333,2022-2024,2023-2025,False,False,False,2023-2025,3.0,2024
3527702,Luiziânia,4751,2024,2023,24796.67438434014,91.12954690491384,92.51,1075.0,97.86003470213996,95.72006940427993,2022,14.032133585911737,21.048200378867605,378.8676068196169,49.112467550691086,0.0,0.0,238.54627096049956,42.09640075773521,35.08033396477935,126.28920227320563,129,147,0.4013605442176871,0.4,0.1360544217687075,5.5,0.5,0.17687074829931973,C+,C,B+,B,B,C,C,C,1.3333,1.0,2.3333,3.3333,3.0,1.0,1.0,1.0,2022-2024,2023-2025,False,True,False,2023-2025,3.0,2024
3527801,Lupércio,4017,2024,2023,28689.071446353,90.47977895001256,91.68,866.67,96.60326086956522,97.41847826086956,2022,0.0,16.59613310098747,481.2878599286367,8.298066550493735,0.0,0.0,414.90332752468674,0.0,49.78839930296241,132.76906480789975,133,153,0.37254901960784315,0.4634146341463415,0.2679738562091503,,,0.013071895424836602,C,C,C+,C,C+,C,C,C,1.0,1.3333,2.3333,1.0,1.6667,1.0,1.0,1.0,2022-2024,2023-2025,False,True,False,2023-2025,3.0,2024
3527900,Lutécia,2699,2024,2023,50257.502778806964,79.33107854190155,93.78,1212.0,83.97683397683397,89.67181467181467,2022,0.0,0.0,407.55835494627644,12.350253180190194,0.0,0.0,284.0558231443745,0.0,24.700506360380388,61.75126590095097,64,78,0.2692307692307692,0.5789473684210527,0.24358974358974358,,,0.05128205128205128,C,C,B,C+,B,C,C,C,1.0,1.0,2.6667,1.6667,2.6667,1.0,1.0,1.0,2022-2024,2023-2025,False,True,False,2023-2025,3.0,2024
3528007,Macatuba,17120,2024,2023,40411.6238317757,97.07053300849724,94.94,1244.8,99.66395472232048,99.3809692253272,2022,5.841121495327103,5.841121495327103,366.0436137071651,19.470404984423677,9.735202492211839,0.0,436.13707165109037,46.728971962616825,31.152647975077883,36.993769470404985,492,557,0.3177737881508079,0.6211180124223602,0.289048473967684,1.9375,0.59375,0.0843806104129264,C+,C,B,C+,B,C+,B+,B+,1.3333,1.0,2.6667,2.0,2.3333,1.3333,2.6667,2.6667,2022-2024,2023-2025,False,False,False,2023-2025,3.0,2024
3528106,Macaubal,7587,2024,2023,32297.087122709898,89.48001604063627,94.62,1212.0,96.6090425531915,93.68351063829788,2022,21.967400377839287,21.967400377839287,355.8718861209964,26.360880453407145,0.0,0.0,360.2653661965643,13.180440226703572,61.508721057950005,123.01744211590001,224,274,0.45255474452554745,0.5507246376811594,0.2518248175182482,1.0,0.0,0.072992700729927,C+,C+,B,B,B,C,C,C,1.6667,1.3333,3.0,2.0,2.6667,1.0,1.0,1.0,2022-2024,2023-2025,False,False,False,2023-2025,3.0,2024
3528205,Macedônia,4048,2024,2023,30570.652173913044,73.7824880141307,93.59,1200.0,81.95637805684072,88.16920026437542,2022,0.0,8.234519104084322,312.9117259552042,0.0,0.0,0.0,247.03557312252966,24.70355731225296,57.64163372859025,24.70355731225296,82,98,0.25510204081632654,0.625,0.08163265306122448,2.0,0.3333333333333333,0.061224489795918366,C,C,B,B,B,C,C,C+,1.3333,1.3333,3.0,3.0,2.3333,1.0,1.0,1.6667,2022-2024,2023-2025,False,True,False,2023-2025,3.0,2024
3528304,Magda,3212,2024,2023,52599.31506849315,83.6650868878357,94.16,1212.0,94.351630867144,93.87430389817024,2022,10.377750103777501,0.0,383.9767538397675,10.377750103777501,0.0,0.0,217.93275217932754,10.377750103777501,51.88875051888751,10.377750103777501,67,86,0.26744186046511625,0.6428571428571429,0.16279069767441862,0.0,0.0,0.023255813953488372,C+,C,B,B,B,C,C,C,1.6667,1.0,2.6667,3.0,2.3333,1.6667,1.3333,1.0,2022-2024,2023-2025,False,True,False,2023-2025,3.0,2024
3528403,Mairinque,51660,2024,2023,56590.45683313976,92.93981250124934,96.15,1240.0,74.77826725403818,98.3612334801762,2022,9.67866821525358,8.388179119886436,328.4294747709382,83.88179119886438,39.359917408697896,10.969157310620727,565.2342237708091,90.97948122338366,35.48845012259646,122.59646405987868,2007,2240,0.5013392857142858,0.5357142857142857,0.25,1.6142857142857143,0.3380952380952381,0.140625,C,C+,C,C,C,C,C,B,1.0,2.0,1.3333,1.0,1.0,1.0,1.0,2.6667,2022-2024,2023-2025,False,False,False,2023-2025,3.0,2024
3528502,Mairiporã,97399,2024,2023,28410.77423792852,90.18678145610689,95.82,1200.0,75.14671183979672,97.8462096920564,2022,8.213636690315095,7.529166966122171,392.8856216867387,182.06894663531796,70.15814672977477,13.34715962176203,715.9553315057992,99.59034487007052,34.56572107174269,74.26496507493232,4671,5229,0.6131191432396251,0.5761589403973509,0.20214190093708165,1.7976391231028668,0.22934232715008432,0.25511570089883345,B,C,B+,C+,B,C,B,B+,1.6667,1.0,3.3333,1.6667,3.0,1.0,3.3333,4.0,2022-2024,2023-2025,False,False,False,2023-2025,3.0,2024
3528601,Manduri,10092,2024,2023,35782.60007927071,87.45821092087934,95.21,1212.0,92.11168338303062,94.93087557603688,2022,9.908838684106223,9.908838684106223,399.6564935922843,26.423569824283263,0.0,0.0,264.2356982428326,46.241247192495706,49.54419342053111,118.90606420927466,280,345,0.2898550724637681,0.40594059405940597,0.2927536231884058,1.1875,0.125,0.05217391304347826,C,C,B,B,C,C,C,C,1.0,1.0,3.0,2.6667,2.0,1.0,1.0,1.0,2022-2024,2023-2025,False,False,False,2023-2025,3.0,2024
3528700,Marabá Paulista,4627,2024,2023,43585.044305165335,37.72140826590859,93.58,885.0,54.4468546637744,54.15762834417932,2022,0.0,0.0,252.14321734745334,0.0,0.0,0.0,216.12275772638858,14.408183848425905,14.408183848425905,136.8777465600461,88,124,0.24193548387096775,0.6,0.12096774193548387,,,0.016129032258064516,C,C,C,C,C+,C+,C,C,1.0,1.0,1.0,1.0,1.6667,1.6667,1.0,1.0,2022-2024,2023-2025,False,True,False,2023-2025,3.0,2024
3528809,Maracaí,12826,2024,2023,81060.03430531733,91.16231358005209,94.84,1200.0,91.71499585749793,94.3661971830986,2022,7.796663028223921,15.593326056447841,395.0309267633453,10.39555070429856,0.0,0.0,491.189770778107,12.994438380373202,41.58220281719424,135.14215915588127,427,541,0.2828096118299446,0.7209302325581395,0.1589648798521257,4.666666666666667,0.3333333333333333,0.059149722735674676,B,C,B,B+,B+,C,B,A,3.0,1.6667,3.3333,3.0,3.6667,1.3333,3.0,4.3333,2022-2024,2023-2025,False,False,False,2023-2025,3.0,2024
3528858,Marapoama,3392,2024,2023,48219.92924528302,89.09477521263669,94.9,1250.0,91.35702746365104,94.18416801292408,2022,9.827044025157234,9.827044025157234,520.8333333333333,9.827044025157234,0.0,0.0,422.562893081761,19.654088050314467,88.4433962264151,29.481132075471695,113,130,0.24615384615384617,0.3953488372093023,0.33076923076923076,0.0,0.0,0.05384615384615385,C,C,C,B,C+,C,C,C,1.0,1.0,1.6667,3.3333,2.3333,1.0,1.0,1.0,2022-2024,2023-2025,False,True,False,2023-2025,3.0,2024
3528908,Mariápolis,3539,2024,2023,25502.96693981351,86.1087389695417,94.75,1200.0,89.14616497829233,97.9015918958032,2022,0.0,9.41885655081473,320.2411227277008,0.0,0.0,0.0,348.49769238014505,18.83771310162946,37.67542620325892,18.83771310162946,80,102,0.35294117647058826,0.6153846153846154,0.12745098039215685,4.0,0.0,0.09803921568627451,B,B,B,B,B+,B,B,B+,2.6667,2.0,3.0,2.3333,3.3333,2.6667,2.0,2.6667,2022-2024,2023-2025,False,True,False,2023-2025,3.0,2024
3529005,Marília,246627,2024,2023,50714.524362701566,98.85156148080816,97.37,1375.0,98.57464450955328,99.3925270647858,2022,5.5414316626592655,10.271922106392784,407.63311938000845,51.359610531963924,2.9734511360610694,0.1351568698209577,1091.7971944136964,51.49476740178488,34.05953119488134,119.74898666136852,13133,16604,0.5357142857142857,0.42095914742451157,0.23735244519392917,8.165605095541402,0.45222929936305734,0.09262828234160443,C,C,C,C+,C+,C,C,B,1.6667,1.6667,1.3333,2.0,2.3333,1.0,1.6667,4.3333,2022-2024,2023-2025,False,False,False,2023-2025,3.0,2024
3529104,Marinópolis,1870,2024,2023,30141.711229946523,80.64516129032258,89.71,1200.0,83.54253835425384,93.02649930264994,2022,0.0,0.0,267.379679144385,17.825311942959,0.0,0.0,427.80748663101605,35.650623885918,17.825311942959,106.95187165775401,49,63,0.31746031746031744,0.75,0.25396825396825395,,,0.0,B,B,B,B,B+,C,C+,C,2.6667,2.3333,2.6667,3.0,3.6667,1.0,1.3333,1.0,2022-2024,2023-2025,False,True,False,2023-2025,3.0,2024
3529203,Martinópolis,25299,2024,2023,37527.807423218306,85.65572123306941,94.09,1133.33,92.44771057094404,94.09836065573772,2022,3.9527254041661726,11.858176212498517,525.7124787541009,13.175751347220576,1.3175751347220575,0.0,654.8348419568626,21.08120215555292,46.11512971527202,113.31146158609694,1056,1270,0.2559055118110236,0.49333333333333335,0.17716535433070865,1.2692307692307692,0.2692307692307692,0.05669291338582677,C+,C,B,C+,B,C,C+,B+,1.6667,1.0,3.0,2.0,3.0,1.3333,1.3333,4.3333,2022-2024,2023-2025,False,False,False,2023-2025,3.0,2024
3529302,Matão,80998,2024,2023,94407.02239561471,98.17671099414169,96.26,1307.67,99.7605912355574,99.7814093889872,2022,4.93839354058125,4.115327950484374,260.91179206070933,50.20700099590936,18.93050857222812,2.469196770290625,769.1547939455295,142.80187988180776,24.28043490785781,71.60670633842811,3279,3756,0.4584664536741214,0.5767077267637178,0.23775292864749734,0.9558823529411765,0.3431372549019608,0.1211395101171459,C+,C,C+,C+,B,C,B,A,2.3333,1.3333,2.6667,1.6667,2.6667,2.0,1.6667,4.0,2022-2024,2023-2025,False,False,False,2023-2025,3.0,2024
3529401,Mauá,429380,2024,2023,58225.18980856118,99.69158013776088,96.74,1200.0,93.97126176950444,99.42602166178524,2022,6.210505069324763,8.772338410421227,274.19379881068824,428.8353750368749,124.67588926669461,3.1052525346623816,738.0408961758815,363.54744049559827,22.435449562935705,31.207787973356933,25776,27153,0.732073803999558,0.44771907822542717,0.23492800058925348,1.1462246777163905,0.283609576427256,0.288255441387692,C+,C,C+,C+,C+,C,C,B,1.3333,1.0,1.6667,1.3333,1.6667,1.0,1.0,2.6667,2022-2024,2023-2025,False,False,False,2023-2025,3.0,2024
3529500,Mendonça,6369,2024,2023,93224.21102213848,88.8618282188667,94.81,1366.67,98.31533477321814,96.80345572354211,2022,0.0,15.701051970482022,664.6778667504057,20.934735960642698,10.467367980321349,0.0,847.8568064060292,57.57052389176742,99.4399958130528,115.14104778353484,350,414,0.2971014492753623,0.5514018691588785,0.2584541062801932,0.5384615384615384,0.23076923076923078,0.0748792270531401,C+,C,B,C,B,C,C,C,1.3333,1.0,3.0,1.0,3.0,1.0,1.0,1.0,2022-2024,2023-2025,False,False,False,2023-2025,3.0,2024
3529609,Meridiano,4697,2024,2023,93154.77964658293,81.12423447069116,94.34,1212.0,82.73464658169178,94.49594438006952,2022,14.193456816407636,0.0,326.44950677737563,14.193456816407636,7.096728408203818,0.0,369.02987722659856,28.386913632815272,21.290185224611456,70.96728408203818,120,155,0.22580645161290322,0.6111111111111112,0.11612903225806452,17.0,0.0,0.05161290322580645,C+,C,C+,B,B,C,C,C,1.3333,1.0,2.3333,2.0,2.6667,1.0,1.0,1.0,2022-2024,2023-2025,False,True,False,2023-2025,3.0,2024
3529658,Mesópolis,1988,2024,2023,54492.45472837022,82.99180327868852,88.97,1066.67,88.15612382234185,87.75235531628532,2022,0.0,0.0,519.7853789403085,0.0,0.0,0.0,335.345405767941,33.5345405767941,33.5345405767941,16.76727028839705,56,77,0.22077922077922077,0.46153846153846156,0.16883116883116883,1.0,1.0,0.06493506493506493,C+,C+,B,C,B,C+,C,C,2.3333,2.0,3.0,1.6667,3.3333,2.3333,1.0,1.0,2022-2024,2023-2025,False,True,False,2023-2025,3.0,2024
3529708,Miguelópolis,19655,2024,2023,56631.79852454846,95.28830821459802,92.55,1066.67,96.98795180722892,96.32950406276268,2022,10.175527855507505,10.175527855507505,357.8393962520139,137.3696260493513,59.357245823793775,11.871449164758756,1014.160942932248,61.05316713304503,45.78987534978377,127.19409819384381,1082,1510,0.4370860927152318,0.6703910614525139,0.1185430463576159,0.9347826086956522,0.12318840579710146,0.19801324503311257,C,C,C+,C,B,C,C,C,1.0,1.0,2.3333,1.0,1.6667,1.0,1.0,1.0,2022-2024,2023-2025,False,False,False,2023-2025,3.0,2024
3529807,Mineiros do Tietê,11349,2024,2023,27309.983258436867,96.12644701691896,94.11,1066.67,98.23586273562108,98.6950217496375,2022,2.9371163391781945,20.559814374247363,375.9508914148089,20.559814374247363,8.811349017534585,2.9371163391781945,622.6686639057773,41.119628748494726,38.18251240931654,123.35888624548419,428,492,0.44308943089430897,0.477124183006536,0.31097560975609756,1.9333333333333333,0.7333333333333333,0.06707317073170732,C,C,C,C+,B,C,C,C,1.0,1.3333,2.0,2.0,2.6667,1.0,1.0,1.0,2022-2024,2023-2025,False,False,False,2023-2025,3.0,2024
3529906,Miracatu,18679,2024,2023,30024.465977836073,64.63644693580552,92.09,813.0,80.10517090271692,86.95588664913818,2022,12.491746524617662,26.76802826703785,481.8245088066813,321.2163392044542,123.13293002837412,194.51433874047504,1172.4396380962578,46.39791566286561,112.42571872155897,183.8071274336599,1499,1732,0.4503464203233256,0.47044917257683216,0.24422632794457275,1.0680272108843538,0.08503401360544217,0.2869515011547344,C+,C+,B,C+,C,C,B,B+,1.6667,1.3333,3.0,1.6667,1.0,1.0,2.3333,3.0,2022-2024,2023-2025,False,False,False,2023-2025,3.0,2024
3530003,Mira Estrela,3199,2024,2023,24145.04532666458,80.32629558541267,94.57,1212.0,84.15124698310538,91.7135961383749,2022,0.0,10.419922892570595,395.9570699176826,0.0,0.0,0.0,708.5547566948004,0.0,62.519537355423566,41.67969157028238,117,129,0.27906976744186046,0.6521739130434783,0.17829457364341086,,,0.10852713178294573,C+,C,C+,B,B,B,C,C,2.0,1.0,2.6667,3.0,3.0,2.0,1.0,1.0,2022-2024,2023-2025,False,True,False,2023-2025,3.0,2024
3530102,Mirandópolis,28737,2024,2023,34061.245084733964,88.93613979916378,95.27,1212.0,88.55950812472551,94.20289855072464,2022,2.319889573256313,11.599447866281565,357.26299428147223,18.559116586050504,0.0,0.0,487.1768103838258,17.399171799422348,26.678730092447598,221.5494542459779,985,1328,0.3057228915662651,0.7666666666666667,0.11295180722891567,2.7777777777777777,0.5555555555555556,0.07153614457831325,C,C,B,C+,B,C,C,C+,1.0,1.0,2.3333,1.6667,2.3333,1.0,1.0,1.3333,2022-2024,2023-2025,False,False,False,2023-2025,3.0,2024
3530201,Mirante do Paranapanema,16069,2024,2023,40519.509614786235,60.055286800276434,91.74,900.0,67.06958510290755,65.56680823260372,2022,8.29755014831871,10.371937685398386,485.4066836766445,14.520712759557739,4.148775074159355,0.0,748.8539008857634,20.743875370796772,62.231626112390316,64.30601364947,684,800,0.2125,0.6898395721925134,0.23375,2.75,0.8,0.04875,B,C,C+,B+,B+,B,A,A,3.0,1.0,2.6667,4.0,3.6667,3.3333,4.0,3.3333,2022-2024,2023-2025,False,False,False,2023-2025,3.0,2024
3530300,Mirassol,65485,2024,2023,51093.960448957776,97.43278020746168,97.18,1433.33,99.73721621505192,99.12118209623918,2022,6.617291491690209,6.108269069252501,291.66984805680687,48.357130131582295,7.126313914127917,1.0180448448754167,777.7862614848184,54.97442162327251,43.266905907205214,130.81876256649105,2687,3449,0.5398666280081182,0.6098360655737705,0.17686285879965208,2.925925925925926,0.4166666666666667,0.11336619309944912,C+,C,B,B,C+,C,C,B,1.6667,1.0,2.6667,2.6667,1.3333,1.3333,1.0,3.3333,2022-2024,2023-2025,False,False,False,2023-2025,3.0,2024
3530409,Mirassolândia,4771,2024,2023,79260.95158247747,86.42107517669737,95.3,1066.67,86.80999418942476,90.6449738524114,2022,6.9866554880178855,0.0,551.945783553413,0.0,0.0,0.0,649.7589603856634,41.919932928107315,104.79983232026828,90.82652134423252,207,251,0.3545816733067729,0.5833333333333334,0.23904382470119523,2.0,0.42857142857142855,0.055776892430278883,C,C,C+,B,B,C,C,C,1.0,1.0,2.0,1.6667,2.6667,1.0,1.0,1.0,2022-2024,2023-2025,False,True,False,2023-2025,3.0,2024
3530508,Mococa,69324,2024,2023,57910.002308003,94.87300719552016,96.42,1212.0,95.3514739229025,97.70813087139618,2022,4.808339584174793,7.212509376262188,551.9973842632662,105.30263689342797,18.271690419864214,1.9233358336699171,1045.8138595580174,71.64425980420441,41.35172042390322,197.622756909584,4255,5238,0.4440626193203513,0.7097661623108665,0.13879343260786559,1.461139896373057,0.5129533678756477,0.08323787705231005,C,C,C,C+,C+,C,C,B+,1.0,1.0,1.0,1.6667,2.0,1.3333,1.0,2.6667,2022-2024,2023-2025,False,False,False,2023-2025,3.0,2024
3530607,Mogi das Cruzes,468120,2024,2023,55696.23600786123,93.92631310838196,97.07,1200.0,90.88932719149552,98.93063966274504,2022,4.343615597140334,5.554131419294198,349.625452163263,205.50286251388533,53.049075735566376,2.9194793357828477,933.6637329459684,130.37967472727792,42.652881027656726,47.92218519467942,24936,26852,0.650081930582452,0.44859402460456943,0.2542827349918069,1.412015503875969,0.3325581395348837,0.21752569640995084,C,C,B,C+,C+,C+,C,B+,1.6667,1.0,2.6667,1.6667,2.3333,1.3333,1.6667,3.0,2022-2024,2023-2025,False,False,False,2023-2025,3.0,2024
3530706,Mogi Guaçu,159735,2024,2023,59059.30447303346,97.13910112067056,97.19,1300.0,98.21820175438596,99.39875730994152,2022,6.677726651433103,9.80791101929237,343.48556463309023,121.65983243079684,50.50030780146284,0.20867895785728446,883.5467075677424,163.60430296011103,23.580722237873143,95.99232061435085,8142,10072,0.5257148530579825,0.5332555425904317,0.17017474185861795,0.7905056759545923,0.44685242518059853,0.14505559968228754,C,C,B,C,C+,C,B,B+,1.0,1.0,2.3333,1.3333,1.3333,1.0,2.6667,3.3333,2022-2024,2023-2025,False,False,False,2023-2025,3.0,2024
3530805,Mogi Mirim,95534,2024,2023,84710.35442878975,94.32463968538646,96.95,1375.0,95.30108004142625,97.86654830596244,2022,5.582654691872352,5.233738773630331,309.48841948067354,141.65986280626095,65.94510854774217,3.140243264178198,832.5133809254646,178.29603422167327,24.07519835869952,80.59957711390709,4719,5966,0.5613476366074421,0.3849423193685489,0.2760643647334898,1.091324200913242,0.4246575342465753,0.1252095206168287,C+,C,B+,C,B,B,B+,B+,1.6667,1.0,3.3333,1.6667,2.6667,2.0,4.0,3.3333,2022-2024,2023-2025,False,False,False,2023-2025,3.0,2024
3530904,Mombuca,3815,2024,2023,46969.59370904325,85.14239656098871,92.93,1000.0,91.88311688311688,98.05194805194806,2022,8.73743993010048,8.73743993010048,471.821756225426,26.21231979030144,96.11183923110528,0.0,559.1961555264307,131.06159895150722,43.6871996505024,69.89951944080384,162,176,0.38636363636363635,0.6,0.2840909090909091,0.6666666666666666,0.16666666666666666,0.07954545454545454,C+,C+,B,C+,B,C,C,C,1.3333,1.3333,2.6667,1.6667,2.6667,1.0,1.0,1.0,2022-2024,2023-2025,False,True,False,2023-2025,3.0,2024
3531001,Monções,1954,2024,2023,39857.21596724667,90.50077439339184,94.22,1100.0,92.24030037546936,95.61952440550688,2022,0.0,34.1180484476288,324.1214602524735,0.0,17.0590242238144,0.0,392.3575571477311,34.1180484476288,34.1180484476288,51.17707267144319,52,71,0.3380281690140845,0.6666666666666666,0.2535211267605634,1.3333333333333333,0.3333333333333333,0.04225352112676056,C+,C,B+,B,B,C,C,C,1.6667,1.0,3.0,3.0,3.0,1.0,1.6667,1.0,2022-2024,2023-2025,False,True,False,2023-2025,3.0,2024
3531100,Mongaguá,64519,2024,2023,23805.48365597731,98.85877548385014,96.17,1000.0,95.44316706842204,98.88744669015392,2022,6.1997241122770035,17.04924130876176,524.3933311634299,588.9737906663154,74.91333302334712,16.01595395671559,2947.4521717116922,261.9383437437034,55.79751701049303,253.155401251311,9186,9847,0.5398598557936427,0.3931171409662475,0.3068955011678684,1.1195054945054945,0.3901098901098901,0.2572357063064893,C+,C,C+,C,C,C,B+,C+,1.6667,1.3333,2.3333,1.6667,1.3333,1.0,3.3333,1.6667,2022-2024,2023-2025,False,False,False,2023-2025,3.0,2024
3531209,Monte Alegre do Sul,8873,2024,2023,34323.791276907476,70.31413005679842,95.79,1380.0,77.46609124537608,97.25647348951912,2022,0.0,7.513430256583643,251.69991359555206,7.513430256583643,3.7567151282918214,3.7567151282918214,552.2371238588977,48.83729666779369,52.59401179608551,30.05372102633457,255,299,0.3411371237458194,0.43956043956043955,0.30434782608695654,0.42857142857142855,0.5,0.06020066889632107,C,C,C,C,C,C,C,C,1.0,1.3333,1.0,1.0,1.0,1.0,1.0,1.0,2022-2024,2023-2025,False,False,False,2023-2025,3.0,2024
3531308,Monte Alto,48725,2024,2023,62858.53258081067,96.47916929415229,96.69,1466.67,99.16343490304708,97.14681440443212,2022,7.525226611937746,4.7887805712331115,231.9138019497178,73.19993158884898,40.36257910039336,0.0,588.3358987514965,69.77937403796818,14.366341713699333,165.5549854626304,1748,2163,0.5057790106333796,0.625,0.14054553860379104,0.7595419847328244,0.33587786259541985,0.17706888580674987,B,C,B,B,B,B+,B,B,2.0,1.0,2.6667,2.3333,2.6667,3.6667,2.6667,3.0,2022-2024,2023-2025,False,False,False,2023-2025,3.0,2024
3531407,Monte Aprazível,22650,2024,2023,45852.53863134658,93.15978456014362,96.21,1290.0,96.0074065501678,96.4818886702928,2022,7.358351729212656,16.188373804267844,451.80279617365716,23.5467255334805,5.886681383370125,0.0,590.1398086828551,45.62178072111847,52.980132450331126,216.3355408388521,958,1194,0.3500837520938023,0.621301775147929,0.14154103852596314,3.0454545454545454,0.22727272727272727,0.09045226130653267,C,C,C+,C+,C+,C,C,C,1.0,1.0,2.0,2.6667,1.6667,1.0,1.0,1.0,2022-2024,2023-2025,False,False,False,2023-2025,3.0,2024
3531506,Monte Azul Paulista,18363,2024,2023,52170.887109949355,94.14357335683984,95.2,1250.0,95.98168119367706,97.84310828778254,2022,0.0,3.6304888453230224,508.26843834522316,9.076222113307557,5.445733267984534,0.0,522.7903937265153,32.674399607907205,61.71831037049139,123.43662074098278,698,1019,0.43572129538763493,0.5909090909090909,0.04317958783120707,3.2857142857142856,0.35714285714285715,0.06280667320902845,C,C,C,C+,B,C,C,C,1.6667,1.0,2.3333,2.3333,3.0,1.0,2.0,1.3333,2022-2024,2023-2025,False,False,False,2023-2025,3.0,2024
3531605,Monte Castelo,4301,2024,2023,37653.33643338759,84.4860255802937,92.54,1200.0,99.81549815498155,93.9729397293973,2022,7.750135627373479,7.750135627373479,441.7577307602883,7.750135627373479,0.0,0.0,589.0103076803845,0.0,69.7512206463613,77.50135627373479,155,182,0.24725274725274726,0.5862068965517241,0.15934065934065933,,,0.03296703296703297,C+,C,B+,B,B,C+,C,C,1.3333,1.0,3.3333,2.3333,2.3333,1.3333,1.0,1.0,2022-2024,2023-2025,False,True,False,2023-2025,3.0,2024
3531704,Monteiro Lobato,4205,2024,2023,27084.661117717005,37.409376510391496,91.9,1031.43,76.33928571428571,96.42857142857144,2022,0.0,7.927070947284978,277.44748315497424,63.416567578279825,23.781212841854934,0.0,871.9778042013476,174.39556084026952,39.635354736424894,31.708283789139912,188,211,0.45023696682464454,0.5740740740740741,0.2559241706161137,0.7916666666666666,0.5,0.11848341232227488,C+,B,B,C+,C+,C+,C+,B+,2.0,2.0,2.6667,2.0,2.0,1.3333,2.0,2.3333,2022-2024,2023-2025,False,True,False,2023-2025,3.0,2024
3531803,Monte Mor,67296,2024,2023,89892.38587731811,97.04463208685162,95.58,1062.75,95.03238775966048,98.73129327674782,2022,14.36440006340149,12.38310350293232,348.2128705024568,106.49469012521794,61.9155175146616,12.38310350293232,521.5763195435093,86.68172452052623,46.065145030908226,103.0274211443969,2651,3103,0.6677408959071865,0.4406779661016949,0.17112471801482437,1.318435754189944,0.3016759776536313,0.205607476635514,C,C,B,C,C+,C,C,C,1.0,1.0,2.0,1.3333,1.6667,1.0,1.6667,1.0,2022-2024,2023-2025,False,False,False,2023-2025,3.0,2024
3531902,Morro Agudo,28561,2024,2023,69332.13122789818,96.2266852826406,94.85,1120.0,99.11159912158116,97.12517468556598,2022,7.002555932915515,15.172204521316946,422.4875412859027,147.05367459122579,33.845687009091655,1.167092655485919,979.190737952686,52.51916949686636,31.51150169811981,135.38274803636662,1564,2187,0.50480109739369,0.65234375,0.11705532693187014,1.2543859649122806,0.35964912280701755,0.20987654320987653,C,C,C,B,B,C,C+,B,1.3333,1.0,1.6667,3.0,3.0,1.6667,2.0,2.6667,2022-2024,2023-2025,False,False,False,2023-2025,3.0,2024
3532009,Morungaba,14081,2024,2023,54374.05013848448,84.98542274052478,96.36,1250.0,90.77212806026364,98.66080770035572,2022,2.367256113438913,9.469024453755653,262.76542859171934,18.938048907511305,14.203536680633478,2.367256113438913,584.7122600194115,47.34512226877826,42.61061004190043,56.81414672253391,440,481,0.4282744282744283,0.7404580152671756,0.27234927234927236,2.2777777777777777,0.05555555555555555,0.07068607068607069,C,C,B+,C,C+,B,C,C,1.0,1.0,2.6667,1.0,2.3333,2.6667,2.0,1.6667,2022-2024,2023-2025,False,False,False,2023-2025,3.0,2024
3532058,Motuca,4079,2024,2023,41928.65898504535,73.05404065443727,93.0,1212.0,81.65722379603399,94.47592067988668,2022,0.0,0.0,196.12650159352782,24.515812699190977,24.515812699190977,8.171937566396993,286.01781482389475,49.031625398381955,49.031625398381955,40.859687831984964,83,101,0.3069306930693069,0.7333333333333333,0.1485148514851485,0.7058823529411765,0.0,0.0891089108910891,C,C,C,C+,B,C,C,C,1.3333,1.3333,2.0,2.6667,2.3333,1.0,1.0,1.0,2022-2024,2023-2025,False,True,False,2023-2025,3.0,2024
3532108,Murutinga do Sul,3763,2024,2023,30155.19532288068,73.37436446347337,94.34,1212.0,84.45945945945947,79.66216216216216,2022,0.0,0.0,451.76720701567893,8.858180529719196,8.858180529719196,0.0,620.0726370803437,35.43272211887678,35.43272211887678,35.43272211887678,135,149,0.21476510067114093,0.4583333333333333,0.1610738255033557,4.5,0.5,0.040268456375838924,C+,C,B,B,C+,C,C,C,1.6667,1.0,3.0,3.0,2.6667,1.3333,1.0,1.0,2022-2024,2023-2025,False,True,False,2023-2025,3.0,2024
3532157,Nantes,2699,2024,2023,70231.93775472397,91.72932330827066,92.51,1000.0,96.39727361246348,97.07887049659202,2022,0.0,0.0,666.9136717302705,12.350253180190194,0.0,0.0,469.3096208472274,24.700506360380388,61.75126590095097,24.700506360380388,102,118,0.2542372881355932,0.4864864864864865,0.3135593220338983,0.5,0.5,0.059322033898305086,C+,C,B,C+,B,C,C,C,1.3333,1.0,2.6667,1.6667,3.3333,1.0,1.0,1.0,2022-2024,2023-2025,False,True,False,2023-2025,3.0,2024
3532207,Narandiba,5908,2024,2023,151668.41570751523,89.67267635217924,93.9,1150.0,93.79544352884147,94.08628211342705,2022,5.642067253441661,11.284134506883323,908.3728278041074,11.284134506883323,0.0,0.0,835.0259535093659,11.284134506883323,28.2103362672083,16.926201760324982,324,345,0.3884057971014493,0.72,0.14492753623188406,3.5,1.0,0.02318840579710145,B,C,B,C+,B,B,C,C,2.0,1.0,3.3333,1.6667,3.0,3.3333,1.0,1.0,2022-2024,2023-2025,False,False,False,2023-2025,3.0,2024
3532306,Natividade da Serra,7134,2024,2023,22347.210541070926,41.69167023860552,89.4,828.57,63.565891472868216,91.43763213530656,2022,14.017381553125876,32.707223623960374,280.34763106251756,28.034763106251752,14.017381553125876,0.0,551.3503410896178,32.707223623960374,23.362302588543127,37.379684141669,217,247,0.3319838056680162,0.5306122448979592,0.19838056680161945,0.4166666666666667,0.3333333333333333,0.06072874493927125,C,C,C+,C+,C+,C,C,B+,1.0,1.0,2.0,1.3333,1.6667,1.0,1.0,3.0,2022-2024,2023-2025,False,False,False,2023-2025,3.0,2024
3532405,Nazaré Paulista,18620,2024,2023,31976.906552094522,50.10155349398913,92.91,1066.67,62.790005948839976,94.4824509220702,2022,14.321518080916576,7.160759040458288,279.26960257787323,71.6075904045829,96.6702470461869,12.531328320802006,664.1604010025063,100.25062656641605,42.964554242749735,42.964554242749735,744,829,0.40530759951749096,0.6205357142857143,0.27020506634499397,0.7236842105263158,0.40131578947368424,0.2014475271411339,C,C,C+,B,C,C,C,B,1.0,1.0,2.3333,1.6667,1.0,1.0,1.0,2.6667,2022-2024,2023-2025,False,False,False,2023-2025,3.0,2024
3532504,Neves Paulista,9921,2024,2023,38765.447031549236,89.84431384678832,95.08,1350.0,96.39591178052716,95.37385691231846,2022,3.359876356550079,13.439505426200316,453.5833081342607,10.079629069650236,3.359876356550079,0.0,396.4654100729093,30.23888720895071,47.0382689917011,36.95863992205087,296,363,0.2892561983471074,0.5,0.17079889807162535,2.4444444444444446,0.3333333333333333,0.06887052341597796,C+,C,B,B,B+,C,C,C,1.6667,1.3333,2.3333,2.3333,3.3333,1.0,1.0,1.0,2022-2024,2023-2025,False,False,False,2023-2025,3.0,2024
3532603,Nhandeara,9944,2024,2023,51072.20434432824,83.23183110028421,94.4,1212.0,92.95318725099602,93.17729083665338,2022,0.0,13.408420488066506,375.43577366586214,16.760525610083132,0.0,0.0,449.18208635022796,20.112630732099756,23.464735854116384,90.50683829444891,295,387,0.3669250645994832,0.7258064516129032,0.16020671834625322,2.75,0.125,0.10077519379844961,C+,B,C,C,B,C+,C,C+,2.0,2.6667,1.6667,1.3333,2.0,2.0,1.0,1.3333,2022-2024,2023-2025,False,False,False,2023-2025,3.0,2024
3532702,Nipoã,4860,2024,2023,30189.09465020576,91.09473684210526,92.91,1150.0,91.8228279386712,95.40034071550257,2022,0.0,6.858710562414267,610.4252400548697,13.717421124828533,0.0,0.0,555.5555555555555,48.010973936899866,54.86968449931413,123.45679012345678,206,221,0.2850678733031674,0.6222222222222222,0.20361990950226244,1.5,0.0,0.08144796380090498,C+,C,B,B,B,C,C+,C,1.3333,1.0,2.0,2.6667,2.3333,1.0,1.6667,1.0,2022-2024,2023-2025,False,True,False,2023-2025,3.0,2024
3532801,Nova Aliança,6858,2024,2023,52710.70282881307,89.63095771701778,95.4,1266.67,96.0015993602559,95.60175929628149,2022,4.86050354816759,9.72100709633518,495.77136191309415,9.72100709633518,0.0,0.0,320.79323417906096,38.88402838534072,82.62856031884903,72.90755322251385,213,247,0.3643724696356275,0.46296296296296297,0.21862348178137653,0.3333333333333333,0.1111111111111111,0.06477732793522267,B,C+,B,B+,B,C,C+,C,2.3333,2.0,2.3333,3.6667,2.3333,1.0,1.6667,1.0,2022-2024,2023-2025,False,False,False,2023-2025,3.0,2024
3532827,Nova Campina,8631,2024,2023,30211.215386397867,71.02506767094269,92.23,775.0,69.86301369863014,95.06849315068492,2022,3.8620476576680955,15.448190630672382,339.8601938747924,30.896381261344764,0.0,0.0,440.2734329741629,15.448190630672382,77.24095315336191,34.758428919012864,248,271,0.2656826568265683,0.5974025974025974,0.28413284132841327,0.375,0.125,0.15867158671586715,C+,C+,B+,C,B,C,C,C,1.3333,1.3333,3.3333,1.3333,2.6667,1.0,1.0,1.0,2022-2024,2023-2025,False,False,False,2023-2025,3.0,2024
3532843,Nova Canaã Paulista,2058,2024,2023,27780.369290573373,66.53543307086615,94.22,1212.0,69.1086691086691,86.32478632478633,2022,0.0,32.39390994493035,388.7269193391642,16.196954972465175,16.196954972465175,0.0,469.7116942014901,32.39390994493035,48.59086491739553,16.196954972465175,63,77,0.33766233766233766,0.75,0.1038961038961039,2.0,1.0,0.07792207792207792,C+,C,B,B+,C+,C,C,C,2.3333,2.0,3.0,3.6667,2.3333,1.3333,1.0,1.0,2022-2024,2023-2025,False,True,False,2023-2025,3.0,2024
3532868,Nova Castilho,1074,2024,2023,84942.27188081936,72.97551789077212,95.9,1250.0,79.14572864321609,92.21105527638191,2022,0.0,0.0,279.3296089385475,0.0,0.0,0.0,434.5127250155183,31.036623215394165,31.036623215394165,0.0,25,27,0.14814814814814814,0.8181818181818182,0.4074074074074074,2.0,0.0,0.0,C,C,C,C+,B,C,C,C,1.0,1.0,2.6667,2.6667,3.0,1.0,1.0,1.0,2022-2024,2023-2025,False,True,False,2023-2025,3.0,2024
3532900,Nova Europa,9459,2024,2023,58822.28565387462,96.19804532273656,94.53,1002.6,98.93270085976876,98.57693447969169,2022,3.5239806885858265,17.619903442929132,440.4975860732283,10.57194206575748,3.5239806885858265,0.0,595.5527363710047,24.667864820100785,56.38369101737322,84.57553652605984,351,399,0.3408521303258145,0.5384615384615384,0.16290726817042606,1.3333333333333333,0.1111111111111111,0.07769423558897243,C,C,B,C+,B,C,C,C,1.0,1.0,2.6667,1.3333,2.6667,1.3333,1.0,1.3333,2022-2024,2023-2025,False,False,False,2023-2025,3.0,2024
3533007,Nova Granada,19725,2024,2023,37127.55386565273,92.04387455584737,94.67,1212.0,95.08579272477694,96.1015785861359,2022,6.759611322348965,15.209125475285171,385.297845373891,42.24757076468103,3.3798056611744824,0.0,506.97084917617235,28.7283481199831,49.00718208702999,106.46387832699621,677,835,0.31137724550898205,0.6,0.16167664670658682,6.222222222222222,0.3333333333333333,0.09461077844311377,C+,C,B,C,B,C,C,C,1.6667,1.0,2.3333,1.0,3.0,1.0,1.0,1.3333,2022-2024,2023-2025,False,False,False,2023-2025,3.0,2024
3533106,Nova Guataporanga,2188,2024,2023,21686.92870201097,90.63079777365492,89.96,1166.67,99.19261822376008,97.46251441753172,2022,0.0,0.0,548.4460694698355,0.0,0.0,0.0,228.51919561243145,0.0,30.469226081657528,45.703839122486286,56,64,0.25,0.8571428571428571,0.109375,,,0.0625,C+,C,B,B,B,B,B,C,2.0,1.0,3.0,3.0,2.6667,3.0,1.6667,1.0,2022-2024,2023-2025,False,True,False,2023-2025,3.0,2024
3533205,Nova Independência,4795,2024,2023,59632.74244004171,76.02516814927316,96.12,1133.33,90.34670292318152,93.47382732834804,2022,0.0,13.903371567605143,458.81126173096976,0.0,0.0,0.0,604.7966631908238,34.758428919012864,41.71011470281543,83.42022940563086,178,212,0.25471698113207547,0.7446808510638298,0.22169811320754718,1.6666666666666667,0.6666666666666666,0.09433962264150944,C,C,C+,C,B,C,C,C,1.0,1.0,2.3333,1.0,2.6667,1.0,1.0,1.0,2022-2024,2023-2025,False,True,False,2023-2025,3.0,2024
3533254,Novais,4469,2024,2023,23608.63727903334,93.8123300090662,94.59,1000.0,95.16635279347145,95.41745134965474,2022,7.458790184232118,7.458790184232118,425.1510405012307,14.917580368464236,0.0,0.0,305.81039755351685,37.29395092116059,44.7527411053927,44.7527411053927,119,148,0.30405405405405406,0.4444444444444444,0.12162162162162163,4.0,0.5,0.060810810810810814,C,C,B,B,B,C,C,C,1.0,1.0,2.6667,2.3333,2.3333,1.0,1.0,1.0,2022-2024,2023-2025,False,True,False,2023-2025,3.0,2024
3533304,Nova Luzitânia,2838,2024,2023,24693.446088794924,87.87451533309834,93.87,1033.33,95.18716577540108,97.95008912655972,2022,0.0,11.745360582569885,434.57834155508573,11.745360582569885,0.0,0.0,634.2494714587738,11.745360582569885,46.98144233027954,35.236081747709655,101,117,0.36752136752136755,0.5185185185185185,0.23076923076923078,,,0.05128205128205128,C+,C,B,B,B,B,B,C,1.6667,1.0,2.6667,2.3333,3.3333,2.6667,2.0,1.0,2022-2024,2023-2025,False,True,False,2023-2025,3.0,2024
3533403,Nova Odessa,64228,2024,2023,87396.41589337983,99.23733049549332,97.87,1500.0,99.22061539847728,99.8558363742848,2022,5.1898445122584125,5.1898445122584125,276.09972805214755,84.59446554981213,38.40484939071226,15.050549085549397,760.8312054970834,170.74588445330178,21.797346951485334,57.60727408606839,2766,3304,0.572639225181598,0.5320388349514563,0.15587167070217917,1.0,0.20408163265306123,0.16979418886198547,C+,C,C,C+,C+,B,B,C,2.0,1.6667,1.6667,1.6667,2.3333,3.0,2.3333,1.0,2022-2024,2023-2025,False,False,False,2023-2025,3.0,2024
3533502,Novo Horizonte,39435,2024,2023,58673.33586915177,95.50151341196116,94.66,1212.0,97.84406779661016,97.41016949152542,2022,5.0716368708000505,16.90545623600017,402.34985841680395,20.286547483200202,3.381091247200034,1.690545623600017,774.2698956088078,49.025823084400486,49.025823084400486,172.43565360720174,1768,2269,0.38651388276773907,0.5855263157894737,0.2009695901278096,1.323076923076923,0.3384615384615385,0.10312913177611283,B,B,B,B,B,C,C,B,2.0,1.6667,2.6667,3.0,3.0,1.0,1.0,3.3333,2022-2024,2023-2025,False,False,False,2023-2025,3.0,2024
3533601,Nuporanga,7550,2024,2023,163647.28476821192,93.6679745636585,95.47,1333.33,96.20253164556962,98.28741623231572,2022,0.0,4.415011037527594,437.0860927152318,22.075055187637968,8.830022075055188,0.0,688.7417218543046,61.81015452538632,66.2251655629139,79.47019867549669,310,501,0.3373253493013972,0.7301587301587301,0.12574850299401197,0.4090909090909091,0.36363636363636365,0.041916167664670656,C,C,B,C+,B,C,C,C,1.6667,1.0,3.3333,2.0,3.0,1.0,1.0,1.0,2022-2024,2023-2025,False,False,False,2023-2025,3.0,2024
3533700,Ocauçu,4412,2024,2023,37150.95194922938,85.54606326483491,93.72,1050.0,96.97903822441432,89.51911220715166,2022,7.555152614082805,15.11030522816561,355.0921728618918,30.22061045633122,0.0,7.555152614082805,498.6400725294651,7.555152614082805,37.77576307041402,128.4375944394077,144,170,0.2529411764705882,0.6206896551724138,0.17058823529411765,4.0,0.0,0.058823529411764705,C,C,B,B,C+,C,C,C,1.0,1.0,2.0,2.6667,2.0,1.0,1.0,1.0,2022-2024,2023-2025,False,True,False,2023-2025,3.0,2024
3533809,Óleo,2540,2024,2023,56382.67716535433,76.47292993630573,94.9,1200.0,71.73689619732785,90.7502569373073,2022,26.246719160104988,39.37007874015748,170.60367454068242,13.123359580052494,0.0,0.0,603.6745406824147,0.0,78.74015748031496,0.0,71,83,0.37349397590361444,0.4117647058823529,0.20481927710843373,,,0.03614457831325301,C,C,B,B,B,C,C,C,1.0,1.0,3.0,2.6667,2.3333,1.0,1.0,1.0,2022-2024,2023-2025,False,True,False,2023-2025,3.0,2024
3533908,Olímpia,56701,2024,2023,62956.13833971182,96.87874496132476,96.55,1250.0,98.8980311489862,97.95278675678324,2022,4.703032868320959,6.466670193941318,377.41838768275693,35.27274651240719,4.703032868320959,1.7636373256203592,738.3761603263905,31.15759275262635,44.09093314050899,183.41828186451738,2428,2745,0.3457194899817851,0.4884287454323995,0.29908925318761387,2.9361702127659575,0.1276595744680851,0.12276867030965391,B,C+,B+,B,C+,C,B,B,3.0,2.0,3.3333,2.6667,2.6667,2.0,3.0,2.6667,2022-2024,2023-2025,False,False,False,2023-2025,3.0,2024
3534005,Onda Verde,4912,2024,2023,75445.64332247557,91.36449381680988,94.29,1200.0,90.5460951262478,96.06576629477392,2022,0.0,20.35830618892508,475.02714440825196,27.14440825190011,6.7861020629750275,0.0,726.1129207383278,54.28881650380022,61.07491856677524,95.00542888165037,216,271,0.3062730627306273,0.48717948717948717,0.14391143911439114,1.2222222222222223,0.4444444444444444,0.04797047970479705,C,C,B,C,B,C,C,C,1.0,1.0,3.0,1.0,3.0,1.0,1.0,1.0,2022-2024,2023-2025,False,True,False,2023-2025,3.0,2024
3534104,Oriente,6180,2024,2023,31404.368932038837,94.95480690221856,95.81,1230.0,97.09355131698456,98.18346957311536,2022,0.0,5.393743257820928,269.6871628910464,5.393743257820928,0.0,0.0,453.0744336569579,10.787486515641856,10.787486515641856,107.87486515641855,160,204,0.30392156862745096,0.4888888888888889,0.22058823529411764,1.8333333333333333,0.16666666666666666,0.06862745098039216,B,B,B,B,B,C,C,C,2.6667,3.3333,2.6667,2.0,3.0,2.6667,1.0,1.0,2022-2024,2023-2025,False,False,False,2023-2025,3.0,2024
3534203,Orindiúva,6145,2024,2023,135129.3734743694,93.17729083665338,93.96,1212.0,94.37883797827114,98.15777042985356,2022,10.848928668294006,16.273393002441008,233.25196636832112,5.424464334147003,0.0,0.0,347.1657173854082,32.546786004882016,59.669107675617035,32.546786004882016,136,163,0.22699386503067484,0.6181818181818182,0.3374233128834356,1.3333333333333333,0.16666666666666666,0.08588957055214724,C+,C,B+,B,B+,C+,C,C,2.3333,1.6667,3.6667,3.0,3.6667,1.3333,1.0,1.0,2022-2024,2023-2025,False,False,False,2023-2025,3.0,2024
3534302,Orlândia,39193,2024,2023,82862.9602224887,97.9018241603382,96.45,1266.67,99.14447968139244,98.71671952208864,2022,5.1029520577654175,1.7009840192551393,290.01777528300124,49.32853655839904,25.514760288827087,9.355412105903264,534.9594740557412,52.73050459690931,29.767220336964932,69.7403447894607,1256,1741,0.4991384261918438,0.6367924528301887,0.12176909821941413,1.7410714285714286,0.38392857142857145,0.14072372199885125,C+,C,C+,B,B,C,C+,C+,2.0,1.0,2.3333,2.3333,2.6667,1.0,1.3333,2.6667,2022-2024,2023-2025,False,False,False,2023-2025,3.0,2024
3534401,Osasco,756952,2024,2023,157743.2294253797,99.99876477975336,97.19,1250.25,94.65336765172697,99.52691100037096,2022,5.724713500107448,5.900858530879986,271.2633473897068,515.752650101988,85.25419489390785,25.36488443124531,1065.1490010815305,362.2862920414152,21.40162123886323,46.72246941241541,54610,58407,0.7399455544712107,0.4903395368660321,0.24103275292345094,1.591784612110248,0.4035330424603597,0.30686390329926205,C+,C,B,C+,B,C,C+,B+,2.0,1.0,3.0,1.6667,3.0,1.3333,3.0,4.3333,2022-2024,2023-2025,False,False,False,2023-2025,3.0,2024
3534500,Oscar Bressane,2504,2024,2023,49280.750798722045,82.99595141700405,94.17,1212.0,94.375,96.25,2022,0.0,13.312034078807242,319.4888178913738,0.0,0.0,0.0,399.36102236421726,0.0,26.624068157614484,39.936102236421725,60,77,0.18181818181818182,0.6666666666666666,0.15584415584415584,,,0.05194805194805195,C,C,B,C+,C+,C,C,C+,1.0,1.0,2.3333,2.3333,2.0,1.0,1.0,2.0,2022-2024,2023-2025,False,True,False,2023-2025,3.0,2024
3534609,Osvaldo Cruz,32099,2024,2023,50320.81996323873,92.5844205679202,96.3,1212.0,98.73310092679192,96.96454383130686,2022,2.076907899519196,1.038453949759598,334.3821718225905,17.653717145913163,1.038453949759598,0.0,676.0335212934982,10.384539497595979,12.461447397115174,85.15322388028703,1098,1635,0.42201834862385323,0.4788732394366197,0.08685015290519878,5.333333333333333,0.3333333333333333,0.056269113149847096,C,C,B,B,C+,C+,C,B,1.3333,1.0,2.6667,2.6667,2.0,2.0,1.0,3.6667,2022-2024,2023-2025,False,False,False,2023-2025,3.0,2024
3534708,Ourinhos,106877,2024,2023,45872.9380502821,98.1571607194383,96.76,1250.0,99.21056786484922,99.60265249197413,2022,4.678275026432254,9.980320056388809,470.3225826573226,43.04013024317673,6.549585037005155,1.2475400070486011,906.3378151208086,45.53521025727394,47.40652026784684,206.7797561683056,5585,7261,0.45558463021622364,0.48482142857142857,0.15424872607078915,3.4134078212290504,0.2849162011173184,0.10301611348299132,C,C,B,C,C,C,C,C+,1.0,1.0,2.6667,1.0,1.3333,1.0,2.3333,2.3333,2022-2024,2023-2025,False,False,False,2023-2025,3.0,2024
3534757,Ouroeste,10596,2024,2023,63300.77387693469,91.39304449193703,94.47,1212.0,96.53808110781404,96.3897131552918,2022,0.0,9.437523593808985,553.6680508367938,12.58336479174531,6.291682395872655,0.0,638.6057631810746,25.16672958349062,78.64602994840821,122.68780671951681,460,547,0.263254113345521,0.5363636363636364,0.20109689213893966,2.8461538461538463,0.0,0.06946983546617916,C+,C+,C+,C+,B+,C,C,C,2.3333,2.6667,2.0,2.3333,3.3333,1.6667,1.6667,1.3333,2022-2024,2023-2025,False,False,False,2023-2025,3.0,2024
3534807,Ouro Verde,7901,2024,2023,23654.09441842805,94.60084843810256,91.79,950.0,98.122226015705,96.58586548310004,2022,0.0,0.0,531.578281230224,0.0,0.0,0.0,388.1365228030207,8.437750495717841,59.06425347002489,54.84537822216597,247,291,0.29553264604810997,0.5882352941176471,0.11683848797250859,,,0.05154639175257732,C+,C+,B,B,C+,C,C+,C+,1.6667,1.3333,3.0,2.3333,2.6667,1.0,1.6667,1.3333,2022-2024,2023-2025,False,False,False,2023-2025,3.0,2024
3534906,Pacaembu,15217,2024,2023,18745.087730827363,60.065873496000535,95.09,1212.0,90.58424621804905,94.00104329681794,2022,8.762130073820947,2.1905325184552367,468.7739589494206,4.381065036910473,0.0,0.0,328.5798777682855,13.143195110731419,37.23905281373902,258.4828371777179,512,695,0.20719424460431654,0.5901639344262295,0.08776978417266187,0.8235294117647058,0.47058823529411764,0.03741007194244604,C+,C,B,B,B,C,C,C+,1.3333,1.6667,2.6667,2.0,2.6667,1.0,1.0,1.6667,2022-2024,2023-2025,False,False,False,2023-2025,3.0,2024
3535002,Palestina,11689,2024,2023,51616.73368123877,86.72882537469502,93.53,1212.0,91.26235399820304,92.56513926325248,2022,2.851683919354379,8.555051758063136,402.0874326289674,2.851683919354379,2.851683919354379,0.0,382.1256451934867,34.220207032252546,68.44041406450509,85.55051758063136,347,403,0.3176178660049628,0.6551724137931034,0.21588089330024815,1.8333333333333333,0.75,0.04714640198511166,C+,C,B,C,B,C+,C,C,1.3333,1.0,2.3333,1.0,3.3333,1.3333,1.0,1.0,2022-2024,2023-2025,False,False,False,2023-2025,3.0,2024
3535101,Palmares Paulista,9709,2024,2023,21592.954990215265,98.02072538860104,93.13,1103.0,98.514418875619,98.83483833381882,2022,13.732962543344662,13.732962543344662,497.819892196244,10.299721907508497,0.0,0.0,497.819892196244,34.33240635836165,48.06536890170632,58.36509080921481,342,411,0.2944038929440389,0.5757575757575758,0.08029197080291971,2.2222222222222223,0.5555555555555556,0.043795620437956206,C,C,C+,B,B,C,C,C,1.3333,1.0,2.6667,2.6667,3.0,1.0,1.0,1.0,2022-2024,2023-2025,False,False,False,2023-2025,3.0,2024
3535200,Palmeira d'Oeste,8994,2024,2023,34341.11629975539,82.38795911490509,93.94,1212.0,86.93069306930693,89.19377652050919,2022,3.7061744866948336,11.1185234600845,348.3804017493144,11.1185234600845,0.0,0.0,422.5038914832111,33.355570380253496,29.64939589355867,88.948187680676,256,364,0.3626373626373626,0.5396825396825397,0.17307692307692307,3.0,0.3333333333333333,0.06043956043956044,C,C,C,C,B,C,C,C,1.0,1.0,2.0,1.3333,2.6667,1.0,1.0,1.0,2022-2024,2023-2025,False,False,False,2023-2025,3.0,2024
3535309,Palmital,19767,2024,2023,71118.88501037082,94.84025722159843,96.0,1200.0,97.17506451174792,96.38734211598532,2022,6.745248815365677,11.804185426889934,467.1084804640731,35.412556280669804,1.6863122038414193,0.0,981.433702635706,26.98099526146271,30.353619669145548,183.8080302187147,1035,1162,0.3442340791738382,0.6313868613138686,0.23580034423407917,3.5,0.3181818181818182,0.09896729776247848,B,C,B+,B,B+,B,B,B+,2.6667,1.0,3.3333,3.0,3.6667,2.6667,2.6667,4.0,2022-2024,2023-2025,False,False,False,2023-2025,3.0,2024
3535408,Panorama,15214,2024,2023,26104.443275930065,97.17321571772254,93.33,1066.67,96.6114046274367,98.05064674804154,2022,8.76385785022567,10.954822312782087,525.8314710135402,15.336751237894921,0.0,0.0,902.677358573244,21.909644625564173,70.11086280180535,78.87472065203102,746,859,0.23632130384167638,0.5419354838709678,0.18044237485448195,6.0,0.0,0.1420256111757858,C,C,C,C+,B,C,C,C,1.0,1.0,1.0,1.6667,2.0,1.0,1.0,1.0,2022-2024,2023-2025,False,False,False,2023-2025,3.0,2024
3535507,Paraguaçu Paulista,42087,2024,2023,74462.47059662128,91.72422178988326,95.39,1166.67,96.84317032040472,95.70994940978078,2022,10.296132614188071,11.880153016370851,399.96515155115196,8.712112212005291,0.7920102010913901,0.0,769.8339154608311,34.05643864692977,19.008244826193362,116.42549956043433,1731,2056,0.3754863813229572,0.6815642458100558,0.17412451361867703,2.1470588235294117,0.4117647058823529,0.08122568093385214,C+,C,B,C+,B,B,C+,C,2.0,1.3333,3.3333,1.6667,2.6667,2.6667,2.6667,1.3333,2022-2024,2023-2025,False,False,False,2023-2025,3.0,2024
3535606,Paraibuna,17950,2024,2023,22761.504178272982,61.22714665761024,93.34,1033.33,64.83101991550996,95.08147254073629,2022,9.285051067780872,20.42711234911792,410.3992571959146,35.28319405756732,1.8570102135561748,0.0,893.22191272052,51.99628597957289,40.85422469823584,57.56731662024141,819,899,0.339265850945495,0.5620437956204379,0.3047830923248053,1.25,0.2857142857142857,0.08231368186874305,C,C,B,C+,B,C,C,B,1.0,1.0,3.0,1.6667,2.0,1.0,2.0,3.0,2022-2024,2023-2025,False,False,False,2023-2025,3.0,2024
3535705,Paraíso,6211,2024,2023,70210.27209789083,87.14543367765208,94.06,1333.33,95.1058201058201,95.06172839506172,2022,10.733644609026996,0.0,305.9088713572694,16.100466913540494,5.366822304513498,0.0,236.14018139859388,26.834111522567486,26.834111522567486,10.733644609026996,119,153,0.35294117647058826,0.5,0.06535947712418301,3.75,0.25,0.0392156862745098,C,C,B+,C+,B,C,C,B,1.6667,1.3333,3.3333,2.6667,3.0,1.0,1.0,2.0,2022-2024,2023-2025,False,False,False,2023-2025,3.0,2024
3535804,Paranapanema,19799,2024,2023,61747.9165614425,81.7220933230214,94.31,1100.0,78.4012859856788,94.03770276194652,2022,6.734346852534641,3.3671734262673203,430.998198562217,18.51945384447026,1.6835867131336602,0.0,500.025253800697,33.6717342626732,42.0896678283415,75.7614020910147,661,769,0.2964889466840052,0.6106194690265486,0.1469440832249675,2.1666666666666665,0.6111111111111112,0.12093628088426528,C+,B+,B,C,C,C,C+,B,1.3333,2.0,3.0,1.0,1.3333,1.0,1.3333,3.0,2022-2024,2023-2025,False,False,False,2023-2025,3.0,2024
3535903,Paranapuã,4111,2024,2023,39078.8129408903,91.71421483502851,93.23,1200.0,95.4278249510124,94.77465708687131,2022,0.0,32.43330900835158,689.207816427471,0.0,0.0,0.0,478.3913078731858,56.75829076461527,56.75829076461527,364.8747263439552,207,267,0.36329588014981273,0.6190476190476191,0.07865168539325842,0.6153846153846154,0.23076923076923078,0.033707865168539325,C+,B+,C+,C+,B+,C,C,C,1.6667,2.6667,2.3333,1.3333,3.3333,1.0,1.0,1.0,2022-2024,2023-2025,False,True,False,2023-2025,3.0,2024
3536000,Parapuã,10729,2024,2023,107219.31214465467,87.03213610586012,93.28,1200.0,94.6855192588981,90.8337396392004,2022,6.213688756330195,9.320533134495292,310.6844378165098,27.96159940348588,12.42737751266039,0.0,720.7878957343027,24.85475502532078,34.17528815981608,52.81635442880667,386,452,0.2411504424778761,0.6122448979591837,0.1084070796460177,1.3125,0.125,0.14823008849557523,B,C,B+,B,B+,C,C,C+,2.3333,1.0,2.6667,3.0,3.0,1.3333,1.0,2.3333,2022-2024,2023-2025,False,False,False,2023-2025,3.0,2024
3536109,Pardinho,7382,2024,2023,69895.82768897318,86.81672025723472,94.75,1230.0,88.29872204472844,97.92332268370608,2022,9.030976248532466,9.030976248532466,392.8474668111623,13.5464643727987,9.030976248532466,9.030976248532466,907.613112977513,27.0929287455974,67.7323218639935,72.24780998825973,336,402,0.32338308457711445,0.5376344086021505,0.23134328358208955,1.2272727272727273,0.13636363636363635,0.11194029850746269,C,C,C+,C,C,C,C,C,1.0,1.0,1.6667,1.0,1.0,1.0,1.0,1.0,2022-2024,2023-2025,False,False,False,2023-2025,3.0,2024
3536208,Pariquera-Açu,19576,2024,2023,38470.422966898244,74.2109915249831,95.07,1013.33,87.06156309125309,96.69625964197353,2022,1.7027652908323119,8.513826454161558,400.14984334559324,40.86636697997548,5.108295872496935,11.919357035826183,645.3480452254462,40.86636697997548,78.32720337828633,132.81569268492032,802,955,0.38952879581151834,0.47214854111405835,0.3947643979057592,1.2173913043478262,0.4782608695652174,0.12356020942408377,B,C+,B+,C,B,B,C+,B,2.6667,2.0,3.0,1.3333,2.0,2.3333,2.0,3.0,2022-2024,2023-2025,False,False,False,2023-2025,3.0,2024
3536257,Parisi,3001,2024,2023,22636.121292902364,86.44536652835409,93.28,1212.0,89.16967509025271,93.7725631768953,2022,0.0,22.214817283127847,788.6260135510385,22.214817283127847,0.0,0.0,622.0148839275797,44.42963456625569,99.96667777407531,66.64445184938354,150,177,0.24293785310734464,0.36,0.14124293785310735,0.75,1.0,0.1016949152542373,C+,C,B,B,C+,C,B,C+,2.0,1.0,2.3333,2.3333,2.3333,1.6667,2.0,1.3333,2022-2024,2023-2025,False,True,False,2023-2025,3.0,2024
3536307,Patrocínio Paulista,14837,2024,2023,124689.08809058435,85.63947078280044,95.84,1100.0,98.7059526179574,92.63388413298826,2022,8.986542652378064,6.739906989283548,467.3002179236593,26.95962795713419,15.726449641661612,0.0,1105.344746242502,65.15243422974096,22.46635663094516,78.63224820830806,800,917,0.35223555070883317,0.6561514195583596,0.3456924754634678,1.1666666666666667,0.2,0.14612868047982552,C+,C,B,B,B,C,C,C+,1.6667,1.0,3.3333,2.3333,2.6667,1.3333,1.0,1.3333,2022-2024,2023-2025,False,False,False,2023-2025,3.0,2024
3536406,Paulicéia,8200,2024,2023,39316.34146341463,90.42111879321182,94.79,955.0,74.02730375426621,93.0716723549488,2022,4.065040650406504,12.195121951219512,410.5691056910569,0.0,0.0,0.0,378.0487804878049,0.0,89.4308943089431,65.04065040650407,236,283,0.3286219081272085,0.5454545454545454,0.15547703180212014,11.0,0.0,0.04240282685512368,C,C,B,C+,B+,C,C,C,1.3333,2.0,2.6667,1.6667,3.3333,1.0,1.3333,1.0,2022-2024,2023-2025,False,False,False,2023-2025,3.0,2024
3536505,Paulínia,115690,2024,2023,579715.6193275132,99.04918715000407,97.81,1750.0,97.7860460206882,99.93930757863627,2022,4.898147347797274,5.762526291526205,367.3610510847956,101.13233641628489,47.25271559051488,8.355663122712997,927.1904803065663,117.55553634713459,31.117641974241508,109.4879995389979,5970,7104,0.5805180180180181,0.5226455787203451,0.19580518018018017,1.3470839260312943,0.31152204836415365,0.15962837837837837,B,B,B+,B,B,B,A,C+,2.6667,2.6667,3.3333,3.0,2.0,2.3333,4.3333,1.6667,2022-2024,2023-2025,False,False,False,2023-2025,3.0,2024
3536570,Paulistânia,2146,2024,2023,34718.54613233924,75.35885167464114,92.4,1075.0,87.20626631853786,96.21409921671018,2022,15.532774153463809,15.532774153463809,403.85212799005905,0.0,0.0,0.0,512.5815470643057,15.532774153463809,77.66387076731904,15.532774153463809,68,79,0.22784810126582278,0.48,0.31645569620253167,9.0,0.0,0.0379746835443038,C+,C,B,B,B,C+,B+,C,2.0,1.0,3.0,2.6667,3.0,2.3333,2.6667,1.0,2022-2024,2023-2025,False,True,False,2023-2025,3.0,2024
3536604,Paulo de Faria,7430,2024,2023,57354.777927321666,88.1891891891892,92.76,1100.0,97.63374485596708,95.43895747599451,2022,0.0,4.486316733961417,506.95379093764024,26.917900403768503,0.0,0.0,282.6379542395693,8.972633467922835,26.917900403768503,98.69896814715118,213,256,0.26171875,0.6,0.1171875,1.3333333333333333,0.0,0.03515625,C,C,C+,C+,B,C,C,B,1.0,1.0,1.6667,2.0,2.6667,1.0,1.0,1.6667,2022-2024,2023-2025,False,False,False,2023-2025,3.0,2024
3536703,Pederneiras,46223,2024,2023,83084.63319126841,93.599839382515,95.39,1200.0,96.02203574402664,95.83626929729036,2022,6.490275404019643,3.605708557788691,432.6850269346429,37.49936900100239,12.25940909648155,0.7211417115577382,793.255882713512,83.65243854069763,29.566810173867268,125.47865781104646,2115,2627,0.47316330414921964,0.5880281690140845,0.21621621621621623,2.4761904761904763,0.4666666666666667,0.11952797868290826,C+,C,C+,B,B,C,B,C+,2.0,1.0,2.6667,3.0,3.0,1.3333,3.3333,1.3333,2022-2024,2023-2025,False,False,False,2023-2025,3.0,2024
3536802,Pedra Bela,6718,2024,2023,21966.210181601666,27.03980478877536,92.72,1200.0,30.42242079610073,98.13160032493909,2022,9.92358836955443,4.961794184777215,248.08970923886076,29.770765108663294,0.0,0.0,297.70765108663295,29.770765108663294,39.69435347821772,49.61794184777216,143,179,0.39106145251396646,0.6571428571428571,0.19553072625698323,0.8,0.1,0.31843575418994413,C,C,B+,C,C,C,C,C,1.3333,1.0,3.3333,1.6667,2.0,1.0,1.3333,1.0,2022-2024,2023-2025,False,False,False,2023-2025,3.0,2024
3536901,Pedranópolis,2848,2024,2023,41056.1797752809,62.32508073196986,94.25,1250.0,77.66159695817491,87.26235741444867,2022,0.0,11.704119850187267,351.12359550561797,0.0,0.0,0.0,386.23595505617976,0.0,81.92883895131087,46.81647940074907,75,88,0.2727272727272727,0.6666666666666666,0.17045454545454544,,,0.045454545454545456,C+,C,C+,B,C+,C,C,B,1.6667,1.3333,2.0,1.6667,2.3333,1.3333,1.0,3.0,2022-2024,2023-2025,False,True,False,2023-2025,3.0,2024
3537008,Pedregulho,15742,2024,2023,90044.97522551137,79.55555555555556,94.0,1164.8,89.65888689407541,97.14542190305208,2022,6.352432981832041,10.587388303053402,421.37805446152544,21.174776606106803,29.644687248549527,4.234955321221361,1101.088383517554,46.58450853343497,40.23207555160293,88.93406174564859,836,990,0.30303030303030304,0.7016129032258065,0.12525252525252525,1.472972972972973,0.04054054054054054,0.14242424242424243,C+,C,C+,C+,C+,B,C,C+,2.0,1.0,2.6667,2.0,3.0,2.6667,1.0,1.3333,2022-2024,2023-2025,False,False,False,2023-2025,3.0,2024
3537107,Pedreira,44332,2024,2023,40992.78173779663,98.33225088142513,96.74,1366.67,97.96306872263467,99.47966241512786,2022,2.255706938554543,9.022827754218172,300.0090228277542,48.87365033534844,24.81277632409997,0.0,515.8049866161388,90.98017985503323,30.076092514060573,119.55246774339076,1518,1768,0.43947963800904977,0.5635593220338984,0.1334841628959276,0.9328358208955224,0.47761194029850745,0.18665158371040724,B,C,B,B,B+,B,B+,A,3.0,1.3333,3.3333,3.0,3.6667,3.3333,3.6667,5.0,2022-2024,2023-2025,False,False,False,2023-2025,3.0,2024
3537156,Pedrinhas Paulista,2838,2024,2023,62708.597603946444,90.44222539229672,95.07,1350.0,91.72154280338664,93.88523047977422,2022,11.745360582569885,11.745360582569885,246.65257223396756,11.745360582569885,0.0,0.0,281.88865398167724,11.745360582569885,23.49072116513977,0.0,51,63,0.30158730158730157,0.75,0.19047619047619047,1.0,0.0,0.031746031746031744,C+,C,B,B,B+,C,B,C,2.0,1.0,3.0,2.3333,3.0,1.6667,2.3333,1.3333,2022-2024,2023-2025,False,True,False,2023-2025,3.0,2024
3537206,Pedro de Toledo,11539,2024,2023,18060.403847820435,65.74771740093964,92.67,875.0,79.67046894803549,91.60963244613434,2022,11.555016321460554,14.443770401825692,387.09304676892856,43.33131120547708,5.777508160730277,0.0,953.2888465204958,37.5538030447468,80.88511425022388,57.775081607302766,551,613,0.33442088091353994,0.4484536082474227,0.3164763458401305,4.3076923076923075,0.3076923076923077,0.08319738988580751,C,C,C,C,C,C,C,C,1.0,1.0,1.0,1.3333,1.6667,1.0,1.6667,1.0,2022-2024,2023-2025,False,False,False,2023-2025,3.0,2024
3537305,Penápolis,63317,2024,2023,43324.54159230538,96.04727703108028,96.81,1250.0,97.5788385317939,97.41513010511804,2022,7.8967733783975875,17.37290143247469,364.83093008196846,23.69032013519276,5.79096714415823,0.0,903.9173260472438,48.95999494606504,34.74580286494938,124.24256782012203,2909,3909,0.4377078536710156,0.6730462519936204,0.16039907904834996,3.28,0.64,0.08365310821181889,C+,C,B,C+,C,C+,C,C,2.0,1.0,3.0,2.6667,1.3333,2.0,1.0,1.0,2022-2024,2023-2025,False,False,False,2023-2025,3.0,2024
3537404,Pereira Barreto,24389,2024,2023,61333.34700069704,93.68748703050426,94.57,1200.0,95.29118856895433,95.215414591903,2022,10.933890961772384,20.50104555332322,362.1851381087102,35.535145625760244,1.366736370221548,0.0,746.2380581409651,32.801672885317146,66.97008214085585,61.50313665996966,979,1231,0.3241267262388302,0.5758754863813229,0.20877335499593827,4.086956521739131,0.4782608695652174,0.0958570268074736,C+,C,B,B,B+,C,C,B,2.0,1.0,3.3333,3.0,3.3333,1.3333,1.0,2.6667,2022-2024,2023-2025,False,False,False,2023-2025,3.0,2024
3537503,Pereiras,8969,2024,2023,45764.63373843238,71.3746137118004,95.24,1166.67,93.3783349405336,96.04628736740598,2022,3.7165049986992233,3.7165049986992233,412.5320548556138,26.01553499089456,11.14951499609767,0.0,579.7747797970788,89.19611996878136,37.16504998699223,33.44854498829301,322,348,0.3103448275862069,0.5737704918032787,0.3505747126436782,1.3333333333333333,0.4444444444444444,0.1235632183908046,C+,C,C+,B,C+,C,C,C,1.6667,1.3333,2.3333,2.0,2.3333,1.0,1.0,1.0,2022-2024,2023-2025,False,False,False,2023-2025,3.0,2024
3537602,Peruíbe,70543,2024,2023,33553.94582027983,97.64454588014982,95.99,950.0,95.2110649184522,98.8247521586185,2022,9.450500640271418,20.79110140859712,553.7993375199052,386.525476187101,93.08743130667347,4.725250320135709,2693.3926824773544,145.06518482816625,63.3183542898185,247.60311677511118,8926,9521,0.554878689213318,0.5857385398981324,0.3093162482932465,1.8713235294117647,0.6029411764705882,0.18874067850015755,C+,C,C+,B,B,C,C,C+,1.6667,1.0,2.0,2.6667,2.0,1.0,1.3333,2.0,2022-2024,2023-2025,False,False,False,2023-2025,3.0,2024
3537701,Piacatu,5623,2024,2023,28467.899697670284,92.44428338467114,92.93,1212.0,93.2724651609803,97.93368572801538,2022,17.784101013693757,5.928033671231253,349.7539866026439,29.640168356156263,5.928033671231253,0.0,308.25775090402516,11.856067342462506,47.42426936985002,29.640168356156263,136,159,0.3018867924528302,0.6,0.15723270440251572,2.0,0.5,0.1320754716981132,C+,C,B,B+,B,C,C,C,2.3333,1.0,3.6667,4.0,3.0,1.6667,1.0,1.0,2022-2024,2023-2025,False,False,False,2023-2025,3.0,2024
3537800,Piedade,54237,2024,2023,33918.76394343345,57.07381536718897,95.42,1190.67,55.79869857262805,96.56801007556676,2022,4.302106188272458,3.072932991623185,272.8764496561388,51.01068766094486,19.052184548063746,0.6145865983246369,569.1071900486138,48.55234126764632,23.354290736336203,96.490095936968,1771,2004,0.40668662674650696,0.599290780141844,0.1407185628742515,1.6422018348623852,0.5504587155963303,0.10578842315369262,C,C,B,C,C,C,C,B,1.0,1.0,2.3333,1.3333,1.0,1.0,1.0,2.3333,2022-2024,2023-2025,False,False,False,2023-2025,3.0,2024
3537909,Pilar do Sul,28417,2024,2023,52883.62599852201,79.4127231253847,94.89,1200.0,76.87806916727614,96.79239368926967,2022,3.5190203047471584,7.038040609494317,195.8921302975918,26.979155669728215,9.384054145992422,0.0,475.0677411408664,50.43929103470927,26.979155669728215,249.85044163704822,891,1048,0.3244274809160305,0.49743589743589745,0.18606870229007633,0.7959183673469388,0.3469387755102041,0.08301526717557252,B,C+,B+,B,B,C,C,C,2.3333,2.0,3.6667,3.3333,2.0,1.0,1.0,1.3333,2022-2024,2023-2025,False,False,False,2023-2025,3.0,2024
3538006,Pindamonhangaba,172027,2024,2023,79491.47517540852,96.3343569407839,97.42,1125.0,98.103252060558,99.59478566748284,2022,15.501442603002241,11.81984998478921,295.49624961973024,126.91806131208087,27.321292587791454,2.712752455525392,697.9524532001759,67.43127532305975,22.86462783942831,82.73894989352446,6971,7822,0.572104321145487,0.5606316976875353,0.22666837126054717,1.287257019438445,0.38228941684665224,0.15200715929429814,B+,A,B,B,B,B,B+,A,3.0,2.3333,2.6667,2.3333,2.6667,2.6667,3.3333,4.6667,2022-2024,2023-2025,False,False,False,2023-2025,3.0,2024
3538105,Pindorama,14721,2024,2023,49812.92031791319,94.89753816531426,95.0,1300.0,98.88257922696464,97.6918849606155,2022,4.528677852500962,0.0,473.2468355863505,9.057355705001925,2.264338926250481,2.264338926250481,498.1545637751059,40.75810067250866,31.700744967506736,90.57355705001925,509,625,0.344,0.625,0.1536,3.25,0.125,0.072,C,C,B,C+,B,C,C,C,1.0,1.0,2.6667,2.0,2.6667,1.0,1.0,1.0,2022-2024,2023-2025,False,False,False,2023-2025,3.0,2024
3538204,Pinhalzinho,15605,2024,2023,26684.07561678949,60.030215449290594,96.2,1150.0,63.14578910120311,98.8676574663836,2022,2.1360674997329916,10.680337498664958,354.5872049556766,19.224607497596924,12.81640499839795,2.1360674997329916,666.4530599166934,29.904944996261882,34.177079995727865,130.30011748371248,591,721,0.5159500693481276,0.6649746192893401,0.27323162274618584,1.4782608695652173,0.34782608695652173,0.052704576976421634,C,C,C+,C+,B,C,C,C,1.0,1.0,2.3333,1.3333,2.0,1.0,1.3333,1.0,2022-2024,2023-2025,False,False,False,2023-2025,3.0,2024
3538303,Piquerobi,3296,2024,2023,30429.611650485436,81.31127450980392,92.15,1137.33,85.59190031152649,86.29283489096574,2022,0.0,10.11326860841424,404.53074433656957,0.0,0.0,0.0,313.51132686084145,0.0,50.566343042071196,80.90614886731392,85,109,0.3119266055045872,0.6,0.1834862385321101,,,0.06422018348623854,B,B,B,B,B,B+,C+,C+,2.6667,3.0,2.6667,3.0,2.3333,3.3333,1.6667,1.3333,2022-2024,2023-2025,False,True,False,2023-2025,3.0,2024
3538501,Piquete,12570,2024,2023,18087.589498806683,91.76941553242594,96.71,1005.0,81.99124726477024,98.42450765864332,2022,7.9554494828957845,13.259082471492974,373.9061256961018,42.429063908777515,10.607265977194379,2.6518164942985947,570.1405462741978,31.821797931583138,31.821797931583138,90.16176080615222,443,493,0.40365111561866124,0.6914893617021277,0.19066937119675456,4.0,0.36363636363636365,0.1460446247464503,C,C,B,C,C+,C,C,C,1.0,1.0,3.0,1.6667,1.6667,1.0,1.6667,1.3333,2022-2024,2023-2025,False,False,False,2023-2025,3.0,2024
3538600,Piracaia,26764,2024,2023,29870.310865341504,82.2736178877406,94.53,1243.5,88.6707265854683,98.4670306593868,2022,3.7363622776864442,9.963632740497184,335.0271508992178,33.627260499178,13.69999501818363,1.245454092562148,569.1725203009017,24.909081851242963,54.79998007273452,77.21815373885319,902,1074,0.39664804469273746,0.594059405940594,0.18808193668528864,1.288888888888889,0.3333333333333333,0.1191806331471136,C+,C,B,C,C+,C,C,B+,1.6667,1.6667,3.0,1.3333,1.6667,1.0,1.6667,3.0,2022-2024,2023-2025,False,False,False,2023-2025,3.0,2024
3538709,Piracicaba,438827,2024,2023,101068.50307752258,97.85624688476648,97.62,1450.0,98.80587796278662,99.74650642097949,2022,5.545085724746502,7.064287293170201,314.2468444284422,99.9634632022794,26.43410729057237,1.974962038950809,839.5107867109363,134.60125896233976,8.811369096857456,169.01117448713654,21158,24123,0.48198814409484725,0.5028782894736842,0.2016332960245409,0.9656887120835406,0.3426156141223272,0.13053931932180907,C+,C,B,B,C,B,B,B,1.6667,1.0,3.0,2.3333,1.0,3.0,3.0,1.6667,2022-2024,2023-2025,False,False,False,2023-2025,3.0,2024
3538808,Piraju,30261,2024,2023,35974.65384488285,93.65402908003804,96.7,1212.0,94.01143271935396,98.01288449324018,2022,5.507639095425355,9.913750371765639,501.19515768370724,37.451945848892414,2.203055638170142,0.0,565.0837711906414,35.24889021072227,48.46722403974312,95.83292026040118,1181,1433,0.33845080251221216,0.4701298701298701,0.2686671318911375,1.075,0.425,0.0718771807397069,C+,C,B+,B,B,C,C,C,1.6667,1.0,2.6667,2.6667,3.0,1.0,1.0,1.0,2022-2024,2023-2025,False,False,False,2023-2025,3.0,2024
3538907,Pirajuí,22743,2024,2023,32441.146726465286,81.51219294726049,94.79,1200.0,98.22287546766437,96.77979690005346,2022,4.396957305544563,10.259567046270648,483.6653036099019,7.3282621759076045,2.931304870363042,0.0,549.6196631930704,26.38174383326738,36.641310879538025,153.8935056940597,870,1086,0.23941068139963168,0.5031847133757962,0.1445672191528545,1.4,0.6333333333333333,0.09484346224677716,C,C,C+,C,C+,C,C,C,1.0,1.0,2.6667,1.6667,2.3333,1.0,2.0,1.0,2022-2024,2023-2025,False,False,False,2023-2025,3.0,2024
3539004,Pirangi,11076,2024,2023,48351.841820151676,92.36564079007807,94.89,1306.0,92.9493545183714,94.66236345580934,2022,9.028530155290719,9.028530155290719,361.14120621162874,51.16167087998074,15.047550258817862,0.0,544.7213193692066,81.25677139761648,45.14265077645359,108.34236186348862,407,438,0.2853881278538813,0.5656565656565656,0.22602739726027396,1.3928571428571428,0.17857142857142858,0.15296803652968036,C,C,C,C,B,C+,C,C,1.3333,1.0,1.3333,1.6667,3.0,1.6667,2.3333,1.0,2022-2024,2023-2025,False,False,False,2023-2025,3.0,2024
3539103,Pirapora do Bom Jesus,18836,2024,2023,36807.921002335956,96.5160587915079,95.39,975.0,74.18032786885246,97.72131147540983,2022,8.84830466482622,15.926948396687195,500.81404402916405,86.71338571529695,21.23593119558293,1.769660932965244,399.94337085014513,54.85948892192256,35.39321865930488,116.79762157570609,702,796,0.5012562814070352,0.5769230769230769,0.19597989949748743,1.0246913580246915,0.19753086419753085,0.1620603015075377,C,C,C+,C,C+,C,C,B,1.0,1.0,1.6667,1.0,2.0,1.0,1.6667,3.6667,2022-2024,2023-2025,False,False,False,2023-2025,3.0,2024
3539202,Pirapozinho,26065,2024,2023,54131.133704201035,94.8713902477513,95.6,1250.0,96.13510880155894,98.51683447006604,2022,8.951979026791994,7.673124880107423,474.4548884199757,7.673124880107423,2.5577082933691413,0.0,594.6671782083254,29.413645373745123,48.596457574013684,129.1642688151416,1019,1198,0.27796327212020033,0.5989304812834224,0.15609348914858096,2.9473684210526314,0.47368421052631576,0.08430717863105175,C+,C,B,C+,B+,B,C,C+,1.6667,1.0,2.6667,2.0,3.3333,3.0,1.0,1.3333,2022-2024,2023-2025,False,False,False,2023-2025,3.0,2024
3539301,Pirassununga,75475,2024,2023,57030.977144749915,95.91134679447956,96.92,1356.0,97.94632185157012,97.31971458582346,2022,5.741415479739428,3.091531412167384,437.6725184939825,54.3226233852269,14.57436237164624,3.091531412167384,737.1094181296235,93.62923705421221,15.899304405432263,161.64292812189467,3457,4007,0.4799101572248565,0.5311203319502075,0.12028949338657349,1.8722466960352422,0.2687224669603524,0.11529822810082356,C,C,C+,C+,C,C,C,C,1.0,1.0,2.6667,2.0,1.0,1.3333,1.3333,1.0,2022-2024,2023-2025,False,False,False,2023-2025,3.0,2024
3539400,Piratininga,15554,2024,2023,25051.755175517552,87.1657400052952,96.52,1457.33,91.93671368661838,94.834159359512,2022,6.429214350006429,12.858428700012858,411.46971840041147,10.715357250010715,4.286142900004286,0.0,814.3671510008144,66.43521495006644,30.003000300030006,51.43371480005143,657,817,0.3561811505507956,0.5243243243243243,0.22643818849449204,3.5,0.5,0.10403916768665851,B,B,B,C+,B,C+,C,B+,2.3333,2.3333,3.0,2.3333,2.6667,2.0,1.0,4.0,2022-2024,2023-2025,False,False,False,2023-2025,3.0,2024
3539509,Pitangueiras,34416,2024,2023,53177.59181775918,96.2285442774841,94.49,1102.4,96.96791533680498,98.0766000335965,2022,11.622501162250115,16.465209979854333,317.6816984348365,98.79125987912599,13.559584689291803,0.9685417635208431,750.6198667286534,60.04958933829227,30.024794669146136,87.16875871687587,1432,1609,0.4288377874456184,0.7331081081081081,0.18396519577377252,1.6842105263157894,0.5,0.12678682411435674,C,C,C+,C+,B,C,C,C+,1.0,1.0,2.3333,2.0,2.6667,1.0,1.3333,1.6667,2022-2024,2023-2025,False,False,False,2023-2025,3.0,2024
3539608,Planalto,4454,2024,2023,74424.56219128873,88.42560947824106,92.08,1166.67,90.09118541033436,93.61702127659576,2022,7.483909594372101,7.483909594372101,501.42194282293076,29.935638377488402,14.967819188744201,0.0,591.2288579553958,37.419547971860496,97.2908247268373,112.2586439155815,187,216,0.21296296296296297,0.7586206896551724,0.13425925925925927,1.4285714285714286,0.0,0.12962962962962962,C,C,C,C+,B,C,C,C,1.6667,2.0,1.6667,2.3333,3.0,1.0,1.0,1.0,2022-2024,2023-2025,False,True,False,2023-2025,3.0,2024
3539707,Platina,3061,2024,2023,52403.136229990196,83.63636363636363,93.45,1070.67,94.0864960282436,93.46866725507502,2022,10.889687465969727,32.66906239790918,566.2637482304258,0.0,0.0,0.0,446.47718610475874,32.66906239790918,43.55874986387891,98.00718719372753,113,130,0.45384615384615384,0.5384615384615384,0.2,6.5,0.5,0.023076923076923078,C+,C,B,B,C+,C+,C,C,2.0,1.0,3.6667,3.0,2.3333,2.6667,1.3333,1.0,2022-2024,2023-2025,False,True,False,2023-2025,3.0,2024
3539806,Poá,106431,2024,2023,43321.58863489021,99.81593022695516,97.35,1150.0,97.27506572066596,99.66644995335952,2022,8.142990920565124,4.69787937724911,345.7639221655345,668.0384474448234,187.60198313148112,17.851941633546616,990.9393566410789,265.8999727522996,29.126852138944482,52.61624902519003,8208,8564,0.7383232134516581,0.4584199584199584,0.22466137319009807,1.2503875968992249,0.2682170542635659,0.37961233068659506,C,C,B,C+,C,C+,C+,C,1.0,1.0,3.0,1.6667,1.0,2.3333,2.0,1.0,2022-2024,2023-2025,False,False,False,2023-2025,3.0,2024
3539905,Poloni,5696,2024,2023,35111.30617977528,91.68454935622316,93.71,1212.0,95.75645756457564,92.89667896678966,2022,11.704119850187267,11.704119850187267,345.27153558052436,0.0,5.852059925093633,0.0,655.4307116104869,23.408239700374533,29.260299625468164,111.18913857677902,204,248,0.3911290322580645,0.6172839506172839,0.32661290322580644,1.1666666666666667,0.6666666666666666,0.05241935483870968,C,C,B,C+,B+,C,C,C,1.0,1.0,3.0,2.3333,3.3333,1.0,1.0,1.0,2022-2024,2023-2025,False,False,False,2023-2025,3.0,2024
3540002,Pompéia,20512,2024,2023,122321.8116224649,94.5137651020004,96.42,1482.0,98.19499521400246,97.74374401750308,2022,0.0,4.875195007800312,214.50858034321374,21.12584503380135,0.0,0.0,433.8923556942278,24.37597503900156,21.12584503380135,195.00780031201248,563,711,0.469760900140647,0.43846153846153846,0.1828410689170183,0.8235294117647058,0.8235294117647058,0.06329113924050633,C,C,B,B,C+,C,C,C,1.6667,1.0,3.0,3.0,3.0,2.3333,1.3333,2.3333,2022-2024,2023-2025,False,False,False,2023-2025,3.0,2024
3540101,Pongaí,3443,2024,2023,36125.47197211734,84.68335787923417,95.23,1212.0,90.24211298606016,96.11151870873074,2022,0.0,9.68147933004163,522.799883822248,19.36295866008326,0.0,0.0,377.5776938716236,19.36295866008326,67.77035531029142,164.5851486107077,122,154,0.2532467532467532,0.6153846153846154,0.16883116883116883,,,0.1038961038961039,C+,C,B,C,C+,B,B,C,2.0,1.0,2.6667,1.0,1.3333,3.6667,3.0,1.0,2022-2024,2023-2025,False,True,False,2023-2025,3.0,2024
3540200,Pontal,38376,2024,2023,56127.63185324161,97.66266918392851,94.14,1100.0,99.6492565764392,99.71788028974456,2022,11.29177958446251,11.29177958446251,244.07615871030507,68.61927593634911,6.9487874365923155,2.605795288722118,586.3039399624765,83.38544923910777,17.371968591480787,183.2742686401223,1399,1559,0.48620910840282233,0.6761363636363636,0.11289288005131494,1.4936708860759493,0.5189873417721519,0.14753046824887747,C,C,C,C+,C,C,C,B,1.0,1.0,1.3333,1.6667,1.0,1.3333,1.3333,2.6667,2022-2024,2023-2025,False,False,False,2023-2025,3.0,2024
3540259,Pontalinda,4196,2024,2023,31457.81696854147,83.69275502786527,89.36,1103.0,89.08973531310524,92.57585539057456,2022,7.9440737210041314,31.776294884016526,722.9107086113759,0.0,7.9440737210041314,0.0,492.5325707022562,23.83222116301239,31.776294884016526,190.65776930409913,190,227,0.29955947136563876,0.525,0.1762114537444934,3.5,0.0,0.05726872246696035,C,C,C,B,C+,B,C,C,1.6667,1.6667,1.6667,2.6667,2.3333,2.0,1.0,1.3333,2022-2024,2023-2025,False,True,False,2023-2025,3.0,2024
3540309,Pontes Gestal,2415,2024,2023,63146.583850931675,89.73607038123167,91.58,1206.0,92.68547544409611,95.40229885057472,2022,13.802622498274673,0.0,483.0917874396135,0.0,0.0,0.0,662.5258799171843,27.605244996549345,69.01311249137336,82.81573498964804,97,106,0.29245283018867924,0.5882352941176471,0.16037735849056603,0.0,0.5,0.08490566037735849,C,C,C+,B,B,C,C,C+,1.3333,1.0,2.0,2.6667,2.3333,1.0,1.3333,3.0,2022-2024,2023-2025,False,True,False,2023-2025,3.0,2024
3540408,Populina,4185,2024,2023,37284.82676224611,82.91737339471771,91.74,1078.0,97.27385377942998,94.6716232961586,2022,0.0,7.964954201513342,430.10752688172045,7.964954201513342,15.929908403026683,0.0,454.0023894862605,15.929908403026683,79.6495420151334,95.57945041816009,139,168,0.20833333333333334,0.6136363636363636,0.2619047619047619,0.3333333333333333,0.0,0.05357142857142857,C,C,C,C+,B,C,C,C,1.3333,1.6667,1.3333,1.6667,2.6667,1.0,1.0,1.0,2022-2024,2023-2025,False,True,False,2023-2025,3.0,2024
3540507,Porangaba,10773,2024,2023,28701.383087348,57.64041718495838,94.67,1025.0,75.47795054804996,96.04894213612032,2022,0.0,6.188310281877533,256.81487669791767,43.31817197314273,12.376620563755067,0.0,733.3147684024876,27.847396268448897,55.69479253689779,80.44803366440793,393,477,0.32914046121593293,0.7244897959183674,0.20545073375262055,2.0384615384615383,0.15384615384615385,0.05870020964360587,B,B,B,B+,B+,C+,B,C+,2.6667,2.0,3.3333,3.3333,3.0,1.3333,2.0,2.0,2022-2024,2023-2025,False,False,False,2023-2025,3.0,2024
3540606,Porto Feliz,58345,2024,2023,86846.32787728168,84.73016266350426,96.45,1212.0,91.53314399013986,98.16730078773914,2022,4.570514468534864,6.284457394235439,255.37749592938556,61.70194532522067,49.70434484531665,6.284457394235439,602.7365955380353,69.70034564515669,42.848573142514354,253.09223869511814,2367,2749,0.43688614041469626,0.4406779661016949,0.17169879956347764,1.243445692883895,0.4307116104868914,0.11858857766460532,B,C,B+,B,B,B,B+,A,2.6667,1.0,3.6667,3.0,2.6667,3.6667,4.6667,4.6667,2022-2024,2023-2025,False,False,False,2023-2025,3.0,2024
3540705,Porto Ferreira,53940,2024,2023,56903.13311086392,98.54508157799768,96.16,1300.0,98.4303637986246,99.11281432096172,2022,9.269558769002595,8.03361759980225,418.9840563589173,97.02138178222717,45.11185267581263,10.505499938202941,693.9809665059943,87.13385242862441,17.303176368804845,253.9859102706711,2656,3030,0.5376237623762377,0.5927903871829105,0.24719471947194718,1.065625,0.384375,0.14785478547854786,C+,C,B,C+,B,C,B,B+,2.3333,1.0,3.3333,2.3333,2.6667,1.0,3.6667,4.0,2022-2024,2023-2025,False,False,False,2023-2025,3.0,2024
3540754,Potim,20767,2024,2023,17107.478210622623,85.1804629266379,95.25,866.67,99.09439219784048,99.7561825148032,2022,44.9430988266641,57.78398420571098,431.77477087045156,43.33798815428324,11.235774706666025,0.0,409.3032214571195,33.70732411999808,32.10221344761721,253.607486236176,821,963,0.40498442367601245,0.5365853658536586,0.1277258566978193,2.310344827586207,0.7241379310344828,0.08722741433021806,C,C,B,C,C,C,B,C+,1.6667,2.0,3.0,1.6667,1.3333,1.0,2.0,2.0,2022-2024,2023-2025,False,False,False,2023-2025,3.0,2024
3540804,Potirendaba,18994,2024,2023,53554.964725702856,91.49545847750863,95.63,1275.0,94.33019976498235,97.737955346651,2022,10.529640939243972,14.039521252325295,445.7547997613281,22.814222035028607,5.264820469621986,0.0,766.9088484082693,45.62844407005721,49.13832438313854,63.177845635463825,811,943,0.6871686108165429,0.6741573033707865,0.18875927889713678,7.857142857142857,0.8571428571428571,0.09225874867444327,C+,C,B,B,B,C,B,B+,1.3333,1.0,3.0,3.0,3.0,1.0,1.6667,3.0,2022-2024,2023-2025,False,False,False,2023-2025,3.0,2024
3540853,Pracinha,2599,2024,2023,16929.973066564064,50.89216446858029,95.97,1100.0,98.8909426987061,97.96672828096118,2022,0.0,12.825445684237527,269.3343593689881,0.0,0.0,0.0,179.55623957932536,0.0,38.47633705271259,243.68346800051302,58,75,0.17333333333333334,0.3,0.13333333333333333,,,0.0,C,C,B,C+,B,C,C,C+,1.3333,1.0,2.0,2.0,2.6667,1.6667,1.3333,1.3333,2022-2024,2023-2025,False,True,False,2023-2025,3.0,2024
3540903,Pradópolis,17309,2024,2023,84164.07649199838,92.86216184564935,94.3,1200.0,93.98124467178177,94.21994884910488,2022,3.8515608450324494,9.628902112581123,356.26937816550156,46.2187301403894,46.2187301403894,3.8515608450324494,506.4802511217671,61.62497352051919,46.2187301403894,34.66404760529205,579,688,0.45348837209302323,0.7913043478260869,0.16715116279069767,1.375,0.15625,0.1511627906976744,C,C,C+,C+,B,C,C,C+,1.0,1.0,2.0,1.6667,2.6667,1.0,1.0,2.0,2022-2024,2023-2025,False,False,False,2023-2025,3.0,2024
3541000,Praia Grande,365577,2024,2023,31174.406486184853,99.6902281852344,97.3,1200.0,98.87885825015763,99.67319256263168,2022,6.200244180204626,9.026826085886148,398.18332845520007,642.4547131429676,40.483947294277264,32.82482213049508,1920.3432746954359,232.6003368191471,32.55128194607429,69.29684671993407,37113,39566,0.6937016630440277,0.4336033814723494,0.2870141030177425,2.6438297872340426,0.5808510638297872,0.3059950462518324,B,B,B+,C+,B,B,B,B+,3.0,2.6667,3.3333,1.3333,3.3333,2.3333,3.3333,4.3333,2022-2024,2023-2025,False,False,False,2023-2025,3.0,2024
3541059,Pratânia,5246,2024,2023,48161.45634769348,80.84276238782677,91.48,1166.67,95.31428571428572,98.0,2022,38.12428516965307,25.416190113102047,686.2371330537552,25.416190113102047,6.354047528275512,6.354047528275512,527.3859448468675,19.062142584826535,63.54047528275512,165.2052357351633,246,266,0.40601503759398494,0.5081967213114754,0.22932330827067668,2.0,0.75,0.07142857142857142,C+,C,B+,C,B,C,C,C,1.3333,1.0,3.3333,1.0,2.6667,1.0,1.0,1.0,2022-2024,2023-2025,False,False,False,2023-2025,3.0,2024
3541109,Presidente Alves,3841,2024,2023,29412.132257224683,87.09253417455311,93.86,1200.0,92.6744989633725,95.09329647546647,2022,17.356591165495097,8.678295582747548,381.8450056408921,8.678295582747548,8.678295582747548,0.0,451.2713703028725,17.356591165495097,60.748069079232835,43.391477913737745,115,136,0.27941176470588236,0.7058823529411765,0.25,14.0,0.0,0.04411764705882353,B,B,B,C,B,B,C,C,2.0,2.0,3.3333,1.0,2.6667,2.6667,1.0,1.0,2022-2024,2023-2025,False,True,False,2023-2025,3.0,2024
3541208,Presidente Bernardes,14772,2024,2023,23814.175467099918,68.15734989648034,95.48,1240.0,82.56130790190736,87.04674072521485,2022,2.25652134669194,0.0,347.5042873905587,4.51304269338388,0.0,0.0,293.34777506995215,15.795649426843578,11.282606733459698,151.18693022835996,366,445,0.20674157303370785,0.6333333333333333,0.06741573033707865,5.5,0.0,0.020224719101123594,C+,C,B,C+,B,B,B,C,1.3333,1.0,3.3333,1.3333,2.6667,1.6667,2.0,1.0,2022-2024,2023-2025,False,False,False,2023-2025,3.0,2024
3541307,Presidente Epitácio,40383,2024,2023,37683.233043607455,92.56802936337174,95.16,1056.0,94.1235125972213,96.03802433025326,2022,9.07972826849582,9.90515811108635,396.2063244434539,10.730587953676878,0.8254298425905291,0.0,847.7164483404733,33.84262354621169,40.44606228693592,282.29700616596097,1976,2579,0.4672353625436216,0.6431924882629108,0.1651803024428073,10.6875,0.625,0.09189608375339278,C,C,C+,C+,C+,B,C,C+,1.0,1.0,2.0,1.6667,2.0,1.6667,1.0,2.0,2022-2024,2023-2025,False,False,False,2023-2025,3.0,2024
3541406,Presidente Prudente,234083,2024,2023,49630.25508046291,97.62084123579773,97.54,1365.0,99.27170802645776,99.27991743678754,2022,7.689580191641427,10.110373955676689,500.10751172304975,41.43829325495658,3.132791929927988,0.42719889953563484,895.8360923262262,55.53585693963253,27.910328102994807,70.91501732291538,11328,14279,0.4503116464738427,0.5554302893649005,0.18635758806639122,3.773049645390071,0.4574468085106383,0.13054135443658518,B,C+,B,C+,B+,C+,B,A,2.3333,1.3333,2.6667,1.3333,3.3333,1.6667,3.3333,5.0,2022-2024,2023-2025,False,False,False,2023-2025,3.0,2024
3541505,Presidente Venceslau,35902,2024,2023,30535.847585092753,94.46322547654896,95.29,1356.0,97.4072451066316,96.40666082383872,2022,1.8569067647113437,2.7853601470670157,463.2982377954803,6.499173676489703,0.0,0.0,315.6741500009285,20.425974411824782,36.20968191187121,234.89870573598498,1165,1649,0.42389326864766524,0.5126582278481012,0.09581564584596726,11.0,0.4,0.04608853850818678,B,C,B,B+,B,C,B+,A,3.0,1.0,3.3333,3.6667,3.0,1.0,3.3333,4.0,2022-2024,2023-2025,False,False,False,2023-2025,3.0,2024
3541604,Promissão,35991,2024,2023,93069.96193492817,85.72201189832342,96.37,1150.0,95.61601243684416,89.6929654100272,2022,5.556944791753494,11.113889583506989,340.82594722754766,34.267826215813216,10.18773211821474,0.0,820.5755142489327,50.01250312578145,47.234030729904696,116.69584062682337,1551,1735,0.3371757925072046,0.5941499085923218,0.3152737752161383,2.25,0.5416666666666666,0.10835734870317003,C,C,B,C,B,B,C,C,1.0,1.0,3.0,1.0,3.0,2.6667,1.3333,1.3333,2022-2024,2023-2025,False,False,False,2023-2025,3.0,2024
3541653,Quadra,3472,2024,2023,60472.35023041475,44.4640234948605,94.35,1166.67,43.93305439330544,94.39330543933056,2022,0.0,28.80184331797235,211.21351766513058,96.00614439324117,76.80491551459293,48.003072196620586,528.0337941628264,48.003072196620586,96.00614439324117,38.40245775729647,122,139,0.34532374100719426,0.6363636363636364,0.15827338129496402,1.7272727272727273,0.09090909090909091,0.2446043165467626,C,C+,C+,C,B,C,C,C,1.3333,2.6667,2.0,1.0,3.0,1.0,1.0,1.0,2022-2024,2023-2025,False,True,False,2023-2025,3.0,2024
3541703,Quatá,13399,2024,2023,81165.98253601015,95.02393071488262,93.0,1050.0,97.36896623161384,97.32753262896208,2022,14.926487051272483,2.4877478418787473,420.4293852775083,17.41423489315123,4.975495683757495,0.0,442.81911585441696,9.95099136751499,19.90198273502998,52.24270467945369,396,478,0.301255230125523,0.527027027027027,0.15481171548117154,3.0,0.4,0.07531380753138076,B,C,B,B,B,B+,C,B,3.0,1.3333,3.0,2.6667,2.6667,4.3333,1.6667,3.0,2022-2024,2023-2025,False,False,False,2023-2025,3.0,2024
3541802,Queiroz,3351,2024,2023,327006.86362279917,91.4854517611026,92.98,1120.67,91.59183673469389,97.71428571428572,2022,0.0,9.947279419078882,716.2041181736795,9.947279419078882,0.0,0.0,626.6786034019696,49.73639709539441,59.6836765144733,59.6836765144733,154,179,0.2737430167597765,0.6363636363636364,0.18435754189944134,2.6666666666666665,0.0,0.07262569832402235,C+,C,B,B,B+,C+,C,C,2.0,1.0,3.0,3.0,4.0,2.0,1.0,1.0,2022-2024,2023-2025,False,True,False,2023-2025,3.0,2024
3541901,Queluz,9146,2024,2023,52646.94948611415,90.32645485314993,95.38,875.0,89.90458602646967,97.99938442597724,2022,29.156644070267514,25.512063561484073,561.2653983526496,102.04825424593629,36.445805087834394,14.578322035133757,856.4764195641083,32.80122457905095,36.445805087834394,127.56031780742038,500,576,0.4079861111111111,0.676923076923077,0.22569444444444445,1.7647058823529411,0.7647058823529411,0.15104166666666666,C,C,C+,C,C,C,C,B,1.0,1.0,1.6667,1.0,1.3333,1.0,1.3333,2.0,2022-2024,2023-2025,False,False,False,2023-2025,3.0,2024
3542008,Quintana,7225,2024,2023,51445.813148788926,92.63995453253764,94.62,1212.0,97.14285714285714,95.7936507936508,2022,9.22722029988466,9.22722029988466,276.8166089965398,9.22722029988466,0.0,0.0,332.1799307958478,23.06805074971165,69.20415224913495,92.2722029988466,178,211,0.4028436018957346,0.42168674698795183,0.3933649289099526,2.0,1.0,0.05687203791469194,B,C,B,B,B+,B,B,A,2.6667,1.0,3.0,2.6667,3.6667,3.0,3.6667,5.0,2022-2024,2023-2025,False,False,False,2023-2025,3.0,2024
3542107,Rafard,9133,2024,2023,65140.69856564108,89.26938092582265,95.72,1225.0,94.84037407287973,99.45178974524347,2022,3.649768239716778,0.0,405.12427460856236,14.599072958867112,47.44698711631811,3.649768239716778,412.42381108799594,94.89397423263622,18.24884119858389,51.09675535603489,288,358,0.43575418994413406,0.7380952380952381,0.11731843575418995,0.3157894736842105,0.2894736842105263,0.12011173184357542,C+,C,C,B,C+,C,B+,C,1.3333,1.3333,1.6667,2.3333,2.0,1.0,2.0,1.0,2022-2024,2023-2025,False,False,False,2023-2025,3.0,2024
3542206,Rancharia,29305,2024,2023,68236.03480634704,90.29312998460892,95.09,1100.0,93.99776661083192,94.10943606923506,2022,5.687311607802991,5.687311607802991,578.9683216743446,18.199397144969574,1.1374623215605983,0.0,776.8867656258886,26.16163339589376,31.848945003696752,105.78399590513564,1363,1710,0.3116959064327485,0.6161369193154034,0.2391812865497076,1.9565217391304348,0.4782608695652174,0.0695906432748538,C,C,B,C+,B,C,C,C+,1.0,1.0,2.3333,2.0,3.0,1.0,1.0,2.0,2022-2024,2023-2025,False,False,False,2023-2025,3.0,2024
3542305,Redenção da Serra,4611,2024,2023,26471.264367816093,53.73831775700935,92.09,800.0,49.28571428571429,92.61904761904762,2022,7.22908985758693,7.22908985758693,318.07995373382494,72.29089857586929,0.0,0.0,715.6798959011061,57.83271886069544,21.687269572760787,14.45817971517386,168,179,0.31843575418994413,0.5405405405405406,0.20670391061452514,0.8571428571428571,0.14285714285714285,0.11731843575418995,C,C,C+,C+,C,C,C,C,1.0,1.3333,2.3333,1.3333,1.0,1.0,1.0,1.0,2022-2024,2023-2025,False,True,False,2023-2025,3.0,2024
3542404,Regente Feijó,20565,2024,2023,62912.6185266229,92.54901960784314,95.61,1212.0,96.54209336347918,97.56616571352572,2022,6.4835075775994815,8.104384471999351,552.7190209903557,17.829645838398573,0.0,0.0,593.2409433503525,30.796660993597538,35.659291676797146,82.66472161439339,819,958,0.31941544885177453,0.5460122699386503,0.17014613778705637,4.166666666666667,0.8888888888888888,0.10334029227557412,C+,C,C,B,B+,C+,C,C,1.6667,1.0,1.3333,2.3333,3.6667,1.3333,1.0,1.0,2022-2024,2023-2025,False,False,False,2023-2025,3.0,2024
3542503,Reginópolis,7808,2024,2023,34662.397540983606,68.18063168885409,93.4,1300.0,96.63865546218489,96.125116713352,2022,8.53825136612022,21.345628415300546,418.3743169398907,4.26912568306011,0.0,0.0,281.76229508196724,8.53825136612022,59.76775956284153,81.11338797814209,207,241,0.27800829875518673,0.42857142857142855,0.11618257261410789,1.5,0.0,0.1908713692946058,C,C,B,C+,B,C,C,C+,1.0,1.0,2.6667,2.3333,2.3333,1.0,1.0,1.3333,2022-2024,2023-2025,False,False,False,2023-2025,3.0,2024
3542602,Registro,61732,2024,2023,47494.24933583879,87.27042220628222,96.37,1066.67,94.7257581430176,96.9112691875702,2022,8.099526987623923,15.119117043564657,400.1166331886218,56.15672044752587,8.099526987623923,1.6199053975247848,840.1909328495216,46.43728806237716,54.53681505000109,143.09164344802264,2914,3450,0.3597101449275362,0.5567010309278351,0.19681159420289854,2.046875,0.578125,0.13478260869565217,C,C+,B,C,C+,C,C+,B,1.0,1.3333,3.0,1.0,2.0,1.3333,1.3333,3.3333,2022-2024,2023-2025,False,False,False,2023-2025,3.0,2024
3542701,Restinga,6492,2024,2023,48027.88046826864,82.60462211118052,95.33,1000.5,88.0439761795694,97.06825469537334,2022,10.26904908605463,10.26904908605463,564.7976997330047,51.34524543027316,5.134524543027315,0.0,842.0620250564798,56.47976997330047,25.67262271513658,41.07619634421852,313,382,0.31151832460732987,0.3795620437956204,0.3586387434554974,3.3636363636363638,0.6363636363636364,0.13350785340314136,C,C,C,C,C+,C+,C,C,1.0,1.0,1.0,1.6667,2.0,2.0,1.0,1.0,2022-2024,2023-2025,False,False,False,2023-2025,3.0,2024
3542800,Ribeira,3166,2024,2023,19558.4333543904,53.19284802043423,91.18,804.0,57.35167669819432,92.60533104041274,2022,10.52853232259423,10.52853232259423,294.79890503263846,0.0,0.0,0.0,294.79890503263846,31.58559696778269,105.28532322594232,63.17119393556538,77,100,0.4,0.5476190476190477,0.42,0.0,0.5,0.04,C+,C,B,C,B,C,C,C,1.3333,1.3333,2.3333,1.0,3.0,1.0,1.0,1.0,2022-2024,2023-2025,False,True,False,2023-2025,3.0,2024
3542909,Ribeirão Bonito,11079,2024,2023,44593.735896741586,92.72909272909271,93.1,1116.67,98.06739345887016,97.96828543111992,2022,6.017390257845173,9.02608538676776,391.1303667599362,45.13042693383879,24.06956103138069,0.0,550.5912085928333,69.19998796521948,51.14781719168397,69.19998796521948,404,446,0.3430493273542601,0.6,0.26905829596412556,0.42,0.16,0.09865470852017937,C,C,C+,C+,C,C,C,C,1.0,1.0,2.3333,2.0,1.0,1.0,1.0,1.0,2022-2024,2023-2025,False,False,False,2023-2025,3.0,2024
3543006,Ribeirão Branco,18930,2024,2023,33848.33597464342,53.54055940301713,90.9,793.5,65.69687738004569,91.56130997715157,2022,7.043493572812115,10.565240359218173,368.022539179433,31.695721077654518,7.043493572812115,0.0,373.3051593590421,33.456594470857546,79.2393026941363,28.17397429124846,533,609,0.3464696223316913,0.5185185185185185,0.35467980295566504,1.4090909090909092,0.36363636363636365,0.08210180623973727,C,C,B,C,B,C,C,C,1.0,1.0,2.0,1.0,2.3333,1.0,1.0,1.0,2022-2024,2023-2025,False,False,False,2023-2025,3.0,2024
3543105,Ribeirão Corrente,4706,2024,2023,60045.47386315342,82.59548611111111,92.77,1008.0,85.92171717171718,96.5277777777778,2022,0.0,0.0,347.0746564669217,0.0,7.083156254426973,0.0,779.147187986967,35.415781272134865,84.99787505312366,134.57996883411246,196,407,0.6068796068796068,0.5141700404858299,0.6068796068796068,2.8333333333333335,0.16666666666666666,0.0171990171990172,C,C,B,B,C+,C,C,C+,1.0,1.0,2.6667,2.6667,2.0,1.0,1.0,1.3333,2022-2024,2023-2025,False,True,False,2023-2025,3.0,2024
3543204,Ribeirão do Sul,4768,2024,2023,68551.80369127517,79.51678426341672,93.35,1120.0,88.59447004608295,94.64285714285714,2022,0.0,13.982102908277405,363.5346756152125,0.0,0.0,0.0,433.4451901565996,20.973154362416107,20.973154362416107,48.93736017897092,129,151,0.25165562913907286,0.4857142857142857,0.23178807947019867,3.3333333333333335,0.0,0.09271523178807947,C,C,C+,B,C+,C,C,C,1.3333,1.0,2.0,2.6667,2.0,1.0,1.0,1.0,2022-2024,2023-2025,False,True,False,2023-2025,3.0,2024
3543238,Ribeirão dos Índios,2045,2024,2023,27632.76283618582,86.66666666666667,91.67,1150.0,90.07352941176472,94.6078431372549,2022,0.0,16.299918500407497,260.79869600651995,0.0,0.0,0.0,211.89894050529747,0.0,32.59983700081499,32.59983700081499,34,40,0.175,0.625,0.2,,,0.025,C,C,B,C+,B,C,C,C,1.0,1.0,3.0,2.6667,3.0,1.3333,1.0,1.0,2022-2024,2023-2025,False,True,False,2023-2025,3.0,2024
3543253,Ribeirão Grande,7570,2024,2023,16812.28533685601,40.32214765100671,91.52,962.4,64.57164234942012,93.4156378600823,2022,4.4033465433729635,4.4033465433729635,237.78071334214002,13.21003963011889,4.4033465433729635,0.0,308.23425803610746,8.806693086745927,35.22677234698371,8.806693086745927,142,164,0.2682926829268293,0.5,0.4634146341463415,0.3333333333333333,1.0,0.06097560975609756,C,C,B,C,C+,C,C,C,1.0,1.3333,2.6667,1.0,2.0,1.0,1.0,1.0,2022-2024,2023-2025,False,False,False,2023-2025,3.0,2024
3543303,Ribeirão Pires,118877,2024,2023,40825.634899938595,98.34889536946496,97.18,1220.0,93.53453475187573,99.62606450990326,2022,5.608037439257944,8.972859902812711,301.7124142320774,182.82202051980897,85.52257094868365,2.243214975703178,532.202752985579,155.06223519548217,28.600990940215517,21.871346013105985,4724,5196,0.6630100076982294,0.4042759961127308,0.19803695150115475,1.6243718592964824,0.2449748743718593,0.28098537336412627,C+,B,C+,B,C,C,B+,B,1.6667,2.6667,2.3333,2.0,1.3333,1.3333,3.0,2.0,2022-2024,2023-2025,False,False,False,2023-2025,3.0,2024
3543402,Ribeirão Preto,728400,2024,2023,71810.5711147721,99.62656124309731,97.95,1500.0,99.0174290710136,99.81574444883148,2022,4.988101775581183,7.047409848068826,335.75874061870763,236.54585392641408,36.930258099945085,1.5101592531576058,1230.962840929892,189.73091707852828,27.823540179388612,111.93483434010618,47708,52901,0.7168673560046124,0.6286503221487741,0.22591255363792745,0.9453968253968253,0.4006349206349206,0.18411750250467854,B,C,B,B,B,B,C+,B,2.3333,1.0,3.0,3.0,3.3333,2.3333,2.6667,3.3333,2022-2024,2023-2025,False,False,False,2023-2025,3.0,2024
3543501,Riversul,5647,2024,2023,21102.17814768904,74.97767458474728,91.36,808.0,77.82505910165484,89.36170212765957,2022,0.0,11.80567853137359,442.71294492650964,17.708517797060384,5.902839265686795,0.0,537.1583731774983,5.902839265686795,53.12555339118116,11.80567853137359,184,207,0.3188405797101449,0.6041666666666666,0.2318840579710145,2.0,0.6666666666666666,0.08695652173913043,C+,C,B,B,B,C+,B,C+,2.0,1.0,3.3333,2.3333,2.6667,2.0,2.6667,2.3333,2022-2024,2023-2025,False,False,False,2023-2025,3.0,2024
3543600,Rifaina,4158,2024,2023,56015.15151515151,88.49098542850086,95.45,1233.33,98.00687285223368,98.69415807560138,2022,16.0333493666827,16.0333493666827,745.5507455507455,32.0666987333654,0.0,0.0,1555.234888568222,88.18342151675485,88.18342151675485,120.25012025012026,332,458,0.39737991266375544,0.8020833333333334,0.2096069868995633,1.0,0.08333333333333333,0.10262008733624454,C+,C,B+,C+,B,C,A,C,1.6667,1.0,3.6667,1.3333,3.0,1.0,3.6667,1.0,2022-2024,2023-2025,False,True,False,2023-2025,3.0,2024
3543709,Rincão,9145,2024,2023,37937.34281027884,83.07320290173664,94.06,1166.67,93.43175655317869,97.98131967460078,2022,3.644979041370512,25.514853289593585,317.1131765992346,58.31966466192819,7.289958082741024,3.644979041370512,962.2744669218152,36.449790413705124,25.514853289593585,134.86422453070895,432,479,0.3695198329853862,0.7021276595744681,0.19624217118997914,1.4545454545454546,0.2727272727272727,0.04592901878914405,C,C,C+,B,B,C,C,C+,1.0,1.0,2.0,2.6667,2.6667,1.0,1.0,2.3333,2022-2024,2023-2025,False,False,False,2023-2025,3.0,2024
3543808,Rinópolis,9357,2024,2023,52974.24388158598,83.52953882708715,94.03,1080.0,94.65408805031448,91.852487135506,2022,7.124790709272915,7.124790709272915,284.9916283709166,21.374372127818745,3.5623953546364575,0.0,438.17462862028424,14.24958141854583,28.49916283709166,46.31113961027395,239,310,0.24838709677419354,0.7192982456140351,0.18387096774193548,5.0,0.0,0.21935483870967742,C+,B,B,C,B,C,C,C+,1.6667,2.3333,3.0,1.0,3.0,1.0,1.0,1.3333,2022-2024,2023-2025,False,False,False,2023-2025,3.0,2024
3543907,Rio Claro,208857,2024,2023,73864.4958033487,98.63716251774916,97.43,1466.67,98.7136223746018,99.48571891366556,2022,13.5659007518701,9.895127607246426,346.6486639183748,127.51946706757893,54.42320183985534,3.0323778151239047,886.8907115075547,156.56645455981845,24.41862135336618,192.3165930118055,11374,14649,0.5521195986074134,0.5496332518337408,0.13959997269438187,1.88107202680067,0.39865996649916247,0.12533278722097072,C+,C,C,C+,B,B,B,C,1.3333,1.0,1.0,1.6667,2.6667,3.0,3.3333,1.0,2022-2024,2023-2025,False,False,False,2023-2025,3.0,2024
3544004,Rio das Pedras,32267,2024,2023,63145.81460935321,96.2429775280899,96.6,1250.0,98.5759790144276,98.39797639123104,2022,8.264377434117417,8.264377434117417,370.86393735601905,42.35493434985175,28.92532101941096,2.0660943585293543,693.1746572865983,58.88368921808659,26.859226660881603,50.619311783969174,1249,1480,0.33513513513513515,0.7098214285714286,0.15135135135135136,1.4313725490196079,0.21568627450980393,0.12297297297297298,C,C,C,C,C,C,C,C,1.0,1.0,1.3333,1.3333,1.0,1.0,1.0,1.0,2022-2024,2023-2025,False,False,False,2023-2025,3.0,2024
3544103,Rio Grande da Serra,45317,2024,2023,25730.961890681203,93.69255150554676,95.79,1000.0,87.91613722998729,98.81194409148664,2022,6.620032217490126,7.3555913527668055,348.6550301211466,102.97827893873527,18.388978381917013,0.7355591352766806,504.5935667998029,67.67144044545462,44.133548116600835,180.9475472780634,1743,1986,0.6122860020140987,0.3958333333333333,0.1691842900302115,2.504424778761062,0.12389380530973451,0.14149043303121853,C,C,C+,C,C,C,C,B,1.0,1.0,2.0,1.3333,1.0,1.0,1.0,2.0,2022-2024,2023-2025,False,False,False,2023-2025,3.0,2024
3544202,Riolândia,10453,2024,2023,37370.61130775854,71.53943156465225,92.59,898.25,94.50915141430949,97.13810316139768,2022,15.944385981695847,15.944385981695847,465.57607066551867,15.944385981695847,0.0,0.0,711.1196147836347,12.755508785356676,38.266526356070024,213.65477215472433,467,559,0.22719141323792486,0.6097560975609756,0.07334525939177101,1.5,0.0,0.08228980322003578,C,C,B,B,C+,C,C,C,1.0,1.0,1.6667,1.6667,1.6667,1.0,1.0,1.0,2022-2024,2023-2025,False,False,False,2023-2025,3.0,2024
3544251,Rosana,17533,2024,2023,87990.13289226031,79.2947247706422,94.18,1200.0,83.68533823079277,85.26170798898072,2022,7.604707313827259,11.407060970740888,467.6894998003765,9.505884142284074,0.0,0.0,640.6965911899465,28.51765242685222,72.24471948135896,51.331774368333996,678,775,0.3174193548387097,0.6358024691358025,0.20903225806451614,2.4,0.5,0.08903225806451613,C,C,C+,C,B,B,C+,B+,1.0,1.0,1.6667,1.0,3.0,3.3333,1.3333,4.0,2022-2024,2023-2025,False,False,False,2023-2025,3.0,2024
3544301,Roseira,11095,2024,2023,40587.11131140153,93.30686853766618,96.75,1028.75,96.89304371734946,97.937860874347,2022,18.026137899954936,27.0392068499324,426.6185969656001,72.10455159981974,24.034850533273246,3.004356316659156,790.145711281358,33.04791948325071,12.017425266636623,105.15247108307045,503,578,0.41695501730103807,0.58,0.17301038062283736,1.1470588235294117,0.5,0.16089965397923875,C+,C,B,C+,B,C,C,C,1.3333,1.0,3.0,1.3333,2.6667,1.0,1.0,1.0,2022-2024,2023-2025,False,False,False,2023-2025,3.0,2024
3544400,Rubiácea,2741,2024,2023,32352.790952207222,88.74074074074075,92.08,1000.0,91.9,97.1,2022,12.161011796181443,0.0,389.15237747780617,12.161011796181443,0.0,0.0,449.9574364587134,12.161011796181443,0.0,24.322023592362886,74,81,0.25925925925925924,0.6190476190476191,0.25925925925925924,,,0.08641975308641975,C,C,B,C,C+,C,C,C,1.0,1.3333,3.0,1.0,2.0,1.0,1.0,1.0,2022-2024,2023-2025,False,True,False,2023-2025,3.0,2024
3544509,Rubinéia,3965,2024,2023,49528.877679697354,89.35559613879468,95.71,1212.0,99.73351099267155,97.60159893404398,2022,8.406893652795292,8.406893652795292,479.19293820933166,8.406893652795292,0.0,0.0,496.0067255149222,33.62757461118117,42.034468263976464,50.441361916771754,134,179,0.329608938547486,0.5652173913043478,0.12849162011173185,0.0,0.6666666666666666,0.09497206703910614,C,C,C,C,B,C,C,C,1.0,1.0,1.6667,1.0,2.6667,1.0,1.3333,1.0,2022-2024,2023-2025,False,True,False,2023-2025,3.0,2024
3544608,Sabino,5185,2024,2023,35337.51205400193,89.94522691705791,94.38,1200.0,97.5921375921376,94.84029484029485,2022,6.428801028608165,25.71520411443266,745.7409193185471,51.43040822886532,0.0,0.0,1427.1938283510124,19.286403085824496,77.14561234329798,70.7168113146898,377,400,0.1875,0.7037037037037037,0.3375,6.5,1.0,0.1775,C+,C,B,B,B,C+,C+,C,1.3333,1.0,3.0,2.0,1.6667,2.3333,3.0,1.0,2022-2024,2023-2025,False,False,False,2023-2025,3.0,2024
3544707,Sagres,2519,2024,2023,28830.885271933308,79.3856103476152,91.11,1041.33,88.98582333696837,92.14830970556162,2022,0.0,13.232764324467382,516.0778086542279,0.0,0.0,0.0,198.4914648670107,0.0,13.232764324467382,13.232764324467382,57,76,0.3815789473684211,0.6666666666666666,0.11842105263157894,,,0.013157894736842105,B,C,B,B,B,C+,B,B,3.0,1.6667,3.0,3.0,3.0,2.3333,2.6667,1.6667,2022-2024,2023-2025,False,True,False,2023-2025,3.0,2024
3544806,Sales,6612,2024,2023,40265.27525710829,92.76060276526331,93.54,1200.0,97.17057396928053,96.16006467259498,2022,10.08267795926598,5.04133897963299,640.2500504133898,15.124016938898972,0.0,0.0,675.5394232708207,55.45472877596289,60.49606775559589,277.2736438798145,345,416,0.30288461538461536,0.589041095890411,0.17548076923076922,7.5,0.0,0.04326923076923077,C,C,C,C+,B,C,C,C,1.6667,1.3333,2.6667,2.3333,3.0,1.0,1.0,1.0,2022-2024,2023-2025,False,False,False,2023-2025,3.0,2024
3544905,Sales Oliveira,11654,2024,2023,45431.95469366741,94.8120234861099,96.85,1333.33,95.6298828125,97.36328125,2022,5.720496539099594,2.860248269549797,308.9068131113781,22.881986156398376,45.76397231279675,11.440993078199188,640.6956123791545,37.18322750414736,34.32297923459756,88.6676963560437,419,534,0.4101123595505618,0.559322033898305,0.1104868913857678,1.2456140350877194,0.05263157894736842,0.15730337078651685,C,C,C+,B,B,C+,C,C,1.0,1.0,2.3333,2.3333,2.6667,1.3333,1.0,1.3333,2022-2024,2023-2025,False,False,False,2023-2025,3.0,2024
3545001,Salesópolis,15396,2024,2023,20199.07768251494,64.13629785554532,94.04,1000.0,76.41282193811377,89.53122104873079,2022,12.990387113535984,6.495193556767992,424.3526457088421,49.79648393522127,10.825322594613318,0.0,707.9760976877111,28.145838745994627,45.46635489737594,19.485580670303975,603,690,0.4260869565217391,0.573170731707317,0.3565217391304348,1.1578947368421053,0.2631578947368421,0.11014492753623188,C,C,B,C,C,C,C,C+,1.0,1.0,3.3333,1.0,1.0,1.3333,1.0,1.3333,2022-2024,2023-2025,False,False,False,2023-2025,3.0,2024
3545100,Salmourão,4883,2024,2023,23515.052221994676,91.84692179700498,89.89,1010.0,96.21802002224696,97.27474972191324,2022,0.0,20.479213598197827,471.0219127585501,13.65280906546522,0.0,0.0,314.01460850570004,6.82640453273261,47.784831729128264,61.437640794593484,137,193,0.41450777202072536,0.5,0.09326424870466321,,,0.06735751295336788,C+,C+,C+,C+,B,C,C,C,1.6667,2.0,2.6667,2.0,2.3333,1.3333,1.0,1.0,2022-2024,2023-2025,False,True,False,2023-2025,3.0,2024
3545159,Saltinho,8371,2024,2023,56306.53446422172,89.59686312951844,97.91,1450.0,88.8164665523156,99.58833619210978,2022,3.98200135388046,3.98200135388046,242.9020825867081,23.89200812328276,39.8200135388046,11.94600406164138,573.4081949587862,47.78401624656552,19.9100067694023,15.92800541552184,247,287,0.2578397212543554,0.7076923076923077,0.2264808362369338,1.7777777777777777,0.044444444444444446,0.13937282229965156,B+,A,B+,B+,B+,B,B,B+,3.0,3.3333,3.3333,3.6667,3.6667,2.3333,2.0,3.3333,2022-2024,2023-2025,False,False,False,2023-2025,3.0,2024
3545209,Salto,140125,2024,2023,82062.15165031223,98.83784125849655,97.41,1400.0,98.38657976279517,99.73074046372476,2022,3.5682426404995544,7.8501338090990185,198.63217365447514,49.47963128159381,12.845673505798395,1.4272970561998215,583.0508474576271,60.66012488849242,28.545941123996435,102.05173951828723,4406,4970,0.5291750503018109,0.4241348713398403,0.2267605633802817,1.599388379204893,0.21406727828746178,0.1420523138832998,C,C,C+,C+,C+,C+,C,C,1.6667,1.0,2.0,2.0,2.0,2.6667,2.3333,2.0,2022-2024,2023-2025,False,False,False,2023-2025,3.0,2024
3545308,Salto de Pirapora,45138,2024,2023,63281.82462670034,92.75624028527018,96.65,1200.0,89.95556136452751,99.1373676643576,2022,5.907808646077953,11.815617292155906,286.52871933478076,76.06303631825365,11.815617292155906,0.0,646.9050467455359,57.601134299260046,42.09313660330542,112.24836427548112,1694,1894,0.39123548046462514,0.5630630630630631,0.23442449841605068,2.0681818181818183,0.36363636363636365,0.1494192185850053,B,C,B,B,B,C+,C,B+,2.3333,1.3333,2.6667,2.6667,3.0,1.6667,1.6667,3.0,2022-2024,2023-2025,False,False,False,2023-2025,3.0,2024
3545407,Salto Grande,9212,2024,2023,42871.03777681285,93.8342541436464,92.73,1016.67,81.15682766845558,96.18366129994035,2022,0.0,10.855405992184108,448.69011434360976,47.0400926327978,10.855405992184108,10.855405992184108,1143.4360978433926,65.13243595310465,50.658561296859176,155.59415255463887,537,620,0.2870967741935484,0.696969696969697,0.1596774193548387,1.5454545454545454,0.18181818181818182,0.10806451612903226,C,C,B,C+,C+,C,C+,C,1.0,1.0,2.3333,1.3333,2.3333,1.0,1.3333,1.0,2022-2024,2023-2025,False,False,False,2023-2025,3.0,2024
3545506,Sandovalina,3699,2024,2023,123266.28818599622,69.38271604938272,94.51,1000.0,74.81542247744053,80.72190319934373,2022,18.022889069117777,0.0,630.8011174191223,9.011444534558889,0.0,0.0,621.7896728845634,63.08011174191223,27.03433360367667,36.045778138235555,156,173,0.2138728323699422,0.59375,0.18497109826589594,4.0,0.0,0.10404624277456648,C+,C,B,C+,C+,B,C+,C,1.6667,1.3333,3.3333,1.6667,1.6667,2.6667,1.3333,1.0,2022-2024,2023-2025,False,True,False,2023-2025,3.0,2024
3545605,Santa Adélia,14203,2024,2023,39452.157994789835,95.5557140818947,95.62,1184.8,96.5898266336445,97.56144027433795,2022,4.693844023563098,2.346922011781549,462.34363632096506,25.816142129597036,7.040766035344645,11.734610058907743,643.0566312281443,14.08153207068929,30.50998615316013,140.81532070689292,572,689,0.3468795355587808,0.8120300751879699,0.193033381712627,3.375,0.125,0.07692307692307693,C+,C,C,B,B+,C,C+,A,2.0,1.0,2.0,3.0,3.3333,1.0,2.0,4.3333,2022-2024,2023-2025,False,False,False,2023-2025,3.0,2024
3545704,Santa Albertina,6543,2024,2023,51031.17835855112,87.59580791490693,92.83,1200.0,90.89139743090698,95.9517321915142,2022,10.189006062458606,10.189006062458606,361.7097152172806,15.28350909368791,0.0,0.0,285.292169748841,5.094503031229303,45.850527281063734,50.945030312293035,154,187,0.22994652406417113,0.6341463414634146,0.2192513368983957,2.5,0.5,0.0962566844919786,C+,C,B,C,B+,C,C,C,2.0,1.0,3.3333,1.0,3.3333,2.0,1.0,1.0,2022-2024,2023-2025,False,False,False,2023-2025,3.0,2024
3545803,Santa Bárbara d'Oeste,189338,2024,2023,57061.93157210914,99.44531407658702,97.41,1500.0,99.53688288888216,99.92584072403668,2022,2.4647279820567802,5.633663958986927,239.78282225438105,81.33602340787375,24.6472798205678,1.5844679884650732,658.2584232078786,249.99383818004486,12.851795906438927,215.13554243381324,8473,10163,0.6421332283774476,0.5538573508005823,0.13519630030502805,0.6396284829721363,0.1498452012383901,0.10439830758634261,B,B,C,B,C+,B+,B+,B,2.6667,2.6667,1.3333,3.0,2.0,3.3333,3.6667,3.0,2022-2024,2023-2025,False,False,False,2023-2025,3.0,2024
3546009,Santa Branca,14212,2024,2023,25158.739093723612,84.89445438282648,94.99,1093.33,81.28269715171479,98.13989536911453,2022,14.072614691809738,16.418050473778028,351.81536729524345,25.799793601651185,11.727178909841449,2.34543578196829,804.4844732151234,70.36307345904869,35.181536729524346,65.67220189511211,596,653,0.40428790199081166,0.6619718309859155,0.21745788667687596,0.8,0.14285714285714285,0.09188361408882083,C,C,B+,C,C+,C,C,C,1.0,1.0,3.3333,1.6667,1.3333,1.0,1.0,1.0,2022-2024,2023-2025,False,False,False,2023-2025,3.0,2024
3546108,Santa Clara d'Oeste,2677,2024,2023,48768.39745984311,78.32948421862972,93.69,1206.0,99.78925184404636,93.88830347734456,2022,0.0,0.0,535.4252272444278,0.0,0.0,0.0,410.9077325364214,12.451749470800648,49.80699788320259,12.451749470800648,82,105,0.2857142857142857,0.4375,0.1523809523809524,,,0.08571428571428572,C+,C,B,B,B,C+,C,C,1.3333,1.0,1.6667,2.3333,2.6667,1.6667,1.0,1.0,2022-2024,2023-2025,False,True,False,2023-2025,3.0,2024
3546207,Santa Cruz da Conceição,4365,2024,2023,45931.27147766323,81.2719195697919,96.29,1325.0,86.45003065603925,94.60453709380748,2022,0.0,0.0,465.8266513936617,76.36502481863307,30.546009927453223,38.18251240931654,717.8312332951508,76.36502481863307,22.90950744558992,7.636502481863306,188,214,0.4158878504672897,0.574468085106383,0.21962616822429906,1.3888888888888888,0.1111111111111111,0.1588785046728972,C,C,B,C+,B,C,C,C,1.0,1.0,2.6667,2.0,3.0,1.3333,1.3333,1.0,2022-2024,2023-2025,False,True,False,2023-2025,3.0,2024
3546256,Santa Cruz da Esperança,2162,2024,2023,46928.307123034225,76.03969754253308,95.67,1067.2,97.265625,91.015625,2022,0.0,0.0,323.77428307123034,15.41782300339192,30.83564600678384,15.41782300339192,524.2059821153254,61.67129201356768,61.67129201356768,15.41782300339192,68,104,0.5384615384615384,0.5,0.17307692307692307,1.1666666666666667,0.0,0.08653846153846154,C,C,B,C+,B,C,C,C,1.0,1.0,2.6667,1.3333,2.6667,1.0,1.6667,1.0,2022-2024,2023-2025,False,True,False,2023-2025,3.0,2024
3546306,Santa Cruz das Palmeiras,29525,2024,2023,26722.37087214225,97.71341463414636,94.12,1212.0,98.39715903637584,98.51233323735484,2022,15.80581428168219,22.579734688117416,342.08298052497884,66.61021732994638,16.934801016088063,1.1289867344058708,473.0454417160598,50.804403048264184,27.095681625740898,478.6903753880892,1324,1494,0.501338688085676,0.6453900709219859,0.09437751004016064,1.5510204081632653,0.40816326530612246,0.09036144578313253,C+,C,B,C+,C+,C,C+,C+,2.0,2.3333,3.0,1.6667,2.3333,1.0,2.3333,2.0,2022-2024,2023-2025,False,False,False,2023-2025,3.0,2024
3546405,Santa Cruz do Rio Pardo,47677,2024,2023,90605.9945046878,93.32500753628182,96.51,1333.33,94.68740652108885,97.93000299132515,2022,4.194894813012564,11.885535303535598,443.26055190832756,33.55915850410051,3.49574567751047,1.3982982710041878,838.2798134670107,41.249798994623546,33.55915850410051,137.73237969391252,2215,2798,0.3695496783416726,0.6430976430976431,0.10614724803431022,4.326530612244898,0.40816326530612246,0.10257326661901359,B,B,B,C+,B,C,C+,B,2.6667,2.0,3.0,2.6667,3.0,1.6667,1.3333,3.0,2022-2024,2023-2025,False,False,False,2023-2025,3.0,2024
3546504,Santa Ernestina,6256,2024,2023,24321.451406649616,96.25694671461262,95.12,1212.0,99.31941923774956,98.86569872958258,2022,15.984654731457802,5.328218243819267,250.42625745950554,42.62574595055413,106.56436487638534,0.0,415.60102301790283,85.25149190110827,31.969309462915604,122.54901960784314,202,223,0.3094170403587444,0.725,0.17937219730941703,0.6744186046511628,0.27906976744186046,0.16143497757847533,C,C,B,C+,C+,C,C,C,1.3333,1.0,3.0,2.6667,1.6667,1.0,1.0,1.0,2022-2024,2023-2025,False,False,False,2023-2025,3.0,2024
3546603,Santa Fé do Sul,36098,2024,2023,55096.681256579315,96.87015002586654,96.25,1404.0,97.25455088033424,98.09012235153686,2022,4.617060963672964,11.080946312815115,434.9271427779932,35.08966332391453,1.8468243854691857,0.0,815.3729661846454,45.24719744399505,31.39601455297616,107.11581435721277,1610,2256,0.4445921985815603,0.5945945945945946,0.14760638297872342,2.525,0.4,0.1254432624113475,C+,C,B,B,B,C,C,B,1.3333,1.0,3.0,1.6667,2.0,1.0,1.0,2.3333,2022-2024,2023-2025,False,False,False,2023-2025,3.0,2024
3546702,Santa Gertrudes,24107,2024,2023,148017.46380719292,98.8691711490407,96.79,1266.67,99.07873725586536,99.5577938828154,2022,8.296345459824948,6.91362121652079,305.5820577702189,62.222590948687106,26.271760622779002,0.0,467.3607942368053,146.56876979024074,26.271760622779002,114.76611219424511,842,1125,0.5413333333333333,0.5594405594405595,0.12711111111111112,1.4224137931034482,0.4051724137931034,0.08622222222222223,C,C,B,C,B,C,C,B+,1.3333,1.0,3.3333,1.3333,3.0,1.0,1.0,2.6667,2022-2024,2023-2025,False,False,False,2023-2025,3.0,2024
3546801,Santa Isabel,54586,2024,2023,42099.82413072949,79.5746041298379,94.57,1066.67,70.5920034164309,98.1209630064592,2022,5.495914703403804,5.495914703403804,324.8696246900915,104.42237936467225,67.17229081937982,15.877086920944318,543.4848984477094,84.2706921188583,36.639431356025355,65.95097644084564,2053,2321,0.5273588970271434,0.46593001841620624,0.23395088323998275,1.8362369337979094,0.30313588850174217,0.1994829814735028,C,C,C+,C,C+,C,C,C,1.0,1.0,2.0,1.3333,1.6667,1.0,1.6667,1.0,2022-2024,2023-2025,False,False,False,2023-2025,3.0,2024
3546900,Santa Lúcia,7181,2024,2023,25812.839437404262,97.42621345642746,93.83,1175.0,99.39098660170524,97.7669508729192,2022,0.0,9.283758065264818,269.22898389267976,37.13503226105927,9.283758065264818,4.641879032632409,608.0861532748456,41.77691129369169,64.98630645685374,157.82388710950192,259,304,0.47039473684210525,0.6885245901639344,0.20065789473684212,0.7222222222222222,0.1111111111111111,0.06907894736842106,C+,C,B,C+,C+,B,C+,B,1.3333,1.0,2.6667,1.3333,1.3333,2.3333,1.3333,2.3333,2022-2024,2023-2025,False,False,False,2023-2025,3.0,2024
3547007,Santa Maria da Serra,5314,2024,2023,37216.59766654121,92.7140949837879,93.38,1200.0,96.92556634304206,97.51887810140238,2022,18.81821603312006,37.63643206624012,664.9102998369087,31.363693388533434,12.545477355413375,0.0,464.1826621502948,31.363693388533434,31.363693388533434,144.2729895872538,229,258,0.3062015503875969,0.6774193548387096,0.12015503875968993,2.5,0.0,0.09302325581395349,C+,C,C+,B,C+,B+,A,A,1.3333,1.0,2.0,2.0,1.3333,2.6667,2.3333,3.0,2022-2024,2023-2025,False,False,False,2023-2025,3.0,2024
3547106,Santa Mercedes,3012,2024,2023,32291.500664010626,90.39242219215156,93.69,1103.0,94.7460595446585,95.7968476357268,2022,0.0,0.0,376.27268702965915,0.0,0.0,0.0,343.0721558211598,11.066843736166446,33.200531208499335,55.33421868083222,74,90,0.2222222222222222,0.7692307692307693,0.14444444444444443,,,0.022222222222222223,B,C+,B,B,B+,B+,B+,B,2.6667,1.6667,3.3333,2.6667,3.6667,3.0,2.6667,2.6667,2022-2024,2023-2025,False,True,False,2023-2025,3.0,2024
3547205,Santana da Ponte Pensa,1698,2024,2023,33436.984687868084,73.65269461077844,92.45,1212.0,88.00599700149925,86.05697151424287,2022,0.0,19.630938358853555,372.9878288182175,0.0,39.26187671770711,0.0,569.297212406753,19.630938358853555,0.0,19.630938358853555,53,66,0.3181818181818182,0.42857142857142855,0.21212121212121213,19.0,1.0,0.18181818181818182,C,C,B,B,C+,C,C,C,1.0,1.0,2.6667,2.3333,2.3333,1.0,1.0,1.0,2022-2024,2023-2025,False,True,False,2023-2025,3.0,2024
3547304,Santana de Parnaíba,162341,2024,2023,88261.11087156048,99.13305862885696,97.01,1500.0,86.94563388897384,99.82795534485396,2022,2.4639493412015447,4.311911347102703,350.29146467415296,78.84637891844943,18.68494917077838,5.749215129470271,480.0594633107677,55.43886017703476,33.879303441521245,46.60970837106256,5242,6048,0.6135912698412699,0.47530468248877483,0.257771164021164,1.7511961722488039,0.5430622009569378,0.144510582010582,B+,B,B+,B+,B+,C+,A,A,3.3333,2.0,3.6667,3.0,4.0,2.6667,4.3333,5.0,2022-2024,2023-2025,False,False,False,2023-2025,3.0,2024
3547403,Santa Rita d'Oeste,2790,2024,2023,37822.58064516129,77.16794731064765,92.45,1200.0,86.50137741046832,88.42975206611571,2022,23.894862604540023,0.0,203.10633213859018,0.0,0.0,0.0,238.94862604540023,11.947431302270012,11.947431302270012,0.0,41,51,0.17647058823529413,0.7333333333333333,0.29411764705882354,,,0.0196078431372549,C,C,C+,B,B,C,C,C,1.0,1.0,2.3333,3.0,3.0,1.0,1.3333,1.0,2022-2024,2023-2025,False,True,False,2023-2025,3.0,2024
3547502,Santa Rita do Passa Quatro,25060,2024,2023,39592.17877094972,92.52607417549228,96.48,1300.0,95.97591888466414,96.82087029995776,2022,1.3301409949454641,5.3205639797818565,320.56397978185686,38.57408885341846,11.971268954509178,18.6219739292365,856.6108007448789,45.224793828145785,49.21521681298217,86.45916467145517,1078,1240,0.32903225806451614,0.5615763546798029,0.16370967741935483,1.2424242424242424,0.08080808080808081,0.14193548387096774,C+,C,B,B+,B,B+,B+,B+,2.0,1.0,3.0,3.3333,2.0,2.6667,3.6667,3.6667,2022-2024,2023-2025,False,False,False,2023-2025,3.0,2024
3547601,Santa Rosa de Viterbo,23725,2024,2023,47712.91886195996,96.6468754004528,96.62,1200.0,99.29045015703151,98.7321158543678,2022,7.024938531787847,8.429926238145416,420.0913242009132,12.644889357218123,4.214963119072708,0.0,656.129258868985,26.69476642079382,29.504741833508955,80.08429926238146,886,1074,0.4664804469273743,0.6402116402116402,0.17597765363128492,0.6,0.4,0.08472998137802606,C+,C,B,B,C+,B,C,B+,1.3333,1.0,3.0,3.0,2.0,2.0,1.0,3.3333,2022-2024,2023-2025,False,False,False,2023-2025,3.0,2024
3547650,Santa Salete,1686,2024,2023,39228.94424673784,71.42857142857143,94.95,1333.33,80.18575851393189,91.02167182662538,2022,0.0,0.0,355.8718861209964,19.770660340055358,0.0,0.0,316.3305654408857,0.0,39.541320680110715,0.0,37,54,0.4074074074074074,0.4444444444444444,0.16666666666666666,,,0.0,C+,B,B,C,B,C,C,C,2.0,3.3333,3.0,1.0,3.0,1.0,1.0,1.0,2022-2024,2023-2025,False,True,False,2023-2025,3.0,2024
3547700,Santo Anastácio,18045,2024,2023,34938.93045164866,93.51444636196626,95.94,1200.0,96.84959349593495,95.86236933797908,2022,5.541701302299806,7.388935069733075,354.6688833471876,9.236168837166343,0.0,0.0,269.69613004525723,12.930636372032879,11.083402604599613,247.52932483605798,497,653,0.43032159264931086,0.7333333333333333,0.09188361408882083,3.2222222222222223,0.2222222222222222,0.05359877488514548,C+,C,B,B,B,B,C,C,1.3333,1.0,2.6667,3.0,2.3333,1.6667,1.0,1.0,2022-2024,2023-2025,False,False,False,2023-2025,3.0,2024
3547809,Santo André,778711,2024,2023,47426.26083360836,99.88877301817686,97.99,1625.0,97.67679901850644,99.91190809910518,2022,4.7086360237195395,5.436334318294378,246.3472756045996,751.8407556419091,162.49074860035796,10.744251290487313,1197.834198652217,522.6157928508351,18.577709402675275,24.442101541307792,68800,72025,0.7910725442554668,0.4116161616161616,0.20342936480388754,1.1242883548983365,0.24709796672828097,0.3143908365150989,C+,C,C,B,C+,B,B+,B,2.0,1.6667,1.3333,2.3333,1.6667,3.3333,4.0,3.6667,2022-2024,2023-2025,False,False,False,2023-2025,3.0,2024
3547908,Santo Antônio da Alegria,6917,2024,2023,40904.582911666905,80.94464944649447,95.64,1150.0,84.48947778643804,96.88230709275136,2022,19.276179461230786,4.8190448653076965,626.4758324900005,53.00949351838465,9.638089730615393,0.0,742.1329092573852,28.914269191846174,110.838031902077,159.02848055515398,364,411,0.3284671532846715,0.746031746031746,0.15328467153284672,1.9333333333333333,0.06666666666666667,0.06569343065693431,C,C,C,C+,C+,C+,C,C,1.0,1.0,1.6667,1.3333,2.0,2.6667,1.6667,1.0,2022-2024,2023-2025,False,False,False,2023-2025,3.0,2024
3548005,Santo Antônio de Posse,23779,2024,2023,90285.12553093066,93.3488212011702,96.26,1200.0,97.34535437014776,99.08590032556974,2022,16.821565246646202,21.026956558307752,433.1553051011397,46.25930442827705,68.68805809047198,7.0089855194359165,541.0936821004528,107.93837699931312,21.026956558307752,157.00127563536452,1013,1206,0.45107794361525705,0.4608695652173913,0.2860696517412935,1.0833333333333333,0.4722222222222222,0.09203980099502487,C,C,C,C,C,C,C,C+,1.0,1.0,1.6667,1.0,1.3333,1.0,1.0,2.0,2022-2024,2023-2025,False,False,False,2023-2025,3.0,2024
3548054,Santo Antônio do Aracanguá,8568,2024,2023,44376.63398692811,80.29597804033895,94.25,1213.33,87.96561604584528,92.1362623368354,2022,11.671335200746967,7.780890133831311,369.59228135698726,7.780890133831311,3.8904450669156554,0.0,828.6647992530345,7.780890133831311,42.794895736072206,38.90445066915655,339,381,0.2099737532808399,0.6413793103448275,0.3805774278215223,16.0,0.0,0.10236220472440945,C,C,C,C+,B,C,C,C,1.0,1.0,1.6667,1.6667,3.3333,1.0,1.0,1.0,2022-2024,2023-2025,False,False,False,2023-2025,3.0,2024
3548104,Santo Antônio do Jardim,6237,2024,2023,40683.50168350169,64.85471759712699,93.99,1212.0,74.93010251630942,94.82758620689656,2022,0.0,10.688899577788467,374.11148522259634,26.722248944471165,26.722248944471165,5.3444497888942335,507.72272994495216,53.44449788894233,42.75559831115387,64.1333974667308,208,249,0.3855421686746988,0.5789473684210527,0.07630522088353414,0.875,0.16666666666666666,0.1566265060240964,C,C,B,C,C+,C+,C,B,1.0,1.0,3.0,1.3333,1.6667,1.3333,1.0,1.6667,2022-2024,2023-2025,False,False,False,2023-2025,3.0,2024
3548203,Santo Antônio do Pinhal,7294,2024,2023,26288.319166438167,49.09575213795037,95.67,1212.0,74.78894858019954,97.4290099769762,2022,0.0,13.709898546750754,383.8771593090211,18.279864729001005,4.569966182250251,0.0,731.1945891600402,22.849830911251257,31.98976327575176,82.25939128050453,282,341,0.4574780058651026,0.6666666666666666,0.2991202346041056,1.6666666666666667,0.3333333333333333,0.07038123167155426,C+,C,B,B,B,C,C+,A,2.0,1.0,2.3333,2.3333,3.0,1.0,2.3333,4.3333,2022-2024,2023-2025,False,False,False,2023-2025,3.0,2024
3548302,Santo Expedito,3063,2024,2023,19672.216780933726,89.26666666666667,93.23,1114.8,95.47738693467338,97.48743718592964,2022,10.882576994232235,10.882576994232235,914.1364675155077,0.0,0.0,0.0,359.12504080966374,21.76515398846447,32.6477309826967,10.882576994232235,125,137,0.27007299270072993,0.4691358024691358,0.5912408759124088,2.0,1.0,0.014598540145985401,C,C,B,C+,C+,C,C,C,1.0,1.0,3.0,2.3333,1.6667,1.0,1.0,1.0,2022-2024,2023-2025,False,True,False,2023-2025,3.0,2024
3548401,Santópolis do Aguapeí,3933,2024,2023,24867.02262903636,96.5119261349064,93.0,1156.0,99.8639455782313,97.00680272108843,2022,0.0,8.475294516484448,491.5670819560979,16.950589032968896,0.0,0.0,584.7953216374269,33.90117806593779,59.32706161539113,59.32706161539113,148,179,0.35195530726256985,0.75,0.2681564245810056,3.6666666666666665,0.0,0.05027932960893855,C+,C+,B,B,B,C,C,C,2.0,1.6667,3.3333,2.3333,3.0,1.0,1.0,1.0,2022-2024,2023-2025,False,True,False,2023-2025,3.0,2024
3548500,Santos,429567,2024,2023,72076.57478344472,99.92522837595077,98.4,2000.0,96.792414526087,99.46560145213104,2022,3.802278418345295,11.717225330002847,264.3747463531106,430.51103397917745,37.32440651477728,5.819813905630554,1384.417331871396,264.5299413905941,20.563342466561288,56.568591162728985,31955,35534,0.7163843079867169,0.4539906103286385,0.23977036078122363,0.7937685459940653,0.6510880316518298,0.222856982045365,C+,C,B,B,B,C+,B+,B,2.0,1.0,3.0,2.6667,2.3333,1.3333,4.0,3.6667,2022-2024,2023-2025,False,False,False,2023-2025,3.0,2024
3548609,São Bento do Sapucaí,11948,2024,2023,29692.6682289923,53.91468219976016,96.19,1166.67,77.54721380275123,98.2746560969923,2022,2.7898672023211697,5.579734404642339,239.92857939962056,22.318937618569358,2.7898672023211697,0.0,373.8422051110367,25.108804820890523,22.318937618569358,33.47840642785403,261,312,0.4230769230769231,0.5904761904761905,0.33653846153846156,1.0909090909090908,0.5454545454545454,0.09935897435897435,C+,C,B,B,B,C+,C,B,2.0,1.0,3.0,3.0,3.0,2.3333,2.0,2.0,2022-2024,2023-2025,False,False,False,2023-2025,3.0,2024
3548708,São Bernardo do Campo,840499,2024,2023,85622.6967551419,99.53547979657814,97.6,1500.0,96.25984841178251,99.79812626586804,2022,3.886580075248949,4.997031525320078,266.70664291886925,512.3543672667467,140.59108537507677,12.611555754379243,888.2818420961834,279.6354705161259,23.279821471134014,39.81761628112189,54771,59716,0.7595954183133499,0.4118762323676627,0.2208118427222185,1.3404580152671757,0.3564376590330789,0.3176703061156139,B,C,B,B,B,B+,B+,A,3.0,1.3333,2.6667,3.0,3.0,3.3333,3.0,5.0,2022-2024,2023-2025,False,False,False,2023-2025,3.0,2024
3548807,São Caetano do Sul,172109,2024,2023,131041.65383565066,100.0,98.84,2500.0,99.95483506734412,99.98225663359948,2022,1.7430814193330972,3.4861628386661945,272.30805284248163,317.82184545840136,39.509845504883536,4.067189978443893,1155.4693053045842,183.0235490299752,17.43081419333097,5.616595684517757,10329,11234,0.6715328467153284,0.44339622641509435,0.23589104504183728,1.120652945351313,0.20156139105748758,0.2724764108954958,C+,C,C,B,B,B,B+,B+,2.6667,1.0,2.0,3.0,3.0,3.0,4.3333,4.0,2022-2024,2023-2025,False,False,False,2023-2025,3.0,2024
3548906,São Carlos,265294,2024,2023,69307.7114446614,97.88351899300392,97.5,1475.0,98.88845190536315,99.60360994390513,2022,7.036218936978095,5.402810969465323,268.00455343882635,108.81009998969698,20.480422977275527,2.5129353346350336,1178.566671943831,160.57656788317865,27.014054847326612,80.28828394158933,14793,15964,0.5427837634678025,0.6528449665975582,0.2719243297419193,1.5100485100485102,0.32085932085932084,0.20865697820095214,C+,C,C+,C+,B,C+,B+,C,1.3333,1.0,2.6667,1.3333,1.6667,1.6667,3.3333,1.6667,2022-2024,2023-2025,False,False,False,2023-2025,3.0,2024
3549003,São Francisco,2629,2024,2023,22653.480410802586,77.13297463489623,91.49,1212.0,90.32567049808428,86.87739463601532,2022,0.0,0.0,456.44731837200453,0.0,0.0,0.0,240.9027513630024,63.39546088500064,88.75364523900089,25.358184354000255,69,90,0.3888888888888889,0.44,0.2777777777777778,0.5,0.25,0.03333333333333333,C,C,C+,C+,B,C,C,C,1.0,1.0,2.3333,2.6667,2.6667,1.0,1.0,1.0,2022-2024,2023-2025,False,True,False,2023-2025,3.0,2024
3549102,São João da Boa Vista,95762,2024,2023,52329.53572398237,95.02198882729856,97.27,1350.0,96.95702336313816,98.60686472454572,2022,2.4365962838425816,8.354044401745995,422.22732747157886,31.327666506547484,11.13872586899466,0.0,750.1235702401092,51.16852196069422,30.9795813231414,185.5294027554423,4290,5418,0.48283499446290146,0.5714285714285714,0.1227390180878553,1.4915254237288136,0.4011299435028249,0.10760428202288667,C,C,B,B,C,C+,C,B,1.6667,1.0,2.6667,3.0,1.6667,2.3333,1.3333,2.6667,2022-2024,2023-2025,False,False,False,2023-2025,3.0,2024
3549201,São João das Duas Pontes,2622,2024,2023,27731.884057971016,77.44186046511628,91.63,1212.0,93.26530612244898,94.3877551020408,2022,0.0,12.712941774726671,444.95296211543354,0.0,0.0,0.0,266.9717772692601,25.425883549453342,0.0,25.425883549453342,61,72,0.2638888888888889,0.6,0.06944444444444445,,,0.041666666666666664,C,C,B,C,C+,C,C,C,1.3333,2.0,2.6667,1.3333,2.0,1.0,1.0,1.0,2022-2024,2023-2025,False,True,False,2023-2025,3.0,2024
3549250,São João de Iracema,1880,2024,2023,37028.72340425532,82.77356446370531,92.63,1182.4,86.46288209606988,96.65211062590974,2022,17.73049645390071,35.46099290780142,478.72340425531917,17.73049645390071,0.0,0.0,301.41843971631204,53.19148936170213,106.38297872340426,17.73049645390071,58,63,0.1746031746031746,0.65,0.31746031746031744,2.5,0.5,0.047619047619047616,C,C,C,C+,B+,C,C,C,1.0,1.0,2.0,1.3333,2.6667,1.0,1.0,1.0,2022-2024,2023-2025,False,True,False,2023-2025,3.0,2024
3549300,São João do Pau d'Alho,2288,2024,2023,36440.55944055944,87.82337198929527,94.15,1212.0,99.45945945945948,94.3783783783784,2022,0.0,29.13752913752914,203.96270396270396,0.0,0.0,0.0,101.98135198135198,14.56876456876457,58.27505827505828,0.0,28,40,0.3,0.6666666666666666,0.45,,,0.0,C,C,B,B,B,C,C+,C,1.0,1.0,2.3333,2.6667,2.6667,1.0,1.6667,1.0,2022-2024,2023-2025,False,True,False,2023-2025,3.0,2024
3549409,São Joaquim da Barra,49815,2024,2023,54878.77145438121,98.62638494171918,96.53,1233.33,98.78209915551214,99.07508473602572,2022,1.3382849877881495,7.360567432834822,462.37746328080567,46.17083207869116,7.360567432834822,5.353139951152598,681.8562012780621,42.155977115326706,33.45712469470374,137.8433537421794,2130,4165,0.5911164465786315,0.6117381489841986,0.10636254501800721,1.4382022471910112,0.4044943820224719,0.08379351740696278,C+,C,B,C+,C+,C+,B+,C,1.3333,1.0,3.0,1.3333,2.0,1.6667,2.6667,1.0,2022-2024,2023-2025,False,False,False,2023-2025,3.0,2024
3549508,São José da Bela Vista,7690,2024,2023,43695.96879063719,91.55520587463938,93.24,1000.0,95.12560929883765,96.7379077615298,2022,26.00780234070221,21.673168617251843,498.4828781967924,56.350238404854785,30.342436064152583,8.669267446900736,1083.6584308625922,91.02730819245774,43.346337234503686,86.69267446900737,449,523,0.32695984703632885,0.736,0.2390057361376673,2.1904761904761907,0.19047619047619047,0.0994263862332696,C,C,C,C,B,C,C,C,1.0,1.0,1.3333,1.6667,2.3333,1.0,1.3333,1.0,2022-2024,2023-2025,False,False,False,2023-2025,3.0,2024
3549607,São José do Barreiro,3898,2024,2023,20665.21292970754,70.98364910459382,92.14,799.8,70.60857538035961,92.11618257261412,2022,17.10278775440397,25.65418163160595,641.3545407901488,17.10278775440397,8.551393877201985,0.0,427.56969386009916,17.10278775440397,94.06533264922182,51.3083632632119,152,168,0.23809523809523808,0.7333333333333333,0.17857142857142858,1.5,0.5,0.06547619047619048,C,C,B,B,B,C,B,C+,1.0,1.0,2.3333,2.0,2.6667,1.0,1.6667,1.3333,2022-2024,2023-2025,False,True,False,2023-2025,3.0,2024
3549706,São José do Rio Pardo,53416,2024,2023,53859.76112026359,90.66564505315584,96.9,1200.0,91.15388717073692,95.60093846646048,2022,2.49613099695472,3.7441964954320803,370.67545304777593,26.20937546802456,2.49613099695472,0.0,690.8042534072188,31.82567021117268,9.3604912385802,204.68274175028705,2151,2510,0.47689243027888445,0.6771844660194175,0.1641434262948207,2.0869565217391304,0.30434782608695654,0.08286852589641434,C,C,C,C+,B,C,B,B+,1.0,1.0,1.3333,1.6667,2.6667,1.0,2.0,2.6667,2022-2024,2023-2025,False,False,False,2023-2025,3.0,2024
3549805,São José do Rio Preto,501597,2024,2023,52612.19863755166,99.17879735966176,97.84,1500.0,98.16789040741678,99.86370957749968,2022,9.104254344955546,15.350969004998037,397.53028825929977,119.21921383102371,19.537596915452045,0.39872646766228664,1407.9031573155341,179.29400162547492,41.9991879270942,120.68121087911877,34776,40937,0.5527029337762904,0.5641443538998836,0.20983462393433813,2.528440366972477,0.5444954128440367,0.15059725920316583,B,C,B+,B,B,B,B+,B+,3.0,1.0,3.3333,3.3333,3.0,3.0,4.0,4.0,2022-2024,2023-2025,False,False,False,2023-2025,3.0,2024
3549904,São José dos Campos,724756,2024,2023,84710.61157134263,98.72334137670826,97.86,1333.33,97.46060816316653,99.75069989592326,2022,4.875203976694685,6.990858532618795,297.5254200494144,127.03125833613888,17.845086254316396,0.8738573165773493,766.5108441093738,123.3058666180986,26.951599342859296,63.791584110146495,31216,34738,0.6427831193505671,0.5461842272901006,0.22594852898842765,1.3174435028248588,0.2334039548022599,0.16967010190569407,B,B,C+,B,B,B,B,A,3.0,3.0,1.6667,3.0,3.0,3.0,3.3333,5.0,2022-2024,2023-2025,False,False,False,2023-2025,3.0,2024
3549953,São Lourenço da Serra,16458,2024,2023,21030.198079961112,51.9823240181739,93.56,1000.0,70.98099640472522,97.0724191063174,2022,8.10142990237777,12.152144853566654,364.56434560699967,180.25681532790537,141.77502329161098,95.1918013529388,832.4219224693159,68.86215417021104,62.78608174342771,58.73536679223883,901,1017,0.5378564405113078,0.6872246696035242,0.2232055063913471,1.9853658536585366,0.0975609756097561,0.319567354965585,C,C,B,C,C+,C,C,C,1.0,1.0,2.3333,1.0,1.6667,1.0,1.0,1.0,2022-2024,2023-2025,False,False,False,2023-2025,3.0,2024
3550001,São Luiz do Paraitinga,10497,2024,2023,24062.017719348387,55.56737931701654,92.82,1085.0,68.30732292917166,96.68667466986794,2022,9.52653138992093,6.351020926613953,292.14696262424184,22.228573243148837,15.877552316534882,0.0,596.9959671017116,25.40408370645581,28.57959416976279,66.68571972944652,335,381,0.2782152230971129,0.5303030303030303,0.1732283464566929,1.3571428571428572,0.5,0.12598425196850394,C+,C,C+,B,B,B,A,B+,2.0,1.0,2.3333,3.0,2.6667,2.3333,4.6667,3.0,2022-2024,2023-2025,False,False,False,2023-2025,3.0,2024
3550100,São Manuel,38166,2024,2023,49517.29287847823,95.60192013730592,95.44,1175.0,97.39818168379036,98.35908049375416,2022,3.4935108036821605,6.113643906443781,526.6467536550857,38.42861884050376,7.860399308284862,0.8733777009205401,824.4685496689899,49.782528952470784,62.009816765358345,138.86705444636587,1899,2146,0.37092264678471576,0.55741127348643,0.22320596458527492,3.1621621621621623,0.4864864864864865,0.0983224603914259,C+,C+,C+,C,B,B,C+,B+,2.3333,2.0,2.6667,1.0,3.0,2.6667,2.6667,4.0,2022-2024,2023-2025,False,False,False,2023-2025,3.0,2024
3550209,São Miguel Arcanjo,32904,2024,2023,35184.9623146122,68.12634601579325,94.79,1000.0,66.45913012541136,94.1563639597972,2022,4.052192235999676,7.091336412999432,217.8053326849826,39.50887430099684,12.156576707999028,1.013048058999919,560.2155766269551,23.300105356998138,55.71764324499554,127.64405543398979,1035,1210,0.4479338842975207,0.5871212121212122,0.21818181818181817,1.6923076923076923,0.46153846153846156,0.15454545454545454,C+,B,B+,C+,C+,C,C,C+,1.6667,2.0,3.3333,1.3333,2.0,1.3333,1.0,1.6667,2022-2024,2023-2025,False,False,False,2023-2025,3.0,2024
3550308,São Paulo,11895578,2024,2023,89682.49420078621,99.84969436340327,97.42,1340.0,96.0833537426889,99.71924464878305,2022,4.645984135169108,5.8004747646562445,312.415812553763,952.8778957469182,104.9773845933898,19.043491063093644,2079.0666918412876,340.61116380109206,25.183027396118682,47.28087473625353,1388893,1446592,0.7510645710746361,0.45103944353900377,0.3261728255098881,1.2778405917530549,0.3293533490443951,0.42081250276511967,,,,,,,,,,,,,,,,,,,True,False,True,2023-2025,3.0,2024
3550407,São Pedro,39725,2024,2023,31294.575204531153,96.15223755750732,96.47,1350.0,96.30108453637864,98.57789269553976,2022,2.5173064820641913,11.747430249632892,348.22739668554647,43.63331235577932,7.551919446192573,0.8391021606880636,617.5791902664149,36.920495070274804,19.299349695825466,219.8447661002727,1559,1781,0.44188658057271196,0.5165165165165165,0.18697361033127458,2.25531914893617,0.40425531914893614,0.10275126333520494,C+,C,B,B,B,C,B,C,1.6667,1.6667,3.0,2.6667,2.6667,1.0,2.3333,1.0,2022-2024,2023-2025,False,False,False,2023-2025,3.0,2024
3550506,São Pedro do Turvo,7333,2024,2023,53720.987317605344,76.08424553138423,93.82,1106.0,82.44538137217324,89.536220774243,2022,4.5456611664166555,36.365289331333244,622.7555797990817,27.273966998499933,0.0,0.0,568.207645802082,18.182644665666622,81.8219009954998,181.8264466566662,339,390,0.20512820512820512,0.4666666666666667,0.15384615384615385,5.5,0.0,0.05897435897435897,C+,C,B,B,B,C,B,C+,1.6667,1.0,3.0,3.0,2.6667,1.3333,1.6667,1.3333,2022-2024,2023-2025,False,False,False,2023-2025,3.0,2024
3550605,São Roque,81342,2024,2023,55722.34515994197,90.18670424236323,96.29,1313.5,78.72422635147002,98.96378516983386,2022,4.507716390876382,9.015432781752764,303.65616778539993,99.98934539762158,56.96114348471065,16.801488365993787,772.4586724365437,91.79349741420995,43.84778671125208,46.30654110627556,3527,3974,0.5188726723704077,0.542795232936078,0.23225968797181681,1.1232604373757455,0.40357852882703776,0.22043281328636136,C+,C,B+,C+,B,C,C,B+,1.3333,1.0,3.0,1.3333,2.0,1.0,1.6667,3.6667,2022-2024,2023-2025,False,False,False,2023-2025,3.0,2024
3550704,São Sebastião,84019,2024,2023,207103.38137802164,98.36999816165206,95.62,1133.33,89.79605921529384,98.3367265951206,2022,13.489012405924056,20.233518608886083,547.0984737579198,149.96607910115569,12.695541087928524,0.39673565899776636,1144.1856405495582,74.58630389158007,57.923406213673886,105.92842095240363,5360,5893,0.5358900390293568,0.4909208819714656,0.2616663838452401,2.3475935828877006,0.47058823529411764,0.18903784150687256,C,C,C,B,C+,C,B,C+,1.0,1.0,1.6667,2.0,1.6667,1.0,2.3333,1.6667,2022-2024,2023-2025,False,False,False,2023-2025,3.0,2024
3550803,São Sebastião da Grama,10484,2024,2023,45962.99122472339,77.61708648596878,95.75,1200.0,92.41325737959606,97.38477472812016,2022,3.179448047818899,3.179448047818899,381.53376573826785,15.897240239094494,6.358896095637798,0.0,403.7899020730001,28.615032430370086,15.897240239094494,31.794480478188987,280,338,0.28402366863905326,0.6268656716417911,0.19822485207100593,1.0909090909090908,0.45454545454545453,0.10059171597633136,C,C,B,C,B,C,C,B,1.0,1.0,2.6667,1.0,3.0,1.0,1.3333,3.0,2022-2024,2023-2025,False,False,False,2023-2025,3.0,2024
3550902,São Simão,13590,2024,2023,47688.88888888889,91.1769081981848,96.22,1212.0,94.9979499794998,94.69044690446906,2022,2.452783909737552,9.811135638950208,456.2178072111847,36.79175864606328,51.50846210448859,31.886190826588177,748.0990924699533,44.150110375275936,34.33897473632573,208.48663232769195,662,792,0.46085858585858586,0.6634615384615384,0.13131313131313133,1.9295774647887325,0.16901408450704225,0.12373737373737374,C,C,B,C+,C,C,C,C+,1.0,1.0,2.3333,2.3333,1.6667,1.0,1.0,2.3333,2022-2024,2023-2025,False,False,False,2023-2025,3.0,2024
3551009,São Vicente,338407,2024,2023,21910.468755078942,99.90785393636466,96.77,1073.33,94.52888045921308,99.69920540093412,2022,5.811542511433472,10.933579979137548,272.5514937141765,687.338027877674,132.97597271924045,19.207640503890286,1323.160178916709,172.0807587707504,22.55666500200449,99.68272917916396,27881,29777,0.7673372065688283,0.3893964562569214,0.2426033515800786,1.3175965665236051,0.5625894134477826,0.3126574201564966,C,C,C,C+,C+,C,C,C,1.0,1.0,1.6667,1.3333,2.0,1.0,1.0,1.6667,2022-2024,2023-2025,False,False,False,2023-2025,3.0,2024
3551108,Sarapuí,10632,2024,2023,25406.602708803613,72.60102227794387,95.67,1142.4,72.45283018867924,97.1967654986523,2022,9.405568096313017,43.89265111612741,442.06170052671183,53.29821921244043,15.675946827188362,0.0,661.5249561073489,25.081514923501377,56.4334085778781,156.7594682718836,467,532,0.3082706766917293,0.6451612903225806,0.23308270676691728,1.3333333333333333,0.3333333333333333,0.25,C+,C,B,C,B,C,C+,C,1.3333,1.0,3.3333,1.0,2.3333,1.3333,1.6667,1.0,2022-2024,2023-2025,False,False,False,2023-2025,3.0,2024
3551207,Sarutaiá,3769,2024,2023,30680.551870522686,88.66090712742981,92.8,980.0,89.42731277533039,98.16446402349486,2022,8.844078889183692,0.0,601.397364464491,44.22039444591846,17.688157778367383,0.0,468.73618112673563,26.53223666755107,106.12894667020429,141.50526222693907,160,212,0.38207547169811323,0.4909090909090909,0.25943396226415094,6.0,0.0,0.07075471698113207,B,C,B,B+,B,C+,B+,C,2.0,1.0,3.3333,3.0,2.6667,1.6667,3.0,1.0,2022-2024,2023-2025,False,True,False,2023-2025,3.0,2024
3551306,Sebastianópolis do Sul,3187,2024,2023,142623.7841229997,83.25878594249201,92.94,1300.0,89.03122497998399,93.1945556445156,2022,0.0,0.0,219.64229683087544,0.0,0.0,0.0,512.498692605376,0.0,62.75494195167869,10.459156991946449,77,102,0.30392156862745096,0.65,0.19607843137254902,,,0.21568627450980393,C+,C,B,C+,B+,C+,C,C+,1.6667,1.0,2.6667,1.3333,3.6667,1.3333,1.0,1.3333,2022-2024,2023-2025,False,True,False,2023-2025,3.0,2024
3551405,Serra Azul,13058,2024,2023,20623.142900903662,93.85689628118624,94.16,1033.33,93.82276843467012,97.96248382923672,2022,0.0,5.10542706897432,528.411701638842,43.396130086281715,10.21085413794864,0.0,569.2551181906366,35.73798948282024,63.81783836217899,140.3992443967938,547,624,0.28525641025641024,0.6708860759493671,0.1266025641025641,1.25,0.15,0.07051282051282051,C,C,C+,C,C+,C,C,C,1.0,1.0,2.0,1.3333,2.3333,1.0,1.0,1.3333,2022-2024,2023-2025,False,False,False,2023-2025,3.0,2024
3551504,Serrana,45408,2024,2023,32032.571353065538,99.28943952264912,95.53,1075.0,99.4627266621894,99.7112155809268,2022,9.543105473338032,14.681700728212357,339.14728682170545,134.33756166314305,19.086210946676065,2.2022551092318534,457.33497768381494,113.78318064364575,46.98144233027954,240.77989194268264,1877,2138,0.5327408793264733,0.6901408450704225,0.13283442469597756,2.264705882352941,0.40441176470588236,0.1931711880261927,C,B,C,C,C+,C,C,C,1.0,2.0,1.3333,1.0,1.3333,1.0,1.0,1.3333,2022-2024,2023-2025,False,False,False,2023-2025,3.0,2024
3551603,Serra Negra,30920,2024,2023,33150.29107373868,84.00013380611495,96.46,1337.0,94.93829368628153,99.02521910212845,2022,0.0,3.2341526520051747,416.1276412246658,28.029322984044846,8.624407072013799,1.0780508840017249,652.2207848210436,33.41957740405347,33.41957740405347,56.05864596808969,1143,1436,0.37047353760445684,0.44837758112094395,0.23607242339832868,0.6865671641791045,0.40298507462686567,0.11142061281337047,C+,C,B,B+,B,C+,C+,A,2.0,1.0,3.3333,3.3333,3.0,1.6667,1.6667,3.3333,2022-2024,2023-2025,False,False,False,2023-2025,3.0,2024
3551702,Sertãozinho,131600,2024,2023,68959.10334346505,99.08974126585072,96.14,1333.33,99.54877384196186,99.66866485013624,2022,3.799392097264438,9.625126646403242,290.02026342451876,71.93515704154001,12.411347517730498,0.5065856129685917,646.1499493414387,161.09422492401217,29.38196555217832,207.44680851063828,5655,6583,0.5860549901260823,0.6042553191489362,0.14279204010329638,0.8892307692307693,0.3123076923076923,0.11256266140057725,C,C,B,C+,C,C+,C+,C+,1.6667,1.0,3.0,2.3333,1.0,3.0,2.3333,2.0,2022-2024,2023-2025,False,False,False,2023-2025,3.0,2024
3551801,Sete Barras,12912,2024,2023,35768.97459727385,56.85781618224666,91.36,800.0,85.07695739460182,93.0626812402409,2022,2.5815778603882693,28.397356464270963,487.9182156133829,30.97893432465923,0.0,0.0,627.3234200743494,12.907889301941346,108.42627013630732,69.70260223048327,530,613,0.3083197389885807,0.4818181818181818,0.17944535073409462,1.4285714285714286,0.0,0.0701468189233279,C+,C+,C,C,B,C+,C,C,1.6667,1.6667,1.0,1.3333,3.0,2.0,2.0,1.0,2022-2024,2023-2025,False,False,False,2023-2025,3.0,2024
3551900,Severínia,14724,2024,2023,23132.097256180386,95.27991218441272,92.42,1150.0,98.39857651245552,98.59628311585608,2022,4.527755139002083,4.527755139002083,380.33143167617493,15.84714298650729,6.791632708503124,0.0,475.4142895952187,33.95816354251562,27.166530834012494,212.8044915330979,513,600,0.42,0.7307692307692307,0.21666666666666667,3.0833333333333335,0.4166666666666667,0.08666666666666667,C+,C,B,B,B,C,B,C,1.6667,1.0,3.3333,2.3333,2.6667,1.0,2.6667,1.0,2022-2024,2023-2025,False,False,False,2023-2025,3.0,2024
3552007,Silveiras,6313,2024,2023,18416.917471883415,52.18234723569351,91.76,802.8,60.0,90.22421524663676,2022,5.280109826284386,15.84032947885316,227.04472253022865,15.84032947885316,5.280109826284386,5.280109826284386,506.89054332330113,21.120439305137545,26.400549131421933,52.801098262843865,167,188,0.4095744680851064,0.7454545454545455,0.2925531914893617,1.6666666666666667,0.6666666666666666,0.07446808510638298,C,C,C+,C,C+,C,C,C,1.3333,1.0,2.0,1.3333,2.0,1.0,1.6667,1.0,2022-2024,2023-2025,False,False,False,2023-2025,3.0,2024
3552106,Socorro,41405,2024,2023,35003.043110735416,61.395244504262,95.49,1325.0,74.56830962619914,97.4660932848164,2022,3.2202230004427803,4.830334500664171,262.4481745360866,24.956728253431553,6.440446000885561,0.8050557501106951,487.0587288169706,38.64267600531337,34.61739725475989,61.98929275852353,1149,1498,0.4459279038718291,0.44612068965517243,0.3097463284379172,0.9076923076923077,0.38461538461538464,0.09679572763684913,C,C,B,C,B,C,C,C,1.0,1.0,3.0,1.0,2.6667,1.3333,1.6667,1.3333,2022-2024,2023-2025,False,False,False,2023-2025,3.0,2024
3552205,Sorocaba,757459,2024,2023,77649.46485552353,99.27620142548798,97.92,1433.33,98.65988644401536,99.82871016459882,2022,6.865058042745548,7.1290987366973,281.8634407934951,171.75847141561457,43.302673808087306,1.716264510686387,1245.9200211936663,231.60769537801167,35.42545977186004,40.5742533039192,46951,50114,0.5759468412020593,0.5301420107213393,0.21217623817695655,1.459196772418852,0.57197872730607,0.17386359101249152,C+,C,C+,B,B,B,B,A,2.0,1.0,2.6667,2.0,2.3333,3.0,3.3333,4.0,2022-2024,2023-2025,False,False,False,2023-2025,3.0,2024
3552304,Sud Mennucci,7466,2024,2023,40557.32654701312,87.47790618626784,93.17,1100.0,91.24555160142349,95.30249110320284,2022,4.4646843468166795,8.929368693633359,517.9033842307349,8.929368693633359,0.0,0.0,660.7732833288686,13.394053040450041,35.717474774533436,107.15242432360033,304,350,0.31142857142857144,0.7558139534883721,0.24571428571428572,9.5,0.0,0.17714285714285713,B,C+,B,B+,B,C,C,C,2.6667,2.0,2.3333,3.3333,3.0,1.3333,1.0,1.3333,2022-2024,2023-2025,False,False,False,2023-2025,3.0,2024
3552403,Sumaré,289787,2024,2023,65655.44003009106,99.55856838791608,96.5,1200.0,94.68476970379616,99.67731133367836,2022,8.511999042975242,8.396972028880983,276.6399688966954,202.79262584818042,152.18073964670603,7.361728902032643,808.984990124931,179.9022500434227,19.55459239602421,106.5150150512848,15395,17575,0.614850640113798,0.42430555555555555,0.16386913229018493,1.091186440677966,0.508135593220339,0.2269701280227596,C,C,C+,C,C,C,C,C,1.0,1.0,3.0,1.0,1.0,1.0,3.0,1.0,2022-2024,2023-2025,False,False,False,2023-2025,3.0,2024
3552502,Suzano,318765,2024,2023,58408.85291672549,98.72198133552789,96.61,1000.0,94.3972690823814,99.49315379378169,2022,6.587925274104747,6.9016360014430695,342.46754401100077,409.3924991765093,140.0195546353374,6.483355031658641,903.8006054617038,262.9941597519594,30.848221521601598,55.00394752665234,20699,22029,0.7059330882019157,0.4307915457936179,0.21907485587180534,1.4280673181324648,0.250814332247557,0.295882700077171,B,B,B,C+,B,C+,B+,B+,2.3333,1.6667,3.0,2.3333,3.0,1.6667,3.6667,3.6667,2022-2024,2023-2025,False,False,False,2023-2025,3.0,2024
3552551,Suzanápolis,3464,2024,2023,147662.81755196306,77.64084507042254,92.14,1212.0,86.16106333072713,86.23924941360438,2022,0.0,0.0,548.4988452655889,28.868360277136258,0.0,0.0,577.3672055427252,9.622786759045418,57.736720554272516,38.49114703618167,131,156,0.36538461538461536,0.45,0.1282051282051282,6.0,1.0,0.05128205128205128,C+,C,B,B+,B,C,C,B,2.0,1.0,2.6667,3.6667,2.6667,1.3333,1.0,2.0,2022-2024,2023-2025,False,True,False,2023-2025,3.0,2024
3552601,Tabapuã,11499,2024,2023,34584.83346377946,92.65212399540758,94.5,1250.0,96.54059040590406,96.03321033210332,2022,2.898802794445894,5.797605588891788,434.8204191668841,8.696408383337682,0.0,0.0,449.31443313911353,17.392816766675363,40.58323912224251,31.886830738904834,342,418,0.2966507177033493,0.68,0.17942583732057416,5.25,0.25,0.07177033492822966,C,C,B,B,C+,C,C,C,1.0,1.0,2.6667,3.0,2.0,1.0,1.0,1.0,2022-2024,2023-2025,False,False,False,2023-2025,3.0,2024
3552700,Tabatinga,14994,2024,2023,34171.06842737095,90.83214841898572,94.02,1200.0,95.61514767167964,94.74542489581444,2022,0.0,13.338668800853673,549.1085323018096,40.016006402561025,4.446222933617891,0.0,720.2881152460984,35.56978346894313,55.577786670223645,100.04001600640257,683,793,0.2509457755359395,0.5657142857142857,0.22068095838587642,0.8125,0.0625,0.07187894073139975,B,C+,B,B,B,C+,C+,B+,3.0,2.0,3.0,3.0,3.0,1.6667,2.3333,4.0,2022-2024,2023-2025,False,False,False,2023-2025,3.0,2024
3552809,Taboão da Serra,284274,2024,2023,42508.91393514707,100.0,97.23,1250.0,97.56494976011588,99.40154692576164,2022,3.634990654556285,7.739012361313381,306.86356590238057,648.0836563784706,95.91685017506585,9.263363280966017,698.1527212009071,224.78313176723867,34.82555562591021,44.32343443297663,17684,19061,0.7319657940296942,0.5464713715046604,0.19699910812654112,1.643998639918395,0.4563073784427066,0.3275274119930749,C,C,C,C,C,C,C,C,1.0,1.0,2.3333,1.0,1.3333,1.0,1.6667,1.3333,2022-2024,2023-2025,False,False,False,2023-2025,3.0,2024
3552908,Taciba,6399,2024,2023,37832.630098452886,83.29073482428116,94.26,1133.33,94.4468359879466,92.29444683598794,2022,0.0,10.418294525186226,390.68604469448354,10.418294525186226,0.0,5.209147262593113,349.0128665937386,5.209147262593113,41.673178100744906,104.18294525186228,176,215,0.17209302325581396,0.5,0.22325581395348837,9.0,1.0,0.08372093023255814,C,C,B,C,B,C,C,C,1.6667,1.3333,2.6667,2.0,3.0,1.6667,1.0,1.3333,2022-2024,2023-2025,False,False,False,2023-2025,3.0,2024
3553005,Taguaí,13006,2024,2023,31472.781793018607,90.66224642828954,95.53,1093.0,92.97036526533424,97.38111647139904,2022,5.125839356194577,7.6887590342918655,481.82889948229024,41.006714849556616,7.6887590342918655,2.5629196780972885,433.13342559844176,17.94043774668102,79.45051002101594,71.76175098672408,448,511,0.31702544031311153,0.69,0.19569471624266144,0.6153846153846154,0.07692307692307693,0.11350293542074363,C+,C,B+,C,B,C,C,B,2.0,1.0,3.6667,1.6667,3.3333,1.0,1.0,2.6667,2022-2024,2023-2025,False,False,False,2023-2025,3.0,2024
3553104,Taiaçu,5751,2024,2023,27063.119457485656,93.18301920028183,92.03,1133.33,95.1581975071908,95.63758389261746,2022,11.59218686605228,11.59218686605228,533.2405958384049,23.18437373210456,5.79609343302614,0.0,591.2015301686663,40.57265403118298,52.16484089723526,46.36874746420912,227,246,0.2804878048780488,0.55,0.16260162601626016,0.0,0.375,0.09349593495934959,B,B,B,B,C+,B,B+,C+,2.3333,3.0,2.3333,2.0,1.6667,2.6667,2.6667,1.6667,2022-2024,2023-2025,False,False,False,2023-2025,3.0,2024
3553203,Taiúva,6733,2024,2023,27974.602703104116,79.2150274893097,94.34,1212.0,94.55327281414236,96.46440516005732,2022,9.90148027130056,0.0,326.7488489529185,24.7537006782514,24.7537006782514,0.0,485.17253329372744,94.06406257735532,49.5074013565028,173.2759047477598,240,274,0.3029197080291971,0.7272727272727273,0.12043795620437957,0.7777777777777778,0.2222222222222222,0.15328467153284672,C,C,B,C+,B,C,C,C,1.0,1.0,2.3333,1.6667,2.6667,1.6667,1.0,1.0,2022-2024,2023-2025,False,False,False,2023-2025,3.0,2024
3553302,Tambaú,21682,2024,2023,44586.016050179875,91.35059482155351,96.31,1250.0,95.31557538380792,95.36806193412936,2022,1.537373551025428,6.149494204101712,462.7494388586539,55.34544783691542,27.67272391845771,0.0,705.6544599206716,32.28484457153399,50.73332718383913,333.6100605725179,1090,1197,0.36257309941520466,0.6274509803921569,0.08521303258145363,1.3695652173913044,0.30434782608695654,0.09022556390977443,B,B+,B,B,B,C,C,B,3.0,3.6667,3.0,2.3333,3.0,1.0,1.6667,3.3333,2022-2024,2023-2025,False,False,False,2023-2025,3.0,2024
3553401,Tanabi,26021,2024,2023,61199.30056492833,91.11418959034238,94.73,1212.0,95.6225782804482,94.44968059482667,2022,3.8430498443564813,21.777282451353393,465.00903116713425,37.14948182877932,5.124066459141975,1.2810166147854938,1067.0868401163164,44.83558151749229,37.14948182877932,94.79522949412653,1388,1641,0.30956733698964045,0.47509578544061304,0.1590493601462523,5.0,0.5789473684210527,0.10298598415600244,C,C,B,C+,B,C,C,C,1.0,1.0,3.0,1.3333,2.3333,1.0,1.0,1.0,2022-2024,2023-2025,False,False,False,2023-2025,3.0,2024
3553500,Tapiraí,8122,2024,2023,27573.75030780596,70.7103551775888,92.67,904.0,73.04409672830725,94.4167852062589,2022,0.0,0.0,406.3038660428466,20.52039727489124,28.728556184847736,4.104079454978248,476.07321677747683,20.52039727489124,77.97750964458672,45.14487400476073,263,301,0.22591362126245848,0.6097560975609756,0.1362126245847176,0.3181818181818182,0.13636363636363635,0.15282392026578073,B,B,B,B,B,C,C+,B+,2.3333,1.6667,2.6667,2.6667,3.0,1.3333,1.3333,3.6667,2022-2024,2023-2025,False,False,False,2023-2025,3.0,2024
3553609,Tapiratiba,11936,2024,2023,30048.006032171583,87.2968855788761,95.76,1200.0,97.38406658739596,97.1462544589774,2022,2.7926720285969617,22.341376228775694,424.48614834673816,25.134048257372655,8.378016085790884,2.7926720285969617,402.1447721179625,44.68275245755139,27.926720285969616,92.15817694369973,377,435,0.3701149425287356,0.6530612244897959,0.11264367816091954,0.5555555555555556,0.4444444444444444,0.08045977011494253,C+,C,B,C+,B,C+,C,B,2.0,1.0,3.0,2.0,3.0,1.3333,2.6667,3.0,2022-2024,2023-2025,False,False,False,2023-2025,3.0,2024
3553658,Taquaral,2652,2024,2023,34835.218702865764,95.6090110729286,92.23,1200.0,96.73340358271864,98.94625922023182,2022,0.0,37.70739064856712,553.0417295123178,25.138260432378075,37.70739064856712,12.569130216189038,816.9934640522877,0.0,12.569130216189038,12.569130216189038,120,140,0.3142857142857143,0.75,0.17142857142857143,0.09090909090909091,1.0,0.07142857142857142,C,C,B,C,B,C,C,C,1.0,1.0,2.6667,1.3333,2.6667,1.0,1.0,1.0,2022-2024,2023-2025,False,True,False,2023-2025,3.0,2024
3553708,Taquaritinga,53322,2024,2023,43268.163234687374,95.6601607347876,95.02,1212.0,96.72925499697152,97.05733898647284,2022,9.376992610929822,10.002125451658477,493.85494417563734,51.88602578047835,23.755047947688883,3.125664203643274,839.5534050985835,70.640011002338,38.13310328444795,167.5356013152795,2732,3301,0.3992729475916389,0.6044117647058823,0.2059981823689791,1.2311320754716981,0.09433962264150944,0.10542259921235989,C,C,C,C,C,C,C,C,1.0,1.0,1.0,1.0,1.0,1.0,1.0,1.0,2022-2024,2023-2025,False,False,False,2023-2025,3.0,2024
3553807,Taquarituba,24863,2024,2023,51446.04432288944,83.86447638603696,94.77,1102.0,92.61560520970248,93.95387740470784,2022,9.384761828151605,6.703401305822575,497.392376892035,52.286530185416076,0.0,0.0,597.9433964793736,30.83564600678384,77.75945514754187,97.86965906500959,1022,1231,0.32656376929325753,0.6327272727272727,0.22339561332250202,2.12,0.48,0.10073111291632819,C+,C,B,B,B,C,C,C+,1.6667,1.0,3.3333,2.0,2.6667,2.3333,1.0,1.3333,2022-2024,2023-2025,False,False,False,2023-2025,3.0,2024
3553856,Taquarivaí,7112,2024,2023,60884.98312710911,50.247236765561375,93.62,935.33,53.43053173241853,96.69811320754717,2022,4.6869141357330335,4.6869141357330335,403.0746156730409,9.373828271466067,4.6869141357330335,0.0,374.9531308586427,32.808398950131235,56.24296962879641,56.24296962879641,202,239,0.3472803347280335,0.46835443037974683,0.3305439330543933,3.857142857142857,1.0,0.06694560669456066,C,C,B+,C,B,C,C,C,1.0,1.0,3.3333,1.0,2.0,1.0,1.0,1.0,2022-2024,2023-2025,False,False,False,2023-2025,3.0,2024
3553906,Tarabai,6635,2024,2023,28209.645817633762,92.28886168910648,93.57,1018.0,96.5101249461439,94.7005601034037,2022,10.04772670183371,5.023863350916855,527.5056518462698,20.09545340366742,0.0,0.0,462.19542828435067,15.071590052750564,95.45340366742025,70.33408691283597,240,265,0.23773584905660378,0.5862068965517241,0.10943396226415095,4.333333333333333,0.6666666666666666,0.07547169811320754,C+,C+,C,C+,B,B,C,C,2.0,2.0,1.3333,2.6667,3.0,3.0,1.0,1.0,2022-2024,2023-2025,False,False,False,2023-2025,3.0,2024
3553955,Tarumã,15248,2024,2023,75621.91762854144,96.49912646149711,94.33,1100.0,97.62951634486714,97.7442171668897,2022,0.0,6.558237145855195,373.8195173137461,21.86079048618398,2.186079048618398,2.186079048618398,435.0297306750612,59.02413431269675,32.791185729275966,137.7229800629591,490,560,0.31607142857142856,0.6,0.125,4.428571428571429,0.7857142857142857,0.1982142857142857,B,B,B,B,B+,B,B,B+,3.0,1.6667,3.3333,3.6667,3.3333,3.0,3.6667,3.6667,2022-2024,2023-2025,False,False,False,2023-2025,3.0,2024
3554003,Tatuí,128560,2024,2023,52773.2965152458,96.89290151845218,97.12,1200.0,96.79192778443928,99.43440193660776,2022,5.185646131507986,7.2599045841111804,303.36029869321715,65.85770587015142,27.22464219041693,2.0742584526031944,640.6865795478117,98.78655880522713,51.856461315079855,174.2377100186683,5309,5858,0.5641857289177193,0.5590717299578059,0.16182997610105837,1.0533333333333332,0.46285714285714286,0.11676340047797883,C,C,C,C,C+,B,B,B+,1.6667,1.0,1.3333,2.0,2.6667,3.3333,3.3333,4.0,2022-2024,2023-2025,False,False,False,2023-2025,3.0,2024
3554102,Taubaté,321298,2024,2023,70363.96118245367,98.32238631134167,97.82,1275.0,97.97061377855762,99.87061555094732,2022,8.403413653368524,10.27083890967264,347.13360597742076,189.95864690515762,37.244759278509875,0.7262209330071564,942.634771043289,102.60464324915397,15.66562298344009,91.29634586375681,16829,18798,0.6453346100649006,0.564153769345981,0.2131077774231301,1.620050547598989,0.45914069081718617,0.18150867113522715,C,C,C,C,C,C+,C,C,1.0,1.0,1.0,1.3333,2.3333,3.0,2.3333,2.0,2022-2024,2023-2025,False,False,False,2023-2025,3.0,2024
3554201,Tejupá,4142,2024,2023,82358.03959439884,71.1897261933608,90.6,870.67,67.15481171548117,84.65829846582984,2022,8.047642040882021,16.095284081764042,507.0014485755674,0.0,0.0,0.0,418.4773861258651,24.142926122646063,40.23821020441011,32.190568163528084,130,148,0.25675675675675674,0.5555555555555556,0.18243243243243243,2.0,0.0,0.08783783783783784,C+,C+,B,B,C+,C,C,C,1.3333,1.3333,3.0,2.0,1.3333,1.0,1.0,1.0,2022-2024,2023-2025,False,True,False,2023-2025,3.0,2024
3554300,Teodoro Sampaio,22559,2024,2023,36471.47479941487,84.54426554818923,93.8,1050.0,89.8938795656466,86.74728529121421,2022,11.820854943333776,10.343248075417055,627.9829188646069,11.820854943333776,2.955213735833444,0.0,635.3709532041905,32.50735109416789,60.58188158458561,78.31316399958627,996,1191,0.32913518052057095,0.6,0.20990764063811923,1.849056603773585,0.7924528301886793,0.06968933669185558,C,C,B,C+,B+,C,C,C,1.3333,1.3333,2.6667,1.6667,2.6667,1.0,1.0,1.0,2022-2024,2023-2025,False,False,False,2023-2025,3.0,2024
3554409,Terra Roxa,7985,2024,2023,29734.001252348153,96.5334008097166,96.07,1212.0,96.85685001708234,98.599248377178,2022,0.0,12.523481527864746,442.4963473178877,8.348987685243165,20.87246921310791,4.174493842621582,425.7983719474014,58.44291379670215,45.919432268837404,62.61740763932373,259,284,0.31338028169014087,0.575,0.14084507042253522,0.92,0.16,0.1267605633802817,C,C,C,B,C+,C,C,C,1.0,1.0,1.0,2.6667,2.3333,1.0,1.0,1.0,2022-2024,2023-2025,False,False,False,2023-2025,3.0,2024
3554508,Tietê,38690,2024,2023,76374.98061514604,90.79467912805671,97.55,1400.0,98.20008674280758,99.06751481856296,2022,3.446196260877057,12.0616869130697,190.4023434134574,48.2467476522788,21.538726630481605,0.0,567.7608339794951,134.40165417420522,32.73886447833204,95.63194623933833,1284,1467,0.43012951601908656,0.543046357615894,0.2058623040218132,0.7685185185185185,0.2361111111111111,0.17041581458759372,C,C,B,C,B,C,B+,B+,1.3333,1.0,3.0,1.3333,2.6667,1.0,3.6667,3.6667,2022-2024,2023-2025,False,False,False,2023-2025,3.0,2024
3554607,Timburi,2490,2024,2023,32236.14457831325,76.50162337662337,93.95,972.0,86.05128205128206,97.02564102564104,2022,0.0,26.773761713520752,307.8982597054886,0.0,0.0,0.0,334.67202141900935,26.773761713520752,107.09504685408301,93.70816599732262,67,77,0.36363636363636365,0.4166666666666667,0.15584415584415584,3.0,0.0,0.06493506493506493,C,C,C,C,C+,C,C,C,1.0,1.0,2.0,1.6667,1.6667,2.0,1.0,1.0,2022-2024,2023-2025,False,True,False,2023-2025,3.0,2024
3554656,Torre de Pedra,2063,2024,2023,21370.334464372274,82.69794721407625,94.97,1175.0,93.48894348894348,99.75429975429977,2022,0.0,16.157699143641945,306.99628372919693,0.0,0.0,0.0,387.7847794474067,16.157699143641945,32.31539828728389,96.94619486185168,53,58,0.29310344827586204,0.8,0.1724137931034483,0.0,1.0,0.034482758620689655,C+,C+,B,B,B+,C,C,C+,1.3333,1.6667,3.0,2.3333,2.3333,1.0,1.0,1.3333,2022-2024,2023-2025,False,True,False,2023-2025,3.0,2024
3554706,Torrinha,9484,2024,2023,40075.39013074652,86.40599892876271,96.22,1200.0,94.3534230544178,95.7284961966062,2022,7.0293828201883874,10.54407423028258,432.30704344158585,38.66160551103613,3.5146914100941937,0.0,590.4681568958246,45.69098833122452,24.602839870659352,203.85210178546325,386,438,0.3607305936073059,0.6590909090909091,0.2009132420091324,1.125,0.25,0.07990867579908675,C,C,B,C,C+,C,C+,C,1.0,1.0,2.0,1.0,2.0,1.0,2.0,1.6667,2022-2024,2023-2025,False,False,False,2023-2025,3.0,2024
3554755,Trabiju,1719,2024,2023,38767.306573589296,92.39001189060642,91.17,1000.0,98.66220735785951,95.65217391304348,2022,19.391118867558657,19.391118867558657,795.035873569905,19.391118867558657,0.0,0.0,659.2980414969944,19.391118867558657,38.78223773511731,155.12895094046925,89,98,0.32653061224489793,0.4117647058823529,0.17346938775510204,0.0,0.0,0.04081632653061224,C,C,B,C,B,C,C,C,1.0,1.0,2.6667,1.0,3.0,1.0,1.0,1.0,2022-2024,2023-2025,False,True,False,2023-2025,3.0,2024
3554805,Tremembé,53083,2024,2023,20567.24375035322,82.88355187305805,97.2,1200.0,94.67018469656992,98.87203166226914,2022,11.303053708343537,8.163316567137,290.73965927572544,80.37727081488738,35.16505598151323,0.6279474282413077,460.2854649008785,62.16679539588945,23.234054844928384,140.6602239260529,1772,2296,0.41681184668989546,0.5027624309392266,0.15766550522648085,0.8947368421052632,0.40131578947368424,0.11236933797909408,C+,C,B,C+,C+,C,C,C+,1.3333,1.0,3.0,1.6667,1.6667,1.0,2.3333,2.0,2022-2024,2023-2025,False,False,False,2023-2025,3.0,2024
3554904,Três Fronteiras,7013,2024,2023,22173.820048481393,90.52028218694883,93.49,1212.0,95.90258987243912,93.11944337069966,2022,9.506155235514996,28.518465706544987,465.8016065402348,9.506155235514996,0.0,0.0,617.9000903084748,19.01231047102999,61.79000903084748,71.29616426636247,270,366,0.30327868852459017,0.6052631578947368,0.10382513661202186,39.0,1.0,0.05737704918032787,C,C,C,C,B,C+,C,C,1.6667,1.0,1.6667,1.3333,3.0,2.3333,1.3333,1.0,2022-2024,2023-2025,False,False,False,2023-2025,3.0,2024
3554953,Tuiuti,6947,2024,2023,34501.51144378869,47.30008852168781,94.63,1181.0,95.56786703601108,96.2010288880095,2022,4.798234249796074,4.798234249796074,446.235785231035,19.192936999184298,47.98234249796075,0.0,767.717479967372,57.57881099755291,57.57881099755291,71.97351374694112,308,361,0.34349030470914127,0.7589285714285714,0.31024930747922436,1.36,0.12,0.13573407202216067,C+,C,B,B+,C+,C,C,B,1.3333,1.0,2.6667,3.0,2.0,1.0,1.3333,1.6667,2022-2024,2023-2025,False,False,False,2023-2025,3.0,2024
3555000,Tupã,65416,2024,2023,47821.6644246056,94.9224127143036,95.92,1250.8,97.32064969052465,97.49511901300212,2022,3.0573559985324694,12.229423994129878,432.10631445925566,21.401491989727283,1.5286779992662347,0.5095593330887448,819.3714076067017,38.72650931474461,27.00664465370348,180.89356324650444,3016,4242,0.458981612446959,0.5244755244755245,0.13484205563413484,6.833333333333333,0.8,0.06482791136256483,C+,C,B,B,B,C+,C+,B+,2.0,1.0,3.0,3.0,3.0,1.6667,2.6667,4.0,2022-2024,2023-2025,False,False,False,2023-2025,3.0,2024
3555109,Tupi Paulista,16206,2024,2023,27578.55115389362,78.0433959883941,96.43,1328.0,93.3608469406065,93.89915664812489,2022,2.056851371919865,6.170554115759596,431.93878810317165,6.170554115759596,0.0,0.0,275.6180838372619,8.22740548767946,26.739067834958245,96.67201448023366,415,601,0.34608985024958405,0.6122448979591837,0.08153078202995008,,,0.05324459234608985,B,C+,B,C+,B,C+,B,C+,2.3333,1.3333,3.0,2.0,3.0,2.3333,2.6667,1.6667,2022-2024,2023-2025,False,False,False,2023-2025,3.0,2024
3555208,Turiúba,1839,2024,2023,47901.5769439913,82.61826182618262,92.54,1228.0,98.015873015873,91.53439153439152,2022,0.0,36.251586006887806,453.14482508609746,0.0,0.0,0.0,779.4090991480878,18.125793003443903,90.6289650172195,18.125793003443903,77,90,0.2111111111111111,0.6190476190476191,0.23333333333333334,0.0,0.0,0.03333333333333333,C,C,C,B,B,C,C,C,1.0,1.0,1.0,2.3333,2.6667,1.0,1.0,1.0,2022-2024,2023-2025,False,True,False,2023-2025,3.0,2024
3555307,Turmalina,1672,2024,2023,59943.77990430622,75.5542240862792,94.67,1387.33,90.74333800841514,91.86535764375876,2022,0.0,0.0,378.7878787878788,0.0,0.0,0.0,618.0223285486443,39.87240829346093,19.936204146730464,139.55342902711322,60,76,0.25,0.6666666666666666,0.11842105263157894,0.0,0.5,0.05263157894736842,C+,B,C,C+,B,C,C,C,1.6667,2.6667,1.6667,2.0,3.0,1.0,1.0,1.0,2022-2024,2023-2025,False,True,False,2023-2025,3.0,2024
3555356,Ubarana,5456,2024,2023,54755.49853372434,94.4268406337372,91.9,1004.0,99.63579604578564,98.33506763787722,2022,6.109481915933529,30.547409579667644,568.1818181818182,24.437927663734115,0.0,0.0,830.8895405669599,36.65689149560117,61.09481915933529,103.86119257086999,272,309,0.255663430420712,0.5774647887323944,0.2297734627831715,3.0,0.75,0.1488673139158576,C+,B,B,C,C+,C,C,C,2.0,3.0,3.3333,1.0,2.3333,1.3333,1.3333,1.0,2022-2024,2023-2025,False,False,False,2023-2025,3.0,2024
3555406,Ubatuba,96598,2024,2023,36304.26095778381,93.61267355696326,96.38,1125.0,79.94707438988533,99.5119082622758,2022,17.943780754604994,18.288853461424324,501.39064300848185,226.36769567347838,8.971890377302497,0.0,1508.6578742140969,69.70468677750402,47.96510624788643,133.19806483226014,7339,7953,0.5914749151263674,0.45015455950540956,0.32541179429146233,1.7784090909090908,0.375,0.2142587702753678,C+,C,B,C+,B,C,C,B,2.0,1.6667,3.0,1.3333,2.6667,1.0,2.0,3.0,2022-2024,2023-2025,False,False,False,2023-2025,3.0,2024
3555505,Ubirajara,5265,2024,2023,38181.57644824311,79.28682774746687,93.9,1050.0,89.41048034934498,92.13973799126636,2022,25.324469768914216,31.655587211142766,348.2114593225704,6.331117442228554,0.0,0.0,683.7606837606837,18.99335232668566,37.98670465337132,177.2712883823995,210,251,0.3466135458167331,0.5714285714285714,0.30677290836653387,9.0,0.0,0.07569721115537849,C,C,B,C,C+,C,C+,C,1.0,1.0,1.6667,1.6667,2.3333,1.6667,2.3333,1.0,2022-2024,2023-2025,False,False,False,2023-2025,3.0,2024
3555604,Uchoa,10627,2024,2023,49103.60402747718,93.23648258610736,94.65,1212.0,95.605223505776,94.77649422400803,2022,6.273328942003074,9.40999341300461,310.5297826291522,18.81998682600922,3.136664471001537,3.136664471001537,461.08967723722594,12.546657884006148,37.63997365201844,97.23659860104765,306,368,0.4157608695652174,0.5671641791044776,0.18206521739130435,7.666666666666667,0.3333333333333333,0.08695652173913043,C+,C,C+,B,B+,C+,C,C,1.3333,1.0,2.3333,2.0,3.0,2.3333,1.0,1.0,2022-2024,2023-2025,False,False,False,2023-2025,3.0,2024
3555703,União Paulista,1628,2024,2023,44375.921375921374,80.84840923268871,93.3,1175.0,99.82905982905984,90.5982905982906,2022,0.0,20.475020475020475,593.7755937755937,20.475020475020475,0.0,0.0,327.6003276003276,0.0,81.9000819000819,0.0,51,59,0.3389830508474576,0.5555555555555556,0.15254237288135594,,,0.0847457627118644,C,C,C,C,B,C,C,C,1.0,1.0,1.6667,1.0,2.3333,1.0,1.0,1.0,2022-2024,2023-2025,False,True,False,2023-2025,3.0,2024
3555802,Urânia,8973,2024,2023,40858.12994539173,87.49009396581003,93.05,1212.0,91.03086779266162,90.39021549213744,2022,0.0,11.144544745347153,427.2075485716408,22.289089490694305,11.144544745347153,3.714848248449051,390.05906608715037,37.14848248449051,59.43757197518482,133.73453694416582,295,416,0.34615384615384615,0.4032258064516129,0.14903846153846154,3.3,0.5,0.0673076923076923,C,C+,C,C,B,C,C,C,1.0,1.3333,1.3333,1.0,3.0,1.0,1.0,1.3333,2022-2024,2023-2025,False,False,False,2023-2025,3.0,2024
3555901,Uru,1419,2024,2023,47040.16913319239,83.9942321557318,94.01,1106.25,99.443413729128,95.91836734693877,2022,0.0,23.49072116513977,751.7030772844727,23.49072116513977,0.0,0.0,540.2865867982147,0.0,164.4350481559784,23.49072116513977,65,70,0.3,0.2857142857142857,0.2,,,0.08571428571428572,C,C,B+,B,C+,C,C,C,1.0,1.0,3.0,3.0,2.3333,1.0,1.0,1.0,2022-2024,2023-2025,False,True,False,2023-2025,3.0,2024
3556008,Urupês,14038,2024,2023,46098.803248325974,93.07334109429569,95.27,1263.0,95.9462055715658,95.90778097982708,2022,2.37450728973738,9.49802915894952,460.6544142090516,9.49802915894952,0.0,2.37450728973738,560.3837203780215,40.36662392553545,45.11563850501021,71.23521869212138,506,621,0.3285024154589372,0.44242424242424244,0.26570048309178745,2.4285714285714284,0.21428571428571427,0.06280193236714976,C+,C,B,C+,B,C,C,C,2.3333,2.0,2.6667,2.0,3.0,1.0,1.0,1.0,2022-2024,2023-2025,False,False,False,2023-2025,3.0,2024
3556107,Valentim Gentil,14531,2024,2023,38927.327781983346,91.84281458362888,95.94,1212.0,95.12855209742897,97.31297119659772,2022,9.175785103112885,18.35157020622577,394.55875943385405,20.64551648200399,4.587892551556442,0.0,506.9621269469869,25.233409033560434,32.115247860895096,112.40336751313285,490,607,0.3311367380560132,0.5287356321839081,0.14332784184514002,2.6666666666666665,0.8888888888888888,0.07742998352553541,B,B+,B,C+,B,B,A,B+,2.6667,3.6667,3.0,2.0,3.0,1.6667,4.0,2.6667,2022-2024,2023-2025,False,False,False,2023-2025,3.0,2024
3556206,Valinhos,131277,2024,2023,77703.64191747221,96.47709558212593,98.05,1975.0,96.03753235547886,99.86194995685936,2022,1.5234961188936371,3.808740297234093,267.6274848856489,87.85494285619974,29.20034227879471,4.316572336865305,673.8931165906188,123.65710165020022,26.91509810045426,16.75845730783001,4866,5923,0.5613709268951544,0.46332046332046334,0.21863920310653384,0.5776772247360482,0.2473604826546003,0.20057403342900557,C+,C,B,C,C+,C,C,B+,2.0,1.0,3.3333,1.0,1.6667,2.3333,2.0,3.6667,2022-2024,2023-2025,False,False,False,2023-2025,3.0,2024
3556305,Valparaíso,24723,2024,2023,57716.57970311047,96.85656532321272,95.34,1160.0,97.14138552665464,98.68658253927376,2022,16.179266270274642,13.482721891895535,359.9886745136108,33.70680472973884,1.3482721891895535,0.0,548.7467810001483,10.786177513516428,36.40334910811794,188.75810648653749,897,1023,0.2961876832844575,0.610062893081761,0.15542521994134897,12.666666666666666,0.0,0.1906158357771261,C,C,C,C+,C+,B,C+,C,1.6667,1.3333,2.0,1.3333,2.6667,3.3333,3.0,1.0,2022-2024,2023-2025,False,False,False,2023-2025,3.0,2024
3556354,Vargem,10805,2024,2023,20547.154095326237,64.3455098934551,95.04,1200.0,62.48633879781421,98.90710382513662,2022,9.254974548819991,9.254974548819991,268.39426191577974,55.529847292919946,18.509949097639982,37.019898195279964,583.0633965756595,24.679932130186643,27.764923646459973,317.754126176153,438,506,0.39723320158102765,0.7195121951219512,0.16205533596837945,4.619047619047619,0.3333333333333333,0.1442687747035573,C,C,B+,C,B+,C,C,C,1.0,1.0,2.3333,1.3333,3.0,1.0,1.0,1.0,2022-2024,2023-2025,False,False,False,2023-2025,3.0,2024
3556404,Vargem Grande do Sul,41226,2024,2023,34726.67733954301,95.5672389305559,95.64,1066.67,96.70389912971972,97.03282395669156,2022,8.894063616811398,16.979575995730848,429.3407073206229,41.23611313248921,5.6598586652436165,0.0,684.8428984944776,49.321625511408655,23.44798589886641,218.30883423082523,1828,2147,0.39962738705170003,0.6622073578595318,0.13926408942710758,1.3108108108108107,0.5135135135135135,0.09827666511411272,C+,C,B,B,B,C,B+,B,2.0,1.0,3.3333,2.6667,2.6667,1.3333,3.6667,2.3333,2022-2024,2023-2025,False,False,False,2023-2025,3.0,2024
3556453,Vargem Grande Paulista,52103,2024,2023,67640.88440204979,98.90905484478826,96.77,1242.4,88.0650277557494,99.518522714399,2022,5.7578258449609425,3.8385505633072956,300.68646079240483,143.30588769680568,67.17463485787766,17.91323596210071,611.6090564202957,99.1625562187718,48.62164046855907,43.50357305081601,2097,2365,0.560676532769556,0.5488599348534202,0.25961945031712474,2.0708955223880596,0.35447761194029853,0.320507399577167,C,C,B,C+,C,C,C,B,1.0,1.0,2.6667,1.6667,1.6667,1.0,1.6667,3.3333,2022-2024,2023-2025,False,False,False,2023-2025,3.0,2024
3556503,Várzea Paulista,119576,2024,2023,39607.128520773396,99.71149942559018,96.53,1200.0,97.56001185419342,99.97777338733576,2022,5.2964920496866705,3.902678352400705,338.9754911799469,116.52282509310675,49.062242144466,2.2301019156575452,607.424009277224,131.0184875448808,38.190495305635466,109.83251934613412,5031,5833,0.5921481227498714,0.43272023233301066,0.17709583404765986,1.6343537414965987,0.44727891156462585,0.17075261443511058,C+,C,B,C+,B,C+,C,B+,2.0,1.0,2.6667,2.0,2.0,1.6667,1.3333,4.3333,2022-2024,2023-2025,False,False,False,2023-2025,3.0,2024
3556602,Vera Cruz,10294,2024,2023,29415.679036331843,88.33529874213836,95.93,1178.0,96.4715765891907,93.64323718846262,2022,9.714396735962698,3.238132245320899,479.243572307493,9.714396735962698,3.238132245320899,0.0,556.9587461951946,38.85758694385079,32.381322453208995,71.23890939705979,372,452,0.3230088495575221,0.616822429906542,0.23672566371681417,9.5,0.5,0.08185840707964602,C+,C,C+,C+,C+,C+,B,C+,1.3333,1.0,2.6667,2.0,1.6667,1.6667,2.0,1.6667,2022-2024,2023-2025,False,False,False,2023-2025,3.0,2024
3556701,Vinhedo,79235,2024,2023,185519.83340695399,98.7170107133525,98.01,1856.0,98.7999270472369,99.83585628305671,2022,2.524137060642393,5.048274121284786,305.8412738478366,80.77238594055657,19.351717464925013,4.627584611177721,693.717002166551,88.34479712248375,36.17929786920763,31.972402768136973,3015,3780,0.5455026455026455,0.4444444444444444,0.2976190476190476,1.1223628691983123,0.31223628691983124,0.1529100529100529,C+,C,C+,B,C+,B,B+,A,2.3333,1.0,2.3333,2.6667,2.6667,3.3333,4.0,4.3333,2022-2024,2023-2025,False,False,False,2023-2025,3.0,2024
3556800,Viradouro,17681,2024,2023,31889.3727730332,97.24359710577696,95.72,1178.0,97.4478330658106,98.79614767255217,2022,7.541051599645571,3.7705257998227855,454.3483588786456,33.934732198405065,20.737891899025318,1.8852628999113927,493.93887977678486,49.01683539769621,33.934732198405065,77.2957788963671,624,710,0.37464788732394366,0.7070707070707071,0.13943661971830987,1.3653846153846154,0.23076923076923078,0.1647887323943662,C+,C,B,B,B,B,B,C,2.0,1.0,2.6667,3.0,3.0,2.6667,3.3333,1.0,2022-2024,2023-2025,False,False,False,2023-2025,3.0,2024
3556909,Vista Alegre do Alto,8327,2024,2023,84777.35078659782,94.49993834011592,93.18,1200.0,95.4989532449407,96.75505931612004,2022,12.009126936471718,4.003042312157239,192.1460309835475,32.024338497257915,24.018253872943436,0.0,216.16428485649095,28.021296185100677,32.024338497257915,84.06388855530203,156,174,0.3620689655172414,0.75,0.13793103448275862,0.5454545454545454,0.21212121212121213,0.3160919540229885,C+,C,B,B,C+,B,B+,B+,1.6667,1.0,2.6667,2.6667,2.3333,2.6667,3.0,3.6667,2022-2024,2023-2025,False,False,False,2023-2025,3.0,2024
3556958,Vitória Brasil,1826,2024,2023,35312.70536692224,84.33667781493868,91.54,1212.0,92.4963924963925,93.65079365079364,2022,0.0,54.76451259583789,492.8806133625411,18.254837531945967,0.0,18.254837531945967,255.5677254472435,0.0,73.01935012778387,109.52902519167579,56,72,0.3472222222222222,0.8571428571428571,0.09722222222222222,,,0.08333333333333333,C+,B,B,C+,B,C,C,C,2.0,2.0,3.3333,2.0,3.0,1.0,1.0,1.0,2022-2024,2023-2025,False,True,False,2023-2025,3.0,2024
3557006,Votorantim,132849,2024,2023,39214.85295335305,97.73144782408168,97.65,1284.8,97.30686816285102,99.73610014661102,2022,4.767317280019672,6.021874458972217,276.25349080535045,63.731504690789286,19.320180555869197,0.5018228715810181,712.8393890808361,91.33176262774528,38.138538240157374,54.44778156654046,5051,5446,0.5060594932060227,0.5692446043165468,0.204186558942343,2.0341207349081363,0.5118110236220472,0.12504590525156078,C,C,C+,C+,B,C,B,B,1.6667,1.0,2.3333,2.0,2.3333,1.6667,2.0,2.3333,2022-2024,2023-2025,False,False,False,2023-2025,3.0,2024
3557105,Votuporanga,100159,2024,2023,45749.28863107659,97.14593207359728,96.7,1276.67,98.43632858519868,98.81653636071545,2022,10.649733590258156,10.649733590258156,444.2935732185824,27.95555067442766,2.662433397564539,0.0,908.8882010935945,62.2343806680711,32.282004945470035,120.4751112397954,4868,7158,0.5103380832634814,0.5940298507462687,0.14040234702430845,1.9523809523809523,0.5661375661375662,0.09262363788767812,B,C,B,C+,B,B,B+,A,3.0,1.3333,3.3333,2.6667,3.0,3.3333,4.0,4.3333,2022-2024,2023-2025,False,False,False,2023-2025,3.0,2024
3557154,Zacarias,2761,2024,2023,64310.75697211155,81.35215453194651,93.55,1200.0,95.17045454545456,85.79545454545455,2022,0.0,12.072920439454304,422.55221538090063,0.0,0.0,0.0,410.4792949414463,48.291681757817216,108.65628395508872,36.218761318362915,86,111,0.3153153153153153,0.5,0.21621621621621623,0.0,0.6,0.09009009009009009,C,C,B,C+,C+,C,C,C,1.3333,1.0,3.6667,2.0,2.6667,1.0,1.0,1.0,2022-2024,2023-2025,False,True,False,2023-2025,3.0,2024
3557204,Chavantes,12411,2024,2023,38451.37378132302,96.96994513143886,94.62,1100.0,94.61201934146904,99.009900990099,2022,10.743157951279779,21.486315902559557,555.9584239787285,18.800526414739615,2.6857894878199446,0.0,752.0210565895845,13.428947439099725,48.344210780759006,91.31684258587812,564,635,0.29448818897637796,0.5675675675675675,0.23307086614173228,14.0,1.0,0.08976377952755905,C,C,C,C,C,C,C,C,1.0,1.0,1.6667,1.3333,1.3333,1.0,1.0,2.0,2022-2024,2023-2025,False,False,False,2023-2025,3.0,2024
3557303,Estiva Gerbi,11566,2024,2023,46015.217015389935,92.66932270916335,96.36,1225.0,92.36621196222455,98.42602308499475,2022,0.0,20.174073433627296,556.2280246700099,92.22433569658193,34.58412588621823,8.646031471554558,677.2724652717736,57.640209810363714,14.410052452590929,244.97089169404578,592,725,0.4675862068965517,0.5185185185185185,0.07448275862068965,1.8421052631578947,0.3684210526315789,0.1296551724137931,C,C,B,C,C+,C,C+,C,1.0,1.0,2.3333,1.0,2.3333,1.0,2.3333,1.0,2022-2024,2023-2025,False,False,False,2023-2025,3.0,2024
