codigo_ibge,municipio,taxa_cvli,taxa_estupro_total,taxa_furto_outros,taxa_furto_veiculo,taxa_lesao_dolosa,taxa_roubo_outros,taxa_roubo_veiculo,taxa_tentativa_homicidio,taxa_trafico,pib_percapita,prop_esgoto_adequado,prop_lixo_coletado,renda_domiciliar_mediana,taxa_alfabetizacao,taxa_urbanizacao,i_amb_ord,i_cidade_ord,i_educ_ord,i_fiscal_ord,i_gov_ti_ord,i_planejamento_ord,i_saude_ord
3500105,Adamantina,0.020508250567781904,-0.22444274393793742,-0.04952643555007816,-0.1994299224094344,0.15252006798628837,-0.19074023649739708,-0.4186188692697648,-0.2346313267800655,0.06280133278161507,0.012284477184067524,0.2959359252138616,0.24894581627786463,0.39558303699873193,0.3649683254024952,0.3199406902296544,0.5413073918845833,-0.2922062152160345,0.3066829448624137,0.29831703052621333,0.7835104224773526,-0.19516544429171995,0.1346219032838301
3500204,Adolfo,0.15588244741328391,0.3446061331115753,-0.12118264532282938,0.24718703240763418,0.677475459015868,-0.23537288472825674,-0.4186188692697648,-0.02360276446132039,0.1687963694196524,0.015623249491595903,0.35698935965531914,0.19662540552469077,0.12520521268149487,-0.36213020077754327,0.17417392562818385,-0.27969609079756,-0.2922062152160345,-0.3639535866157418,0.10486568290916139,-0.32084981616853203,0.2864182189803885,0.3163335232956547
3500303,Aguaí,0.2501957968372096,0.03598068409908642,0.4663803623177988,-0.007998438308153,-0.011483830828464417,0.11888194840415128,0.3519269025178516,0.16582439329715998,0.14298760411991512,0.10179525793962745,0.21622692366784807,-0.083077005793459,-0.3576092979321145,0.04033106294902336,0.21079980421605182,-0.27969609079756,0.7525309698016303,0.47431693011940274,0.10486568290916139,-0.21042373164548486,-0.19516544429171995,0.1346219032838301
3500402,Águas da Prata,0.007419108285801991,-0.04383998785340527,-0.2500534309892536,0.14157348226055744,0.039332892112152795,-0.012943508400671055,0.3374861537095768,-0.1828468169075489,0.009585190684309238,-0.19156743392782277,0.09620261826887563,0.23467969263699498,0.3177925977337389,0.4450158695691049,0.03586588543981388,0.3770771398138887,-0.031012124672937343,-0.5315875718727309,-0.28209505353334857,-0.32084981616853203,-0.19516544429171995,-0.41056747568954105
3500501,Águas de Lindóia,-0.21708678074610804,0.018451508006677678,-0.37382144891663477,0.28690415300274663,0.012299547763023298,0.09141480072991742,0.042306784102735515,0.1037354373355889,0.2013810241136376,-0.05230157933333233,0.18477062348088938,0.3083896932777356,0.43367841479569297,0.3471799822543601,0.02028354363357019,0.21289614696697068,0.7525309698016303,0.3066829448624137,0.29831703052621333,0.8939696381388703,0.04559027037543724,0.4980451433074793
3500550,Águas de Santa Bárbara,0.2135556072601881,0.5648431549801906,0.2094663264044279,0.11971261653009246,-0.01487462300537832,-0.19831226194380264,-0.4186188692697648,-0.18031525530042872,-0.15893768883417353,0.05549644454081179,0.271971462339435,0.09483512302568987,0.39558303699873193,0.17596717945355658,0.04651195733971897,-0.27969609079756,-0.2922062152160345,-0.5315875718727309,-0.28209505353334857,-0.32084981616853203,0.2864182189803885,-0.7740452346510878
3500600,Águas de São Pedro,-0.5713052777266532,-0.2602195739829588,0.3363999977214496,0.29046740486233497,-0.00961415511442021,-0.7026618289518174,-0.4186188692697648,-0.803595461116235,-0.41388534632237334,0.24769659473930694,0.37428839979349693,0.3723620827756021,1.5560512293991091,0.8697125622308429,0.4243203459928798,0.048715154120052624,-0.2922062152160345,0.47431693011940274,0.10486568290916139,-0.09996451598396681,-0.19516544429171995,0.4980451433074793
3500709,Agudos,0.09203916165844613,-0.0030732744732926377,0.18215137427103079,0.1605800728953206,0.008844082257159519,0.0933134693046429,-0.056094932497974634,-0.09208205103019564,0.2204798553974967,0.46734582515259393,0.3225930174563762,0.18393268951788905,0.12520521268149487,0.29826203859698763,0.2885775082260266,0.3770771398138887,-0.031012124672937343,-0.5315875718727309,-0.8625071375929104,0.5626582534312581,-0.19516544429171995,-0.592333614639263
3500758,Alambari,0.2621200442675956,-0.10775009362834509,0.07173521822794877,0.19225047222769867,-0.3624908935744778,0.0932844797412434,-0.019104181913750053,0.22786551814367234,-0.3761639061750859,-0.4648555226804168,-0.9734839419677688,0.1097121575364675,-0.26899278690399697,0.12482569290266605,-0.38654566109477384,-0.27969609079756,-0.2922062152160345,-0.19626930613365307,-0.08864370591629663,-0.32084981616853203,-0.19516544429171995,-0.04714423566589192
3500808,Alfredo Marcondes,0.15069882399570528,0.21694462383147095,0.16032451433971368,-0.06600818318010537,0.4799395053171306,-0.7026618289518174,-0.4186188692697648,-0.803595461116235,0.010274742216056187,-0.2284347064532079,0.18765291874636167,-0.13163360227191384,0.12520521268149487,-0.046387109898137414,-0.0738847560603328,0.048715154120052624,-0.031012124672937343,-0.5315875718727309,0.10486568290916139,-0.09996451598396681,-0.19516544429171995,0.4980451433074793
3500907,Altair,0.45256016741673455,0.3601882988862804,0.06900717684534571,-0.39273009247781754,0.4687769552944612,-0.7026618289518174,-0.4186188692697648,-0.803595461116235,-0.05334274127579506,0.18801526480125488,0.007365432409274058,-0.3863016097285166,0.09786634495980552,-0.5111075746431786,-0.020497435401901506,-0.27969609079756,-0.2922062152160345,0.3066829448624137,0.10486568290916139,-0.32084981616853203,-0.19516544429171995,0.1346219032838301
3501004,Altinópolis,0.08352814487981498,0.05084618440574551,-0.038543389548805235,0.004057674852183765,-0.18044101400856663,-0.08805900516388171,0.32288061229269704,0.12440701695360458,0.2664537862595096,0.1187776254862353,0.24883315524325064,-0.015260462370010329,0.020475001495134513,0.031436891374954215,0.12692781767701808,0.048715154120052624,-0.031012124672937343,0.3066829448624137,0.10486568290916139,0.3417729532466929,0.7679296483147028,0.4980451433074793
3501103,Alto Alegre,-0.5713052777266532,0.23089015816036035,-0.1577040826581188,0.04977169501805727,-1.1133134935317042,-0.06753416559905662,0.0734228436049836,0.022722014911381306,-0.5205898045829402,-0.04400597491517648,0.29638899544455916,-0.2544161479086963,0.12066756842640652,-0.1286581969582652,-0.18171044402674744,0.048715154120052624,0.7525309698016303,0.8096351958584805,0.29831703052621333,-0.21042373164548486,-0.19516544429171995,0.3163335232956547
3501152,Alumínio,0.2860193925803731,0.06107391225860188,0.2608280577389433,0.3775669556773542,-0.4247560676030458,0.16346862546888574,0.3031202896156614,-0.10901065773520335,0.11324648557336656,1.0665856704094796,0.1732880884398606,0.36473975570565753,0.15451877714109866,0.30048558149050575,0.3072297711381455,-0.27969609079756,-0.031012124672937343,-0.3639535866157418,0.29831703052621333,-0.32084981616853203,-0.19516544429171995,-0.7740452346510878
3501202,Álvares Florence,-0.5713052777266532,0.4584337246991799,0.14268868646908647,0.042430214233245306,0.202534312385401,-0.7026618289518174,-0.4186188692697648,-0.803595461116235,-0.5286644696350459,-0.04832733640249903,-0.6391345414855584,-1.1762958912860637,0.09786634495980552,-0.2976474568655506,-0.6145803457173635,-0.27969609079756,-0.2922062152160345,-0.5315875718727309,-0.4755464011504005,-0.32084981616853203,0.7679296483147028,0.4980451433074793
3501301,Álvares Machado,0.1873183655394465,-0.12313498967324166,-0.04596713848983071,-0.13045851456587407,-0.05336146413837898,-0.18890162098862787,-0.4186188692697648,0.010115883012177834,-0.14241546228684387,-0.32691135603187427,0.1677005545349417,-0.005005899282184737,-0.01906503863869853,0.2048732370692758,0.18979769528194312,0.048715154120052624,0.09956533202124931,0.3066829448624137,0.29831703052621333,0.7835104224773526,-0.19516544429171995,-0.04714423566589192
3501400,Álvaro de Carvalho,0.1292114171923107,0.24123377259276138,-0.031306555329643854,-0.29229122621708736,0.136388891419779,0.029012016153388692,-0.4186188692697648,0.17701275027576335,0.3706577850080399,-0.8996086948243021,0.2939925860405805,0.023249061428208814,-0.5439280674166584,-0.346565400522923,-0.8213690341905131,-0.27969609079756,-0.2922062152160345,-0.19626930613365307,-0.6690557899758586,-0.32084981616853203,-0.19516544429171995,-0.22885585567771652
3501509,Alvinlândia,-0.5713052777266532,0.08510436485623409,-0.31109861863953053,-0.3433245477127543,0.08260055251653184,-0.008330667165367962,0.12956087839180233,-0.803595461116235,-0.2865224305110463,-0.3823632888629995,0.34189411268554587,0.30937304906631846,-0.6425403952875925,-0.4755308883469083,0.15936802210647305,0.5413073918845833,-0.16162875852184783,0.138998664380325,0.10486568290916139,-0.09996451598396681,-0.19516544429171995,0.1346219032838301
3501608,Americana,0.007255376444574042,-0.2856503001905899,0.32495957323316205,0.6460565365513887,-0.29398434340819035,0.3087906471022247,0.334605155236369,-0.2525881105973878,0.1135820207629534,0.3114966741605867,0.3347485677257647,0.3654546591490006,1.0005550359572821,0.7741002178096129,0.4188707891938845,0.21289614696697068,0.230142788715436,0.138998664380325,-0.28209505353334857,-0.32084981616853203,-0.19516544429171995,-0.41056747568954105
3501707,Américo Brasiliense,0.2989946325989603,0.034937157855871495,0.3011560893262317,0.11013786271546018,0.03319771908636872,0.2020931256486782,0.10091462223614706,0.12990155827139943,0.024958535748475744,-0.040897543647006276,0.3635681363028825,0.3564801751062473,-0.23185665927269597,-0.0775167104073747,0.39916980753063247,-0.27969609079756,-0.2922062152160345,0.47431693011940274,-0.08864370591629663,-0.09996451598396681,-0.19516544429171995,-0.7740452346510878
3501806,Américo de Campos,-0.5713052777266532,0.13577301380387627,-0.1467005524689357,0.15877492731381276,-0.1599786623169146,-0.15553102754270964,-0.4186188692697648,-0.11485033272410822,0.04648046081133868,-0.35203668690185286,0.0029666542245123375,-0.2570632780897175,0.12520521268149487,0.13371986447673523,0.04705941266638407,-0.27969609079756,-0.031012124672937343,0.47431693011940274,0.10486568290916139,-0.32084981616853203,0.5271739336475457,0.3163335232956547
3501905,Amparo,0.05384636355570689,0.1306498782147034,-0.12205675405171693,0.05054207243122341,-0.1611759053031863,0.13337129508891243,0.14688522985271285,-0.1061366030376821,0.18095855090895066,0.5343807487741391,0.043629180203822115,0.27542473133072376,0.6414389223574019,0.42945106931448784,0.18000785563192515,-0.27969609079756,0.8831084264958169,0.47431693011940274,0.10486568290916139,0.8939696381388703,-0.19516544429171995,0.3163335232956547
3502002,Analândia,-0.5713052777266532,0.2022626121229705,0.2744037311129128,0.04818502043460256,-0.15573927208829622,-0.02217603533401609,0.36502009382493916,0.19211195147417603,0.19205481715794243,0.14123703753702477,-0.04828919092128885,-0.15113879561198784,0.12066756842640652,0.15595529341190337,-0.050711202797268665,-0.27969609079756,-0.16162875852184783,-0.5315875718727309,0.10486568290916139,0.010461568539080387,-0.19516544429171995,-0.22885585567771652
3502101,Andradina,0.09024057098994832,0.03159670573996548,0.3102032056107279,0.10850464712445781,0.02283759837014599,0.08698484204108622,-0.2587102405083799,0.21422948817145307,0.1146679953142141,0.32477050079993225,0.2095901506311436,0.04772073366835773,0.2282769678822957,0.31382683885160784,0.15854974367000405,0.21289614696697068,0.8831084264958169,-0.3639535866157418,0.4917683781432653,0.23134686872364563,0.2864182189803885,-0.04714423566589192
3502200,Angatuba,0.12882320586276325,-0.1362456233867858,-0.1893829987304965,-0.11954332860488612,-0.26497467929582336,-0.16060824847350458,-0.013155215348582919,0.056744245756107786,-0.06279623519524027,0.3231301562941209,-0.5408139757856476,-0.346747620696151,0.042359428266262794,0.22266158021741092,-0.49309974622239255,0.048715154120052624,-0.031012124672937343,-0.3639535866157418,-0.6690557899758586,-0.09996451598396681,-0.19516544429171995,-0.41056747568954105
3502309,Anhembi,0.42032271806075105,0.26092373386323553,0.2582603309164218,-0.014787322055600441,0.17194212256271316,0.04161347508253983,0.3596213165658182,0.12163236056037724,-0.0718956702888352,0.11172610167352952,-0.2689211465877738,0.1429589835161066,-0.5080198554830603,-0.10864631091661199,-0.15668379550597367,-0.27969609079756,-0.2922062152160345,-0.3639535866157418,-0.6690557899758586,-0.32084981616853203,-0.19516544429171995,-0.04714423566589192
3502408,Anhumas,0.1819259014433275,0.023370181038638003,-0.13679885263032285,-0.034839885667626115,0.5403569269141291,-0.7026618289518174,-0.4186188692697648,-0.803595461116235,-0.40286531760598066,-0.28410457498614194,0.05765939755376905,-0.2700750233545554,-0.196693100764142,-0.10864631091661199,-0.06750158410793554,-0.11551509795064197,-0.16162875852184783,0.6419509153763917,0.29831703052621333,-0.32084981616853203,-0.19516544429171995,0.4980451433074793
3502507,Aparecida,0.651248176377678,0.0796907051825499,0.6856909394690835,0.30345425328495307,0.291399544374203,0.47743520779167087,0.3905452763906352,0.3744041129502014,0.3816067886277753,-0.09950808105113092,0.2576718880760691,0.2423891987046521,-0.12500403156189774,0.4850396416524113,0.3612513330658182,-0.27969609079756,-0.16162875852184783,-0.3639535866157418,-0.4755464011504005,-0.21042373164548486,-0.19516544429171995,-0.22885585567771652
3502606,Aparecida d'Oeste,-0.5713052777266532,0.11743626865038126,-0.18995701222919376,-0.12235653288375511,0.6196671623068102,-0.7026618289518174,-0.4186188692697648,0.0030668404333962893,0.04510460841107042,0.11303602884199124,0.03869130305347459,-0.19958413437570466,0.09786634495980552,-0.6800968345504641,-0.23236593861407617,-0.27969609079756,-0.2922062152160345,0.6419509153763917,-0.6690557899758586,-0.32084981616853203,-0.19516544429171995,-0.04714423566589192
3502705,Apiaí,0.17901134539768274,0.44418157276023434,-0.16248361737267486,0.029754231134612848,-0.03433984353446236,-0.09905154644195725,-0.06744124599772897,-0.05744859868887249,0.11911800127401986,0.03978540230711504,-0.833932768389538,-0.3024684012906903,-0.6924421162444957,-0.1864703121897036,-0.25214627924160726,-0.27969609079756,-0.2922062152160345,-0.02863532087666403,0.29831703052621333,0.010461568539080387,-0.19516544429171995,0.1346219032838301
3502754,Araçariguama,0.2142882547815091,0.3707776275529227,0.1940365072150743,0.16755910034308355,-0.1919090883875587,0.30323492132184726,0.4658789776458868,0.32735650863895616,0.056004264082120205,1.1481259334089873,-0.3911973828544099,-0.034232354809076646,-0.14119042800682668,0.01809563401385523,0.04036146025493153,-0.27969609079756,-0.031012124672937343,-0.3639535866157418,-0.8625071375929104,0.12088765306212759,-0.19516544429171995,-0.592333614639263
3502804,Araçatuba,0.39845969599906494,-0.1102582601515002,0.4477898938408991,0.17701130717170604,0.07956581224593595,0.17849644363401157,-0.0354423515691845,0.23316387934538532,0.21394173711447162,0.11840441049892837,0.3294089794011475,0.31597140656448963,0.4214931136390819,0.5673107287125391,0.37130221139820885,0.8696693775784194,-0.16162875852184783,0.9772691811154695,0.10486568290916139,0.5626582534312581,-0.19516544429171995,0.1346219032838301
3502903,Araçoiaba da Serra,-0.025347194880530683,0.11780232822814199,0.009715563362567492,0.2483942799677426,-0.1987140408460894,0.17694491985574648,0.2523123245953267,-0.15145261442250696,-0.017717954055140477,-0.02963093141519748,-0.4306438313648975,0.30158174123128234,0.3177925977337389,0.4805925558653783,0.07410593571951979,-0.27969609079756,0.6219143359527198,-0.02863532087666403,0.10486568290916139,0.5626582534312581,-0.19516544429171995,-0.04714423566589192
3503000,Aramina,0.0935238925118681,-0.24800624391347698,0.19766674594220468,-0.05694774093722008,0.21993005087915685,0.25553860591502914,0.006009540285270135,0.13596239723427556,-0.02674104894562743,-0.12848646190404753,0.22560355716159108,0.20941942186301207,0.12520521268149487,0.04700169162957444,0.2676193508284102,-0.27969609079756,-0.16162875852184783,-0.02863532087666403,-0.4755464011504005,-0.32084981616853203,-0.19516544429171995,0.4980451433074793
3503109,Arandu,0.22874632101282558,0.24288644290974715,-0.6065838886142001,-0.2804420757943112,-0.040736490791215135,-0.3203664957026667,-0.4186188692697648,-0.16547300693521927,-0.17485053220043403,-0.3176264369794459,0.05430645418862878,0.15181550266502394,-0.26899278690399697,-0.2620707705692803,-0.17236656236484985,-0.11551509795064197,-0.031012124672937343,-0.02863532087666403,0.10486568290916139,-0.21042373164548486,0.5271739336475457,-0.592333614639263
3503158,Arapeí,-0.5713052777266532,0.04735781193177038,-0.3164240143167044,-0.07599609498321437,0.4145171501695391,-0.10727213356700382,-0.4186188692697648,-0.803595461116235,-0.034606683532215514,-0.5497028066196967,-0.008133480258716755,0.07543411644593764,-0.8269110976132129,-0.25095305610169627,-0.5922708215877006,-0.27969609079756,-0.2922062152160345,-0.02863532087666403,-0.4755464011504005,-0.21042373164548486,0.5271739336475457,-0.04714423566589192
3503208,Araraquara,0.017350860016738807,-0.20877320882030448,0.5178128224961283,0.3218076965381343,-0.14690461814741046,0.23388704139767375,0.1423445517538052,0.0020932982893013467,0.09223446047569657,0.15903581556927315,0.34912055953465115,0.3349457112267588,0.43367841479569297,0.6162286723699115,0.37744007262345153,1.0338996296491139,0.230142788715436,-0.02863532087666403,-0.6690557899758586,0.23134686872364563,-0.19516544429171995,-0.41056747568954105
3503307,Araras,0.19152342007170364,-0.24253585965438856,0.2886308657608411,0.48756074676094163,0.05927163737515033,0.30551165358486204,0.6199734455064821,-0.015390997049632198,0.24870767346578648,0.33937129607481265,0.3097759170884396,0.3255193604604728,0.4214931136390819,0.43612169799503897,0.3309605981511261,-0.27969609079756,0.09956533202124931,-0.02863532087666403,-0.6690557899758586,0.6730843379543053,-0.19516544429171995,-0.22885585567771652
3503356,Arco-Íris,-0.5713052777266532,-0.4590736921795953,-0.25212261126249835,-0.039356753183385884,-0.07263315255866701,-0.08226363727840533,-0.4186188692697648,0.23196522249297682,-0.16990072121975447,0.24602123274037746,0.34647372796734865,-1.2347114706998636,-0.2952818188238797,-0.5266723748977956,-0.7114296587510349,0.3770771398138887,0.36075942256434645,-0.02863532087666403,0.4917683781432653,0.010461568539080387,-0.19516544429171995,-0.04714423566589192
3503406,Arealva,0.17957224366259975,0.11539110458256907,0.16691044595863194,0.030315470207229887,0.18731506154389357,-0.03447589205907434,0.0609688834212811,-0.803595461116235,0.11546530179518069,-0.19351036969952962,-0.07731021449434211,-0.23094795173358243,0.18203575932921887,0.29826203859698763,-0.24930047519561788,-0.27969609079756,-0.2922062152160345,0.3066829448624137,0.10486568290916139,-0.32084981616853203,-0.19516544429171995,0.3163335232956547
3503505,Areias,0.4392565996005469,0.18564092387180015,-0.04257209062108561,-0.20441952516006484,0.6221719189263522,-0.05327739023905756,0.08687634438601038,0.7727626600060804,0.17482182675968921,-0.615630893075266,-0.42732547129556375,-0.054577397649668395,-0.7960929708801162,-0.19314094087025468,-0.28359971116457394,-0.27969609079756,-0.2922062152160345,-0.5315875718727309,-0.4755464011504005,-0.32084981616853203,-0.19516544429171995,-0.04714423566589192
3503604,Areiópolis,0.11546432987361649,0.12015861515521788,-0.11192990859165106,-0.6763296523279536,-0.23472826972259533,-0.07891305577914311,0.02002296424276374,0.40135743172547633,0.15087203689384393,-0.58326443526524,0.2843406595792322,0.2391058707057475,-0.09168752867336635,-0.25095305610169627,0.3535204404009653,0.3770771398138887,0.230142788715436,0.3066829448624137,0.10486568290916139,0.12088765306212759,-0.19516544429171995,0.3163335232956547
3503703,Ariranha,0.20354927114930282,0.005292922380133487,-0.1466640604368356,0.21630708716009908,-0.07828069846765315,-0.20474230754984182,0.2156762754725298,0.2616174046747676,0.055024670788231256,0.9331174514569944,0.2565280087544543,0.26516362685858574,0.21002756137220185,-0.11754048249068114,0.32335572065787715,-0.11551509795064197,-0.2922062152160345,0.3066829448624137,-0.28209505353334857,-0.32084981616853203,1.4902690262539684,0.3163335232956547
3503802,Artur Nogueira,0.1330972890298955,-0.04318191143719348,0.11927628451422258,0.417507029581793,0.008309530167003847,0.22185508023515835,0.37328327143968926,-0.07828818479965785,0.42327257896592363,-0.10938207153488164,0.1907388440416611,0.2819974845301055,0.18203575932921887,0.12482569290266605,0.22362276547696594,0.5413073918845833,0.230142788715436,0.6419509153763917,0.10486568290916139,-0.32084981616853203,-0.19516544429171995,0.1346219032838301
3503901,Arujá,0.06978881113505274,-0.051099141554263414,0.17196893894367343,0.4414091475180685,0.007275910860688102,0.5064281394671928,0.6738006150813667,-0.024977807376202046,-0.26595503223564565,0.6750097316301166,0.0971017559002789,0.32759220915529497,0.11156975435542768,0.3560741538284292,0.3305808096175838,0.048715154120052624,0.36075942256434645,-0.02863532087666403,-0.08864370591629663,0.3417729532466929,-0.19516544429171995,0.1346219032838301
3503950,Aspásia,-0.5713052777266532,-0.04538203109194605,-0.5196057376230003,-1.1261512470253308,0.048346856733438595,-0.7026618289518174,-0.4186188692697648,0.5125340382383181,-1.5463816862554112,-0.21881770993035207,-0.23825703577463742,-0.708602889361011,0.12520521268149487,-0.9269100957308443,-0.2536460338181062,-0.27969609079756,-0.2922062152160345,-0.19626930613365307,0.29831703052621333,-0.21042373164548486,0.04559027037543724,0.4980451433074793
3504008,Assis,0.1639136090270814,-0.10873472439162248,0.3371325532166787,0.22483717745425386,0.1713903876185141,0.14591329475987735,-0.0034255797775237552,0.08972016416798313,0.13327059073270914,-0.03810260003386415,0.32481529631252654,0.2723946071031674,0.535520203124744,0.562863642925503,0.3070987395704162,-0.27969609079756,0.230142788715436,0.138998664380325,0.4917683781432653,0.3417729532466929,1.0087575969196543,0.1346219032838301
3504107,Atibaia,-0.035625133073495255,-0.07988604582822745,0.14818773739732297,0.0899607901572756,-0.20004577792942693,0.2595877388658272,0.3211684196624279,-0.11251079424798988,0.11061254725806685,0.14018910526645925,-0.25558660990338894,0.3125639411150125,0.6554949001150445,0.37830958276359733,0.09938169870831043,-0.27969609079756,0.230142788715436,0.3066829448624137,0.10486568290916139,-0.32084981616853203,-0.19516544429171995,0.1346219032838301
3504206,Auriflama,-0.5713052777266532,-0.20075703273230597,-0.13456556924360424,-0.125087472392864,-0.008409662796631008,0.041084828367185036,-0.4186188692697648,0.19649322327188828,0.20866976276190868,-0.2899440909856087,0.2170202327138789,0.0648819598389666,0.12520521268149487,-0.0041397949213160656,0.11991220369469031,-0.11551509795064197,-0.16162875852184783,0.47431693011940274,0.29831703052621333,0.010461568539080387,-0.19516544429171995,-0.04714423566589192
3504305,Avaí,0.15314523465022353,0.3397583143040973,0.046592811280899156,0.18284092917865508,0.6067633230357502,-0.09879174844040829,0.04408987252860941,0.20437671188251566,0.5082160814827432,0.6415408197106535,0.10969985813229055,-0.25957459301958596,-0.31543093485284174,-0.219823455592459,-0.6401268416390727,0.048715154120052624,-0.2922062152160345,-0.3639535866157418,-0.4755464011504005,-0.32084981616853203,-0.19516544429171995,-0.04714423566589192
3504404,Avanhandava,0.2046568250559112,0.09669315743510133,-0.13517762959739615,0.11084760731092352,-0.22736238849027893,-0.06374891468084909,-0.1215339737670249,0.12438739057712947,0.28242236382351915,-0.4490155782080808,0.37428839979349693,0.07535021478831343,-0.40302574007952585,-0.01748105228241821,-0.02840645771243558,0.21289614696697068,-0.031012124672937343,0.6419509153763917,0.29831703052621333,0.12088765306212759,-0.19516544429171995,0.1346219032838301
3504503,Avaré,0.031150775526513578,0.22088473504972705,0.06148148109871055,-0.014781033123318202,0.2955477550427299,0.03298153492969871,-0.17363164250711488,-0.09759415067639904,0.13992206870523777,-0.019474432938122416,0.2605269071418363,0.22214135741816288,0.12520521268149487,0.3849802114441484,0.26579333476613426,-0.27969609079756,0.7525309698016303,-0.3639535866157418,0.10486568290916139,0.010461568539080387,-0.19516544429171995,-0.41056747568954105
3504602,Bady Bassitt,0.08033638238295437,0.02057855840077101,-0.21937632972816895,0.12721306569050161,-0.054735283945908465,-0.08026905672652584,0.08749354388578058,-0.04709680294710076,-0.07284870213189026,-0.4344370414187322,0.2514435246263947,0.27590588910222197,0.5214245970634277,0.6028874150088094,0.28815599112835383,-0.27969609079756,-0.2922062152160345,-0.5315875718727309,0.29831703052621333,-0.32084981616853203,-0.19516544429171995,0.1346219032838301
3504701,Balbinos,0.771976690244483,-1.985981870557469,-0.631424681121749,-0.02399615791482488,1.2337346971272667,-0.7026618289518174,-0.4186188692697648,0.01605120180015729,0.11755247663617369,-0.6078546074638245,0.14106596883203107,-0.04560020600438616,0.16123929811055374,0.49393381322647734,0.3433934773432093,-0.27969609079756,-0.2922062152160345,-0.3639535866157418,-0.08864370591629663,-0.32084981616853203,-0.19516544429171995,-0.592333614639263
3504800,Bálsamo,0.25058597530522264,0.1413403867109885,-0.04947605753331348,0.006457305624995976,0.010370336233861707,0.07498747774054562,0.10632556943004404,-0.054221773717289645,-0.06818798059635703,-0.17386488338430803,0.22913001860628956,0.17441838911843835,0.12520521268149487,0.331615181999743,0.19551168464231097,0.7054883847315013,-0.2922062152160345,0.138998664380325,-0.28209505353334857,-0.32084981616853203,0.5271739336475457,0.3163335232956547
3504909,Bananal,-0.5713052777266532,-0.20176225698134034,-0.2690370763325791,-0.182843209476147,0.0287605039936149,-0.12167917976062953,-0.4186188692697648,0.3057221514444469,-0.059218412880493496,-0.39098072232320175,0.0016962511107930754,0.035306477906728403,-0.5925567501913962,-0.05083419568517041,-0.18214929317265133,-0.27969609079756,-0.2922062152160345,-0.5315875718727309,0.29831703052621333,-0.32084981616853203,-0.19516544429171995,-0.22885585567771652
3505005,Barão de Antonina,0.220729123227873,0.09029173600989983,-0.7246539540223128,-0.20384956368434629,-0.015070448790714572,-0.7026618289518174,-0.4186188692697648,-0.803595461116235,-0.35960186572139674,-0.5624868377365949,0.038555317556617834,0.31131956646815356,-0.988614281841028,-0.13977591142584928,-0.6206586746573837,-0.27969609079756,-0.2922062152160345,-0.02863532087666403,0.4917683781432653,-0.09996451598396681,-0.19516544429171995,0.3163335232956547
3505104,Barbosa,0.2971660235395437,0.35965910388307853,0.35946673292132353,0.17540407651221482,0.3772709124264185,-0.06156318520483135,-0.4186188692697648,0.3667676093901433,0.08672299860581253,-0.26556997342902683,0.1559129066477093,-0.21169168462819793,-0.67419108600631,-0.5111075746431786,0.1627424659770021,-0.27969609079756,-0.2922062152160345,0.138998664380325,0.10486568290916139,0.45219903776974,-0.19516544429171995,0.1346219032838301
3505203,Bariri,0.047463721857887005,0.09284198260312546,0.2498719334119841,0.13942954021279214,0.27865213824761065,0.09426468247424993,-0.11218885756280214,0.17085459792128682,0.24769283930124647,0.1499274928768455,0.2677403801201627,0.1957457125013853,0.348625803050513,0.2849207812358855,0.31798927947752176,-0.27969609079756,-0.16162875852184783,-0.3639535866157418,-0.08864370591629663,-0.21042373164548486,-0.19516544429171995,-0.7740452346510878
3505302,Barra Bonita,-0.5713052777266532,-0.025407259230234937,0.28197591847937,0.14063795527206718,-0.4200577760387151,0.05839548530580999,-0.07747442465680088,-0.10880732461633752,0.1343691522404957,0.17029994546933344,0.35499760684541876,0.3105189640361877,0.4818867226034916,0.26713243808775033,0.38255693577648825,0.21289614696697068,0.09956533202124931,0.6419509153763917,0.10486568290916139,0.45219903776974,-0.19516544429171995,-0.04714423566589192
3505351,Barra do Chapéu,-0.5713052777266532,0.3101078423115019,-1.3874175386859449,-0.3127895019596785,-0.9760597887802503,-0.7026618289518174,-0.4186188692697648,-0.07472406618945376,-0.841130046390022,-0.14888659138833552,-1.5145502159639197,-0.9076362868932593,-1.3826376462602834,-0.8135094081614823,-1.5648531786164166,-0.27969609079756,-0.2922062152160345,-0.02863532087666403,-0.6690557899758586,0.010461568539080387,-0.19516544429171995,-0.04714423566589192
3505401,Barra do Turvo,0.23439936970501174,0.6985829389905571,0.30996698394570704,-0.02341876690866553,0.1856832470104241,0.3730998375955168,0.32106072829205223,0.5407037952038636,0.22683043275856218,-0.6059430687441317,-1.0968258124564896,-0.5425776567952847,-0.995420750154316,-1.573961077744276,-1.3067811698037466,-0.11551509795064197,-0.2922062152160345,-0.5315875718727309,0.10486568290916139,-0.32084981616853203,-0.19516544429171995,-0.7740452346510878
3505500,Barretos,0.0542040196171852,0.1817232513118397,0.6282448410627055,0.2852629276195171,0.21500434489981735,0.23672350788292731,0.0816176394321683,0.19175560356030047,0.3835017866664932,0.08930793161232484,0.3366075547119416,0.22660770624354284,0.37634593571887054,0.6162286723699115,0.33132678140163757,-0.27969609079756,-0.2922062152160345,0.138998664380325,-0.4755464011504005,0.45219903776974,-0.19516544429171995,-0.22885585567771652
3505609,Barrinha,0.24744516744596382,-0.15009500168380707,-0.3173953838182464,0.10957722356900064,-0.22420005194563386,0.17203616136278013,0.1407018079698902,-0.04187632620414717,0.06618680548051097,-0.5622867827485235,0.33094809290926214,0.3497004332774765,-0.05918193697905125,-0.24650597031466326,0.4055987072535423,-0.27969609079756,-0.2922062152160345,-0.5315875718727309,0.10486568290916139,-0.32084981616853203,-0.19516544429171995,-0.7740452346510878
3505708,Barueri,-0.013498239320203088,-0.1353415567956809,0.27989937984479285,0.44197703979127595,-0.20239982626527458,0.47564450831108984,0.45492975052716433,-0.13971648734747422,-0.12885696432233903,1.1443808176160823,0.3304797580403182,0.3700441599930241,0.3228605981753979,0.5650871858190211,0.4231772875038227,0.048715154120052624,-0.031012124672937343,-0.19626930613365307,0.4917683781432653,0.23134686872364563,0.2864182189803885,-0.22885585567771652
3505807,Bastos,-0.25598859292128434,0.030130968325311994,0.1006919136264899,-0.1029430070477356,-0.3554215527906946,0.005445584810409619,0.0077421739388990815,-0.08757978219682051,-0.22334871963029035,0.32756794167849707,-0.023357706606837846,-0.2876778414637255,0.04702804024440041,0.21154386574982684,0.016469853143390573,0.048715154120052624,0.6219143359527198,-0.02863532087666403,-0.08864370591629663,0.5626582534312581,-0.19516544429171995,0.861522902269026
3505906,Batatais,-0.11773353354914363,-0.0614709953126784,0.1673538839708512,0.20215375405921554,-0.31657219465924397,0.20795966471968033,0.1528592822807906,-0.032644313639817554,0.2639460326174991,0.12450549065105329,0.31813841554920563,0.2145919029249833,0.30932511823438563,0.3249445533191919,0.3340482406493017,0.048715154120052624,0.36075942256434645,0.3066829448624137,-0.08864370591629663,0.010461568539080387,-0.19516544429171995,0.4980451433074793
3506003,Bauru,0.1839555874120742,0.07409033846751324,0.497963105404015,0.29575844297122655,0.20627568966697457,0.2616539571196554,0.1481311366937163,0.14354924590268037,0.052757181197095965,0.08479357641005521,0.30448998625780943,0.3189769985660317,0.5214245970634277,0.6784878733883861,0.34776750387935157,-0.27969609079756,-0.031012124672937343,-0.02863532087666403,-0.08864370591629663,0.010461568539080387,-0.19516544429171995,0.1346219032838301
3506102,Bebedouro,0.14778009031023992,-0.21788948028487104,0.12147415095844927,0.29162460703706,-0.07099752993095612,0.2447074945865918,0.12382509298304685,0.10736577254905436,0.32115003286672017,0.27896106083677513,0.26780916851245506,0.2239890487029608,0.21002756137220185,0.5472988426708859,0.31533772046872915,0.048715154120052624,0.36075942256434645,0.47431693011940274,-0.8625071375929104,-0.21042373164548486,-0.19516544429171995,-0.04714423566589192
3506201,Bento de Abreu,0.3187643513918595,-0.22480632537392803,-0.15349959456688775,-0.31432029413282014,-0.33963697440886703,-0.7026618289518174,-0.4186188692697648,0.15110686157931127,-0.1522481319967393,0.629008211801767,0.09337518457104735,-0.008042087740280741,0.12520521268149487,-0.14422299721288226,0.18411318962368417,0.21289614696697068,-0.2922062152160345,-0.02863532087666403,0.10486568290916139,-0.32084981616853203,0.5271739336475457,-0.04714423566589192
3506300,Bernardino de Campos,-0.11514934834652066,0.16872217236593204,0.5416271470609514,-0.2829515500448899,0.24342233542456193,0.0135782861382455,-0.006975269999325266,0.11243216270539422,0.1765565541118731,0.06115904626971916,0.1076256176134781,0.12739571970176936,-0.05918193697905125,0.4138862690598676,-0.11255290708901286,-0.27969609079756,-0.16162875852184783,-0.02863532087666403,-0.28209505353334857,-0.32084981616853203,-0.19516544429171995,-0.22885585567771652
3506359,Bertioga,0.22921617261845278,0.22844809939077165,0.870785699255668,0.40698249301716116,0.398652422019223,0.637200883077585,0.38651368976747397,0.14691388339771427,0.08865166576237607,-0.12534338118234628,-0.06741906458851246,0.3205324050785964,-0.40302574007952585,0.3582976967219441,0.39114296487417555,0.3770771398138887,0.230142788715436,0.47431693011940274,0.29831703052621333,0.3417729532466929,-0.19516544429171995,0.1346219032838301
3506409,Bilac,-0.5713052777266532,-0.19300320467367382,-0.19606740122296867,-0.04579184341628173,-0.17654260931707055,-0.19958519770814998,-0.048628296919465464,0.036133582505408796,-0.1941897836276621,-0.09854709548625862,0.17754781004678352,0.09384802695554684,0.3177925977337389,0.18041426524058957,0.23435350572639418,-0.27969609079756,-0.031012124672937343,0.6419509153763917,0.29831703052621333,-0.32084981616853203,0.2864182189803885,0.4980451433074793
3506508,Birigui,0.12778754483864752,0.0029799443132240058,0.27760699089032737,0.21720456056777465,-0.10271599287072827,0.21244737319959298,-0.03299829729627862,0.055591071513705216,-0.07581908106561595,-0.13027186280928124,0.3021155554000957,0.2846799181946355,0.22318458070532307,0.4138862690598676,0.3564791314222164,-0.27969609079756,0.49133687925853314,0.47431693011940274,-0.08864370591629663,0.12088765306212759,-0.19516544429171995,-0.41056747568954105
3506607,Biritiba Mirim,0.06459171297519403,0.18010259578613488,-0.038398663855228034,-0.08689240844236598,-0.05844331720527847,0.03781626278853453,0.13997564682521985,-0.18922267662521966,-0.1113031044681152,-0.19254304011339288,-0.32941160330862734,-0.026180739294567892,-0.40302574007952585,-0.16868196904156849,-0.15662933299342008,-0.27969609079756,-0.2922062152160345,-0.5315875718727309,-0.6690557899758586,-0.32084981616853203,-0.19516544429171995,-0.7740452346510878
3506706,Boa Esperança do Sul,0.04368427250437408,0.21546977156541616,0.19765968300655892,0.05132216354752936,0.24502528064480772,0.10014534015821744,0.10638088366951644,-0.016338563044636052,0.3917655961551265,0.017686727569019327,0.28931950692514113,0.11541089920116246,-0.2826317135027918,-0.49998986017559455,0.23647466692678112,-0.27969609079756,-0.031012124672937343,-0.19626930613365307,0.29831703052621333,-0.21042373164548486,-0.19516544429171995,-0.7740452346510878
3506805,Bocaina,-0.10680992141472134,0.024991895404302647,0.1493115864954338,-0.13483276493347504,0.11212903338039057,-0.4041783189255992,-0.4186188692697648,-0.10201934862195396,0.11176760295568651,-0.26042838802829166,0.24233270539728136,0.18575764949710027,0.21002756137220185,0.031436891374954215,0.26562806831756164,-0.27969609079756,0.49133687925853314,-0.5315875718727309,-0.08864370591629663,-0.09996451598396681,0.7679296483147028,-0.04714423566589192
3506904,Bofete,-0.08880927715267511,0.27657535890488993,0.12060550714115853,-0.04686481197557296,-0.22503023433720254,-0.017501860209510726,0.012278380074174235,0.22339879794952294,0.24912155785133366,-0.36351254656385457,-0.2694391162983083,0.2159720511484426,0.042359428266262794,-0.12421111117122906,-0.47516067759969594,-0.27969609079756,-0.2922062152160345,-0.5315875718727309,0.10486568290916139,-0.32084981616853203,-0.19516544429171995,-0.592333614639263
3507001,Boituva,0.3053096228768682,0.0012130088448576307,0.460813123966253,0.2829521868621402,-0.24012990198042156,0.30095804188156494,0.4684132839113267,0.17826201824645915,0.4137160995484362,0.30300897756375955,0.07370885863455313,0.35358755315021634,0.24642775033879,0.47392192718482723,0.30556301149515236,0.7054883847315013,-0.16162875852184783,0.138998664380325,-0.4755464011504005,0.6730843379543053,-0.19516544429171995,0.1346219032838301
3507100,Bom Jesus dos Perdões,-0.26152772648687733,-0.045964923962970014,0.05319100867236438,0.25664033942349285,-0.188403372412185,0.15369771846834906,0.2517237935272385,-0.09606509948141836,0.17522387196606626,0.32160356918667604,0.015351311766948168,0.3101931004714255,0.11156975435542768,0.1737436365600385,0.18560373543352396,-0.27969609079756,-0.2922062152160345,-0.5315875718727309,0.29831703052621333,-0.21042373164548486,-0.19516544429171995,-0.41056747568954105
3507159,Bom Sucesso de Itararé,-0.5713052777266532,0.4593729774021227,-0.5612703689875662,-0.4031171753847901,-0.09617755978826238,-0.7026618289518174,-0.4186188692697648,0.2817866515454775,-0.2601715099205986,-0.5885041035618472,-0.5904617170918778,0.233548803138577,-0.7960929708801162,-0.14199945431936734,-0.5295435978599681,-0.27969609079756,-0.2922062152160345,-0.3639535866157418,0.10486568290916139,-0.32084981616853203,-0.19516544429171995,-0.22885585567771652
3507209,Borá,-0.5713052777266532,-1.985981870557469,-0.08514216354373128,0.2070313832977066,-0.09904865895368015,-0.7026618289518174,-0.4186188692697648,-0.803595461116235,-1.5463816862554112,0.7628962422615467,0.07036560056020295,-0.4155876929418005,0.09786634495980552,-0.10864631091661199,-0.1617998612460879,0.3770771398138887,-0.16162875852184783,-0.02863532087666403,-0.08864370591629663,0.5626582534312581,-0.19516544429171995,-0.04714423566589192
3507308,Boracéia,0.13368036353733037,-0.17739146245550563,0.07171289653108644,0.19517382703176828,0.6948628228098502,-0.028290688157071954,0.1683455598148847,-0.04741705982835385,-0.07958723649617876,0.7965370700251205,0.22215660513140836,0.10633867225816752,-0.07944980578444091,0.05589586320364042,0.2441889793351013,-0.11551509795064197,0.36075942256434645,-0.19626930613365307,0.10486568290916139,-0.21042373164548486,-0.19516544429171995,0.6798112822572013
3507407,Borborema,0.22194280009772394,0.16622593034471597,0.058665148007696635,-0.014787322055600441,0.22497109678996308,-0.052055860001951504,-0.042603030376091505,0.2823876558697438,0.14406588134034146,0.028389198563270893,0.18911056073848498,-0.10029281642821825,0.09786634495980552,-0.14422299721288226,0.17998474499639355,-0.27969609079756,0.230142788715436,0.47431693011940274,0.4917683781432653,0.23134686872364563,-0.19516544429171995,0.1346219032838301
3507456,Borebi,0.30192377090128353,-0.0411654377884557,0.419538563149478,0.29506912753536485,0.0072622258276512745,0.08753670106616548,-0.4186188692697648,-0.803595461116235,-0.029758716825101048,-0.07670392506544231,0.07036560056020295,-0.04975386850157964,-0.24295270788864157,0.38053312565711545,0.0057536354241442805,0.048715154120052624,0.230142788715436,0.138998664380325,0.10486568290916139,-0.32084981616853203,-0.19516544429171995,0.1346219032838301
3507506,Botucatu,-0.07227047055353447,0.21460197648935944,0.2804532003952875,-0.004436423611982446,0.23104026702802277,0.029166440450154686,-0.07864128814932478,-0.010373647691006259,0.021422607382158974,0.09043844386541539,0.30520902892190105,0.3182506193266878,0.3873520944988505,0.5739813573930902,0.32563144717013587,0.8696693775784194,1.274879973733101,0.138998664380325,0.10486568290916139,1.0043957226619178,0.5271739336475457,0.3163335232956547
3507605,Bragança Paulista,0.01059546753144864,0.07527849599328425,0.22350281801205013,0.24477711778006905,-0.21513217029750353,0.27075462871126216,0.1967351148372998,-0.09437603536400957,0.177729441685074,0.1374148139053925,0.15878659705078121,0.34751044193942493,0.39558303699873193,0.5406282139903348,0.20277022853360943,1.3622616153429503,1.0136858831900037,0.47431693011940274,0.10486568290916139,0.8939696381388703,-0.19516544429171995,0.6798112822572013
3507704,Braúna,0.3080828968646192,-0.12632563141203246,-0.3891933208526347,-0.0536620399783209,-0.5930781863441734,-0.13756927105920108,-0.4186188692697648,0.13964976978187238,0.055052106693192444,-0.3662008952163762,0.1356484240596359,-0.13028170544921355,-0.01906503863869853,-0.5844844901292373,0.13007850140909422,-0.11551509795064197,-0.2922062152160345,0.138998664380325,0.10486568290916139,-0.32084981616853203,-0.19516544429171995,-0.592333614639263
3507753,Brejo Alegre,0.32322084601206813,-0.005715420131471241,-0.12380640034636789,-0.3102555331796042,-0.06232469985700129,0.015893714474346454,0.2955819733475158,0.15588696599564442,-0.006186066684493785,-0.22613101242320494,-0.058059158159479055,0.16513620620959196,0.018119036243452954,-0.25984722767576224,-0.06254673845617915,-0.27969609079756,0.36075942256434645,0.3066829448624137,0.4917683781432653,-0.21042373164548486,-0.19516544429171995,-0.04714423566589192
3507803,Brodowski,0.04480328425508177,0.025861549965018292,-0.07095275918848046,0.20487956869118262,-0.13966188635154972,0.1625944891412835,0.1711170271206291,-0.2284601691417242,0.03598849583174663,-0.013331983603039145,0.31688285173468683,0.271328090247809,0.2608367105716446,0.43834524088855387,0.3463068895721849,-0.27969609079756,-0.2922062152160345,-0.3639535866157418,-0.4755464011504005,-0.21042373164548486,-0.19516544429171995,0.4980451433074793
3507902,Brotas,0.2733656506687121,-0.027175740466400953,0.1995603042673522,0.15902760918197528,-0.23641286668502431,0.2575787416214075,0.16577012756851345,0.24028074077069997,0.2351562054369104,0.22656694182800466,0.22440331259044244,0.1737757147883834,-0.14119042800682668,0.43389815510152085,0.17646628436223702,0.048715154120052624,-0.2922062152160345,0.3066829448624137,0.10486568290916139,0.12088765306212759,0.5271739336475457,0.1346219032838301
3508009,Buri,0.17995333590729537,0.2270402067761197,0.04656096982611117,-0.30794877808982923,-0.0979361310541064,0.04246789281872799,-0.034541822144876645,-0.158590031950181,0.2608615885710915,-0.0522490371209111,-0.2614523886629614,-0.3931539536302827,-1.3052820025251686,-0.2175999126989409,-0.11610620563041575,-0.27969609079756,-0.2922062152160345,-0.02863532087666403,-0.08864370591629663,-0.32084981616853203,-0.19516544429171995,-0.41056747568954105
3508108,Buritama,0.41480237292821315,0.16477150148129235,0.08818102875293178,-0.14162265726571233,0.021465452527769508,-0.12059717908749579,-0.1872581184135247,-0.10911668392673618,0.14822285641056637,-0.07840570728257039,0.23113882419107093,0.11381238418533236,0.09786634495980552,-0.07974025330089278,0.2514113683255706,-0.11551509795064197,0.6219143359527198,-0.02863532087666403,0.10486568290916139,0.12088765306212759,-0.19516544429171995,0.3163335232956547
3508207,Buritizal,0.1579707235341502,-0.13510580772989672,0.22860809895451956,0.008634440051762868,-0.33132438398205744,0.22302394431669526,0.26855330130443333,0.209878720256387,-0.2551344019319605,0.28321193675835515,-0.06268830000721255,-0.10771327726414022,0.21002756137220185,0.0003072908657169297,0.002592524023869496,-0.27969609079756,-0.2922062152160345,-0.19626930613365307,-0.08864370591629663,-0.21042373164548486,0.04559027037543724,-0.592333614639263
3508306,Cabrália Paulista,0.37972788521782186,0.3025454038085229,-0.06935079425260159,-0.05291762897868022,0.07819391735967232,0.10094304655296876,0.05088305525441532,0.21649728210294555,0.3658245382905246,-0.10937572090272682,-0.031687374448472326,-0.7113772299127358,-0.26899278690399697,-0.24205888452762714,-0.11568268022171921,0.7054883847315013,0.8831084264958169,-0.02863532087666403,-0.4755464011504005,-0.09996451598396681,0.2864182189803885,0.3163335232956547
3508405,Cabreúva,0.1010464419192425,0.0579232783787367,-0.08852216420818289,0.08897109593938948,-0.4112685331679157,0.13776205760934634,0.12240431215160591,-0.20607789378674934,0.3498827338336042,0.8650170849414214,-0.06258189359958767,0.32690928863936425,0.12520521268149487,0.3227210104256738,0.1826990130045535,-0.27969609079756,0.49133687925853314,-0.3639535866157418,0.10486568290916139,0.3417729532466929,-0.19516544429171995,-0.22885585567771652
3508504,Caçapava,0.37477179589370424,-0.3431006093210112,0.22731173459393145,0.4487644466808911,-0.28480163532888697,0.3875971965189314,0.502801216757191,0.1623510992823807,-0.07035908883904374,0.2458791401148378,0.18782910756421076,0.3273995933453296,-0.03985662279027035,0.49393381322647734,0.31720120801928275,-0.27969609079756,0.8831084264958169,0.3066829448624137,0.29831703052621333,-0.21042373164548486,-0.19516544429171995,-0.592333614639263
3508603,Cachoeira Paulista,0.3599805445635547,-0.08757331258644249,0.12400868927786207,-0.0715171318744805,-0.3034383413385882,0.18458391564568102,0.34804906449809275,0.42379906914539905,-0.03951615136808194,-0.44200928393788647,0.13647333827513844,0.2726490437577194,-0.6082883026699728,0.3649683254024952,0.19610191010690053,-0.27969609079756,-0.2922062152160345,-0.5315875718727309,-0.4755464011504005,-0.32084981616853203,-0.19516544429171995,-0.7740452346510878
3508702,Caconde,0.16694357582475577,-0.05794809639935396,-0.16203743439199755,0.017657105196804794,-0.0813392635733314,0.05568404036877551,-0.0015618720884912063,0.17443931607820712,0.12588095485082335,-0.287167187848472,-0.5952320161927618,-0.27675784272887366,-0.33519270513424676,-0.028598766750002277,-0.5448809105693351,-0.27969609079756,-0.2922062152160345,-0.5315875718727309,0.10486568290916139,0.12088765306212759,-0.19516544429171995,-0.04714423566589192
3508801,Cafelândia,-0.026589087791289698,0.18600620933321216,-0.06675568126018872,0.06650842753242533,-0.26671836068654065,0.13759853636437483,-0.07070698491585274,0.3045537198752394,0.10823826665761899,0.11712531123367385,0.17324624931619342,-0.09615711714472669,0.09786634495980552,-0.1331052827452982,0.1719750724504662,0.3770771398138887,1.0136858831900037,0.6419509153763917,-0.08864370591629663,0.8939696381388703,0.04559027037543724,0.1346219032838301
3508900,Caiabu,-0.5713052777266532,-0.7500929750704892,-0.45578868991092847,-1.1261512470253308,0.2706678173199878,-0.20050770683300714,-0.4186188692697648,-0.803595461116235,-0.5084812562080844,-0.5205660296392622,0.18527756100651005,-0.47386482359301824,0.09786634495980552,-0.446624830731186,-0.1900600025252229,0.048715154120052624,-0.16162875852184783,-0.02863532087666403,0.29831703052621333,-0.32084981616853203,-0.19516544429171995,0.1346219032838301
3509007,Caieiras,-0.12407091962999534,0.007330943376800667,0.008752644729148185,0.21025692575911362,-0.10417821457130583,0.37932495485430384,0.47528839343696144,-0.022754169277810175,-0.09186168933845203,0.1306434849015886,0.12664131510126134,0.35267780325433024,0.09786634495980552,0.5339575853097838,0.39304016796579416,-0.11551509795064197,0.230142788715436,-0.5315875718727309,0.29831703052621333,0.6730843379543053,-0.19516544429171995,-0.41056747568954105
3509106,Caiuá,0.09042108310490928,-0.4014082353350542,-0.7362657334832751,-0.12700658289989286,-0.0838417006280155,-0.7026618289518174,-0.4186188692697648,-0.803595461116235,0.1817569436899753,-0.6401418344894272,-0.8268555281681137,-2.762226782962045,-0.40302574007952585,-0.42661294468953276,-1.3792647661090882,-0.27969609079756,-0.2922062152160345,0.3066829448624137,-0.8625071375929104,-0.32084981616853203,-0.19516544429171995,0.1346219032838301
3509205,Cajamar,-0.06447088761226069,0.047233382255122476,0.2969742098632375,0.265674041957389,-0.024342387760426624,0.3807803150246479,0.4621317892754094,-0.14035993175792932,0.2339804027463973,1.3816487723687039,-0.2297356612286879,0.3332180704800832,0.12520521268149487,0.3738624969765643,0.39567714655773334,-0.27969609079756,-0.16162875852184783,0.138998664380325,-0.08864370591629663,0.010461568539080387,0.04559027037543724,0.861522902269026
3509254,Cajati,0.13041811319815572,0.31674660162186075,0.13218083897244454,0.06029166880130064,0.14386035169968744,0.23641601486457825,0.14852268442845576,0.14884203542095134,0.3703041353452037,0.27471364845005536,0.0012766784652046075,0.15667920922068282,-0.7734003813601038,-0.2887532852914846,-0.30155123701379977,-0.27969609079756,0.09956533202124931,0.138998664380325,0.4917683781432653,0.45219903776974,-0.19516544429171995,-0.04714423566589192
3509304,Cajobi,-0.5713052777266532,0.17583095937953325,-0.0762298951019799,-0.002654556940129166,0.379362600326294,-0.057125029867643846,0.04002348903935206,0.2739262627162786,0.06412278907759436,-0.34299912738155974,0.2524121562922439,0.11700175836505244,0.12520521268149487,-0.03749293832406827,0.2648518822916782,-0.27969609079756,-0.2922062152160345,-0.19626930613365307,-0.4755464011504005,-0.32084981616853203,0.04559027037543724,-0.04714423566589192
3509403,Cajuru,-0.12051795548201588,-0.003629506898382558,0.5002112904313335,0.038023195318851344,0.06947695999807747,0.23992053446680317,0.16748878588712784,0.3205841714434414,0.05263653753017015,-0.010869578079281912,0.15783151553295455,-0.021292463090415537,-0.1578998075595066,0.06923712056474257,0.08322503918119775,-0.27969609079756,-0.2922062152160345,-0.02863532087666403,0.10486568290916139,-0.09996451598396681,-0.19516544429171995,0.1346219032838301
3509452,Campina do Monte Alegre,0.06592595691537387,0.49510764925657424,0.033634573739461604,0.01596199249024287,0.03886961355098541,0.0305018796712694,-0.011617344971791073,0.48469964657974046,0.061771159723672725,-0.22664076730722513,0.18471759270563817,0.21128848459453853,-0.21543721166920768,-0.048610652791655495,-0.11509610672552006,-0.27969609079756,-0.16162875852184783,-0.3639535866157418,-0.6690557899758586,-0.32084981616853203,0.7679296483147028,0.1346219032838301
3509502,Campinas,0.1737353757341742,-0.1369505860443116,0.6845109036007205,0.6594087943876114,-0.18387856655752866,0.5881825535957682,0.6158549334961059,-0.04989362678041196,-0.027203568330814255,0.37381662052407405,0.2197716273356421,0.3514775422370702,0.7110111557532727,0.6095580436893605,0.40743849634056956,0.8696693775784194,0.8831084264958169,-0.19626930613365307,-0.4755464011504005,0.12088765306212759,-0.19516544429171995,-0.22885585567771652
3509601,Campo Limpo Paulista,0.0635217692558431,-0.11129061855088451,0.17600814042128343,0.467534324069074,-0.20423327447011907,0.4281483099316448,0.5975413827098892,-0.12267024309214536,0.04758811967736629,-0.11108627503534844,-0.049576032886798446,0.3434791598459977,0.09786634495980552,0.4272275264209698,0.3656072627280672,0.3770771398138887,0.230142788715436,-0.02863532087666403,-0.28209505353334857,0.7835104224773526,-0.19516544429171995,-0.04714423566589192
3509700,Campos do Jordão,-0.06065215564960637,0.28062649665844475,0.34967907021478517,0.1207446308667508,0.25561665296321556,0.32977129587077014,0.01271978742014137,0.21649013049684468,0.39848455254467985,-0.11150186933219783,0.051240214217221046,0.3409299931099662,0.12520521268149487,0.3582976967219441,0.16449503302142252,-0.27969609079756,-0.031012124672937343,-0.19626930613365307,-0.08864370591629663,-0.21042373164548486,-0.19516544429171995,-0.41056747568954105
3509809,Campos Novos Paulista,0.5609978244862873,0.3376120975732595,0.15532448287855088,-0.4924142250395107,-0.37787737156269247,-0.25617729277794526,0.02515981265440024,0.1704716752132819,-0.09150500815528052,0.2817839713378857,-0.2504371292167918,-0.33430858167449046,-0.33519270513424676,-0.3510124863099592,-0.20763671036826103,-0.27969609079756,-0.2922062152160345,-0.3639535866157418,0.10486568290916139,-0.09996451598396681,0.7679296483147028,0.1346219032838301
3509908,Cananéia,0.05810378831779862,0.536840858082787,0.4900555074295013,-0.19976801409691394,0.6911422997194295,0.11091565581919166,-0.4186188692697648,0.1701583365388989,0.3107189008721456,-0.4315722248965713,0.15528045942655266,0.025908062137000278,-0.45572167855276985,0.09591963528694686,0.05290645269132505,-0.27969609079756,-0.2922062152160345,-0.5315875718727309,-0.6690557899758586,-0.32084981616853203,-0.19516544429171995,-0.7740452346510878
3509957,Canas,0.6912358358637454,-0.20119677422525006,0.3269505915260708,0.07223895082594096,-0.4180592543841697,0.5547396488270915,0.535974025726462,0.40685930009726257,-0.025602568191269354,-0.5058407162414162,-0.011468427233354424,0.18250370824560144,-0.8397607088204273,0.22488512311092898,0.1321489117886596,-0.27969609079756,-0.031012124672937343,-0.3639535866157418,0.10486568290916139,0.12088765306212759,-0.19516544429171995,-0.7740452346510878
3510005,Cândido Mota,-0.17382518572715713,0.18627814821607164,0.2073729157011637,0.08062985397013121,-0.02560568702571215,-0.037007839796804,-0.25660138666262733,0.16791497553042192,0.30549436129075236,0.4182687127070078,0.22795029259956157,0.17275296107023078,0.1161224239294699,0.10259026396749793,0.2546963761994284,0.5413073918845833,0.09956533202124931,0.47431693011940274,-0.28209505353334857,-0.09996451598396681,-0.19516544429171995,-0.41056747568954105
3510104,Cândido Rodrigues,0.28397843635368053,0.19802725080350725,0.49510437131908663,-0.02182962804466886,0.07184207932673965,-0.0103307167765385,-0.4186188692697648,-0.803595461116235,0.09201732422234996,0.09606010056751042,0.01166786695147351,-0.3183452523813942,0.12520521268149487,-0.06639899593979062,-0.04932032974942508,0.7054883847315013,0.36075942256434645,0.47431693011940274,-0.08864370591629663,-0.32084981616853203,-0.19516544429171995,-0.04714423566589192
3510153,Canitar,-0.5713052777266532,0.42677174716969934,0.18539701329216246,-0.10676639916572178,0.3098451368612115,0.01552182639640123,-0.4186188692697648,0.21749528888724415,0.01574389584787028,-0.25578459150570787,0.2780900783703114,0.2763816815928851,-0.2952818188238797,-0.25984722767576224,0.34521655373803245,-0.27969609079756,-0.2922062152160345,-0.5315875718727309,0.29831703052621333,-0.32084981616853203,-0.19516544429171995,0.3163335232956547
3510203,Capão Bonito,-0.1151228269617742,0.07799122928374172,0.06807902382000319,-0.07792146184253182,-0.028027646062468742,0.20193710042809604,-0.09040466216097894,0.11246757636355054,0.22301417877245414,-0.2177909332732474,-0.2707117372019858,-0.030305052531025597,-0.67419108600631,-0.14199945431936734,-0.044703103926347854,-0.11551509795064197,-0.2922062152160345,-0.19626930613365307,0.10486568290916139,0.23134686872364563,-0.19516544429171995,-0.22885585567771652
3510302,Capela do Alto,0.1951805893231048,0.12762826397823418,0.013896547960976318,0.2254343092530796,-0.1976142195647414,0.24552533716179706,0.25617740245018655,0.11395149206411555,0.17430823046779323,-0.5460243364764009,-0.2248409597570271,0.29853675612810704,-0.988614281841028,0.16262592209245444,-0.23793147892458158,-0.11551509795064197,-0.031012124672937343,0.3066829448624137,0.4917683781432653,0.3417729532466929,-0.19516544429171995,0.3163335232956547
3510401,Capivari,-0.20272614981764753,-0.589310164052832,-0.17932316062878198,0.16683978347857825,0.12086846828359599,0.09422277317767186,0.16565270220796158,-0.03677519922174451,0.34545250874919176,0.34403850468954833,0.23862825503016058,0.32545540008806867,0.04002214653218157,0.458357126930207,0.3063310468811306,-0.27969609079756,1.144302517038914,0.6419509153763917,0.10486568290916139,0.7835104224773526,-0.19516544429171995,0.1346219032838301
3510500,Caraguatatuba,0.46392725623921277,0.1540835987856406,0.5587552052757003,0.22934421768243035,0.3701511239251888,0.47034011051489016,0.221895239019023,0.2810632017045007,0.18443343371105808,-0.09869912720242839,0.13390001846416205,0.3278300882337502,-0.26899278690399697,0.3649683254024952,0.3799368970257973,0.048715154120052624,-0.16162875852184783,-0.5315875718727309,-0.28209505353334857,0.3417729532466929,-0.19516544429171995,-0.592333614639263
3510609,Carapicuíba,0.08487238687234117,-0.059718422187951425,0.11928243036183409,0.5990932164812555,-0.33083888967672215,0.6975075777466655,0.5559116705757872,-0.042109359168491,-0.06561075961823608,-0.5987335049833626,0.026688348585120408,0.3644793017263592,-0.22165374229818488,0.3938743830182176,0.4243203459928798,-0.27969609079756,0.230142788715436,-0.3639535866157418,0.4917683781432653,-0.32084981616853203,-0.19516544429171995,-0.592333614639263
3510708,Cardoso,-0.107340019509115,0.2381321832351007,0.3683164533731249,0.07354894783429626,0.4699698777299757,0.08108181815080256,-0.12228285017628565,-0.10267146163768649,-0.026088780553657938,-0.15482595835161753,0.1661104160692641,0.09479081157730274,0.12520521268149487,-0.3132122571201708,0.17477740672699904,-0.27969609079756,-0.2922062152160345,-0.5315875718727309,-0.8625071375929104,0.010461568539080387,-0.19516544429171995,-0.22885585567771652
3510807,Casa Branca,-0.5713052777266532,0.007576806620600699,0.32140913342262456,0.11552253503841267,0.3431827895293742,0.10096677293951395,0.20087619096027381,0.003992467818641413,0.35197904861550305,0.07311150835880253,0.08733160964748031,-0.05337975849476782,0.09786634495980552,0.2515676378331333,-0.043440931552516875,0.8696693775784194,0.09956533202124931,0.138998664380325,-0.08864370591629663,0.45219903776974,-0.19516544429171995,0.1346219032838301
3510906,Cássia dos Coqueiros,0.2943482120976027,-0.05380391213603135,0.047078065038912244,-0.13360842850485763,-0.5295340241781232,-0.7026618289518174,-0.4186188692697648,0.12491773644471887,-0.2784292745270257,0.6164234388500073,-0.7209117183544232,-0.40240637699113796,0.09786634495980552,-0.4154952302219487,-0.5916307635137542,-0.27969609079756,-0.2922062152160345,0.138998664380325,-0.4755464011504005,-0.09996451598396681,-0.19516544429171995,-0.04714423566589192
3511003,Castilho,0.23962212891944948,0.27501528742387554,0.14176401756911308,-0.033042995131235396,-0.010438306341793144,-0.2604547649173561,-0.032291559253994545,0.30229726336485985,0.1754634954824988,0.6455376030358022,-0.22182717253560671,-0.7420716602077259,-0.07944980578444091,-0.2932003710785176,-0.313863624479497,-0.27969609079756,-0.16162875852184783,-0.02863532087666403,0.4917683781432653,-0.32084981616853203,0.2864182189803885,-0.04714423566589192
3511102,Catanduva,0.12502603473394938,-0.08050640188998315,0.15464477075928346,0.18752606318923742,0.1637720666750382,0.0952404818162684,-0.017424959258229684,-0.14640921991947167,0.34082852699923116,0.16890236670749303,0.35078193725321843,0.3314364782335064,0.5214245970634277,0.43389815510152085,0.3956597688275093,1.0338996296491139,-0.031012124672937343,0.138998664380325,-0.08864370591629663,0.5626582534312581,-0.19516544429171995,0.1346219032838301
3511201,Catiguá,0.02143181073320815,0.15028869749886548,-0.268730808114302,-0.39860969768428756,0.16792733153402586,-0.7026618289518174,0.23100362300587407,0.05198365241551525,0.2603177629938923,-0.396916802345479,0.22970308139330214,0.21351643077838955,0.12520521268149487,0.04477814873605636,0.2895654958823836,0.5413073918845833,-0.2922062152160345,0.6419509153763917,-0.6690557899758586,-0.32084981616853203,-0.19516544429171995,0.1346219032838301
3511300,Cedral,0.04314290347989958,0.27950312496565066,0.10286568666751579,0.032337404240065204,0.31683944688098353,-0.2313890391662053,-0.14384862414676838,-0.14452892678800655,-0.07336633003438353,0.19968615003089593,0.19738087407998714,-0.038282275209423504,0.43367841479569297,0.43389815510152085,0.14710227248940036,-0.27969609079756,-0.2922062152160345,0.3066829448624137,-0.08864370591629663,-0.32084981616853203,-0.19516544429171995,0.4980451433074793
3511409,Cerqueira César,0.37585110278764905,0.38313173290578983,0.046578294170630516,0.010807797576641423,0.5372148282430524,-0.13952196108966303,0.006246269327999605,0.04041323340151418,0.5391781827591131,0.2234519568381218,0.06566922176410334,-0.047703857259170326,-0.01906503863869853,0.12704923579618416,-0.037948711616791087,-0.27969609079756,-0.2922062152160345,-0.3639535866157418,-0.08864370591629663,-0.32084981616853203,0.2864182189803885,-0.592333614639263
3511508,Cerquilho,-0.05068638734337663,0.08304882477259884,-0.10666528122311678,0.2935241512117978,-0.21593239996039987,0.24384143409731757,0.21434020375326146,-0.0029878506180737474,0.09213352718867429,0.21292244830525436,0.19789189249201353,0.3239326998679202,0.4719127842308811,0.6295699297310138,0.25857579984024803,0.5413073918845833,-0.2922062152160345,0.138998664380325,0.10486568290916139,1.0043957226619178,0.7679296483147028,0.1346219032838301
3511607,Cesário Lange,-0.5713052777266532,0.28360802821611053,-0.04487467200377811,0.10256680331365833,-0.29761538130064885,0.15572216382192347,0.10753626167861324,0.1769431925952788,0.1269447134617285,0.2070682134635591,-0.4910459730560978,0.2439673351200209,-0.2240207433060849,0.15373175051838842,-0.2953690776353481,-0.27969609079756,0.6219143359527198,-0.02863532087666403,0.4917683781432653,1.0043957226619178,1.0087575969196543,0.861522902269026
3511706,Charqueada,0.19389157052497163,-0.22303683216802694,0.12389991331839303,-0.2296418186617171,-0.08088749276890689,0.18658699042938157,0.27515036092268663,0.15226294826401393,0.15704800417242418,0.04569661437707712,-0.21826620140829517,0.29430488589273646,0.09786634495980552,0.0870254637128777,0.2056349533204824,0.21289614696697068,-0.2922062152160345,0.6419509153763917,0.10486568290916139,-0.32084981616853203,0.5271739336475457,0.4980451433074793
3511904,Clementina,0.022144678544414875,-1.0474144677654742,-0.12951428286326527,0.009837036090203467,0.03495552669996173,-0.10790812273540482,-0.4186188692697648,0.28823815613342507,-0.05974493104640905,-0.20410347555892513,0.3107243952773101,0.15695024814358471,-0.05918193697905125,-0.23316471295356112,0.31348901735273066,0.5413073918845833,-0.2922062152160345,0.47431693011940274,0.10486568290916139,-0.32084981616853203,-0.19516544429171995,0.3163335232956547
3512001,Colina,-0.2241387642758721,0.24677902247201072,-0.18146237247575003,0.020069877404214793,-0.05566130756945928,0.07363518280591408,-0.017671791575632124,0.19018511369667768,0.38955930201392586,0.628460340941582,0.33637140523976017,0.0739981737996817,0.12520521268149487,0.14039049315728627,0.2737263702704292,-0.27969609079756,-0.2922062152160345,0.47431693011940274,0.29831703052621333,-0.21042373164548486,0.2864182189803885,0.4980451433074793
3512100,Colômbia,0.2407604675145496,0.33956219239575913,0.45358318342812015,0.05897131036372123,0.4418677429387078,0.1322884374646576,0.35792967143680765,0.06743870048196669,0.0973835659830556,0.6332489819563503,0.15487218747573134,-0.5326099368602261,-0.21543721166920768,-0.5111075746431786,-0.4986311191877922,0.8696693775784194,0.230142788715436,-0.02863532087666403,-0.28209505353334857,-0.21042373164548486,0.2864182189803885,0.3163335232956547
3512209,Conchal,0.2561823742195666,-0.24840752617635925,0.28112960269936377,0.2139452131810809,-0.04576022278032579,0.23110071674148763,0.45363458597996686,0.18100282560916042,0.47213452385176924,-0.16714732968603646,0.1763577125707354,0.21616370559896544,-0.20434919423314585,-0.215376369805426,0.27622365798967763,0.048715154120052624,-0.2922062152160345,-0.19626930613365307,0.29831703052621333,-0.09996451598396681,-0.19516544429171995,-0.592333614639263
3512308,Conchas,0.20205509815189165,0.19679294649288862,0.2694662926636338,0.1962200896100323,0.09013244563252887,0.2929018979800584,0.02007815778826256,0.02592272822267912,0.11437731030834222,-0.20463133813212436,-0.14480210502965993,-0.20278630974474224,0.09786634495980552,0.29826203859698763,-0.2588292986786779,-0.27969609079756,-0.2922062152160345,-0.3639535866157418,-0.4755464011504005,-0.32084981616853203,-0.19516544429171995,-0.592333614639263
3512407,Cordeirópolis,0.1760552773082125,-0.12604322982228125,0.1675084667631002,0.3527710046736391,0.19045478834188714,0.21934787326198124,0.37410037202122826,0.16809530580681448,0.017830725492582224,0.9433871709178376,0.1658655313392143,0.2926895526986665,0.41487012695809244,0.49615735611999545,0.2848369093094912,0.3770771398138887,0.36075942256434645,0.47431693011940274,-0.8625071375929104,0.010461568539080387,-0.19516544429171995,-0.04714423566589192
3512506,Coroados,0.4356805842241672,-0.9321752350352255,0.13485799061992731,0.08695571801494607,0.15186468001157333,-0.2744895653478645,-0.4186188692697648,0.13767778131846226,-0.32801940222112563,0.19406570288003946,0.13217276062199612,0.0002205385290604836,0.12066756842640652,0.20709677996279388,-0.03703833705431382,-0.27969609079756,0.09956533202124931,0.6419509153763917,0.10486568290916139,-0.09996451598396681,-0.19516544429171995,0.3163335232956547
3512605,Coronel Macedo,0.3846823213196989,0.5462277133238939,-0.5794794759352173,-0.04825661071096208,0.31843472606784473,-0.22729644897335302,-0.4186188692697648,-0.803595461116235,-1.5463816862554112,-0.14856362747752208,0.01435242041130133,-0.394626513902159,-0.40118582239851425,-0.8001681508003802,-0.11881484958678724,-0.11551509795064197,-0.2922062152160345,-0.3639535866157418,0.10486568290916139,-0.21042373164548486,-0.19516544429171995,0.3163335232956547
3512704,Corumbataí,0.16915480424780585,-1.985981870557469,0.20654771387818463,0.28747367340450236,-0.17938872321263566,0.1437626166664467,0.5094198636237486,-0.803595461116235,-0.3190705540582651,0.42251771631416996,-0.3780317026296133,-0.9514259663463297,0.17908079975716065,0.0025308337592350075,-0.6869596977972512,-0.11551509795064197,0.09956533202124931,0.47431693011940274,0.4917683781432653,0.3417729532466929,1.0087575969196543,-0.04714423566589192
3512803,Cosmópolis,0.25663906249971435,0.005464669764030412,-0.06655568574913456,0.5173150883667292,-0.04645830485157598,0.3234628244364865,0.4378063114822071,-0.015849609083045828,0.32948396530625806,-0.1645819217780604,0.21180751206060291,0.3414371526858777,0.21002756137220185,0.3983214688052506,0.3448547452958562,-0.27969609079756,-0.2922062152160345,-0.02863532087666403,-0.8625071375929104,-0.32084981616853203,-0.19516544429171995,-0.592333614639263
3512902,Cosmorama,-0.0425884715253306,-0.07788619466617844,0.20487223380143615,-0.2667579267938599,0.1069992404264642,-0.09719644715649974,-0.08092583988337632,0.34751738143732047,-0.257989073423904,0.54882546678288,0.056016016298882185,-0.6011791690405267,0.10335590617992882,-0.1886938550832217,-0.26801351691432784,-0.27969609079756,-0.2922062152160345,0.3066829448624137,-0.28209505353334857,-0.32084981616853203,-0.19516544429171995,0.3163335232956547
3513009,Cotia,0.13613661325374468,-0.1840538502319408,0.23610075080659346,0.4675148953329707,-0.26649062498043447,0.5702244556041487,0.6669437349984468,-0.03949218178852302,-0.1112330916267219,0.2577008090752148,-0.22467938566374762,0.3231516686284098,0.33464973432334816,0.46502775561075815,0.3353665846803959,-0.27969609079756,-0.2922062152160345,-0.5315875718727309,-0.28209505353334857,-0.09996451598396681,-0.19516544429171995,-0.7740452346510878
3513108,Cravinhos,0.031717337902555404,0.0272758448217848,0.03458913830902759,0.2503162345560933,-0.1883456071224815,0.2024041525275777,0.0773438166758087,-0.15678416349977214,0.4098043263573363,0.2844159600158295,0.3250650821539931,0.30130149634095954,0.12520521268149487,0.22933220889796196,0.3745097744479897,0.21289614696697068,-0.16162875852184783,0.138998664380325,0.4917683781432653,-0.21042373164548486,-0.19516544429171995,0.3163335232956547
3513207,Cristais Paulista,0.13687920411043683,-0.11038480973411165,0.374898823244846,0.2413420691526144,-0.20035685745383072,0.15376245853357526,0.48635572009745487,-0.803595461116235,0.03880711782616557,-0.0002456304394753399,0.12678045492432286,-0.3582185722388938,0.09786634495980552,-0.12198756827771413,-0.13308536934254314,0.5413073918845833,-0.2922062152160345,-0.19626930613365307,0.29831703052621333,0.12088765306212759,-0.19516544429171995,0.1346219032838301
3513306,Cruzália,-0.5713052777266532,-0.46966220314776624,-0.4220064395250954,-1.1261512470253308,0.34492951691994406,-0.7026618289518174,-0.4186188692697648,-0.803595461116235,-0.3169038741833805,0.582753248227812,-0.1614587244024195,0.019605978804794064,0.09786634495980552,-0.06195191015275764,-0.6053204961535875,1.0338996296491139,1.0136858831900037,0.138998664380325,0.10486568290916139,0.23134686872364563,0.2864182189803885,0.1346219032838301
3513405,Cruzeiro,0.6045904968452672,-0.18946920859263522,0.16515889573366255,0.04503926181338389,-0.05674432137452335,0.3057830384406943,0.1122506324450177,0.5951590868420764,0.1508659643474644,0.1294483184634352,0.19763573202880075,0.327352776607401,-0.17941780355119955,0.6429111870921127,0.34782084996448687,-0.27969609079756,-0.2922062152160345,-0.19626930613365307,-0.8625071375929104,0.12088765306212759,-0.19516544429171995,-0.22885585567771652
3513504,Cubatão,0.20278590416775988,-0.20791598814419993,0.4919521974167369,0.36085483802014773,-0.3149836842358986,0.5648414968570323,0.6594856880367076,0.21801781848079652,-0.02383014586477132,1.225478879320169,-0.4526088872128048,0.2982270760657172,-0.5151640834419224,0.13371986447673523,0.4204049521860433,0.21289614696697068,-0.2922062152160345,-0.5315875718727309,-0.4755464011504005,-0.21042373164548486,-0.19516544429171995,-0.592333614639263
3513603,Cunha,0.2996751617612261,-0.1402644656591868,-0.38421080500329136,-0.14778002161377835,-0.6157823760616032,0.04727176663316677,0.08061400416600073,0.29704728568744143,-0.12287765540140572,-0.6689348004541116,-1.1851414681059809,-1.5003741581352008,-0.6924421162444957,-0.35323602920347413,-0.8646612959238518,-0.27969609079756,-0.2922062152160345,-0.5315875718727309,-0.28209505353334857,0.23134686872364563,-0.19516544429171995,-0.7740452346510878
3513702,Descalvado,0.33505903971086154,-0.013725304094305946,0.16408885831308917,0.3332372100458669,-0.37590388525644364,0.22619935772432287,0.18939064577668088,-0.03643215750974867,-0.01626033025739004,0.3898619543093418,0.23622124861548316,-0.1379390746034843,0.3873520944988505,0.29826203859698763,0.1321046770163898,-0.27969609079756,-0.2922062152160345,0.3066829448624137,0.10486568290916139,-0.32084981616853203,0.04559027037543724,0.3163335232956547
3513801,Diadema,0.026929813277903187,-0.2951708363893014,0.2616407662412654,0.5701060821011225,-0.23768924324715057,0.7372991410173069,0.7153620155947891,-0.06215609106909404,0.07289700758661219,0.08203492162809708,0.35221427797987914,0.34833577353426176,0.05168873931708592,0.42945106931448784,0.4243203459928798,0.5413073918845833,0.230142788715436,0.138998664380325,-0.8625071375929104,0.6730843379543053,-0.19516544429171995,0.1346219032838301
3513850,Dirce Reis,-0.5713052777266532,0.024075043639866366,-0.29778140299953887,-0.1750372385257472,0.3786018559144577,-0.7026618289518174,-0.4186188692697648,-0.803595461116235,-0.464130302101635,0.18938072299932798,-0.1846391987964967,0.10418914508985123,0.12520521268149487,-0.9180159241567782,-0.15820324371317315,0.048715154120052624,-0.2922062152160345,0.138998664380325,0.4917683781432653,-0.32084981616853203,1.9718526895260773,-0.41056747568954105
3513900,Divinolândia,-0.5713052777266532,-0.40794591944317593,-0.10550496291729917,0.07827397337139869,-0.31131664868259507,-0.7026618289518174,0.07912113071842602,-0.09782500623315173,-0.19823450747695417,-0.005815857065775835,-1.0284010516452613,-0.5361596209042856,0.15944876456554255,0.04700169162957444,-0.5590053680088634,-0.27969609079756,-0.031012124672937343,-0.5315875718727309,-0.6690557899758586,0.3417729532466929,-0.19516544429171995,-0.592333614639263
3514007,Dobrada,0.28028819888051987,0.028024969741895965,-0.5040927253265228,0.2178622560460724,-0.8629768584775375,0.1960806748986579,0.2992808912692725,0.10983675082702878,-0.224730738285094,-0.5091800580404054,0.31463515205711806,0.28104085551836855,-0.14119042800682668,-0.9068982096891942,0.35141677720240444,0.21289614696697068,-0.16162875852184783,0.3066829448624137,0.10486568290916139,0.010461568539080387,0.2864182189803885,-0.41056747568954105
3514106,Dois Córregos,0.059521481506224994,0.06916017577252587,0.3741996279005462,-0.05018629944143083,0.032660583255766734,-0.034601857691733906,-0.06722393383322971,0.052149774884861874,0.17117649428286075,0.010701204463670658,0.32870512765239196,0.1953492012501082,-0.33519270513424676,-0.14644654010640035,0.2984182462740364,-0.11551509795064197,0.49133687925853314,0.47431693011940274,0.29831703052621333,0.5626582534312581,-0.19516544429171995,0.3163335232956547
3514205,Dolcinópolis,-0.5713052777266532,0.5213274947350407,-0.6575139948996529,-1.1261512470253308,0.718052419599815,-0.09792736454058107,-0.4186188692697648,0.5917310698155911,0.14580405273650776,-0.17037077548091856,0.10765639122148445,-0.07713350517592678,0.09786634495980552,-0.5355665464718649,0.0922264716982919,-0.27969609079756,-0.2922062152160345,-0.5315875718727309,-0.28209505353334857,-0.32084981616853203,-0.19516544429171995,-0.04714423566589192
3514304,Dourado,0.3085828134039301,-0.030068593217025763,-0.05893918121499343,-0.12010331265100058,0.2576123363423344,-0.032092798550750506,0.06318131846547392,-0.2099509048509787,-0.042317799727492306,0.837117907854953,0.36246156189229717,0.2730748245398615,0.3493154319910504,0.0625664918841915,0.2323811256495167,-0.27969609079756,-0.031012124672937343,-0.5315875718727309,-0.28209505353334857,-0.21042373164548486,0.04559027037543724,-0.7740452346510878
3514403,Dracena,-0.11116370637756837,0.006466947108982946,0.358586984139639,-0.0657827872920381,0.350640089163953,-0.09536575842230734,-0.4186188692697648,-0.006111302120452654,0.18019645591410804,-0.12671595619092113,0.2200151300639755,0.1911442318957373,0.43367841479569297,0.3738624969765643,0.18843633796967427,-0.27969609079756,-0.16162875852184783,-0.19626930613365307,-0.08864370591629663,0.6730843379543053,0.5271739336475457,-0.22885585567771652
3514502,Duartina,-0.12901448927121015,0.26309512010882274,-0.17392161497329853,-0.06600818318010537,-0.09081366466014913,-0.11994327136782618,-0.13612639982036218,-0.32918758421401956,0.26754020484653496,-0.22688022965021226,0.25936560853852736,-0.0059854086962189985,0.12520521268149487,0.19597906549520977,0.11302367102666673,-0.27969609079756,-0.16162875852184783,-0.3639535866157418,-0.08864370591629663,0.12088765306212759,0.2864182189803885,-0.22885585567771652
3514601,Dumont,0.13143643094818527,-0.06482697171825831,-0.3266232021796541,0.24880029225260075,-0.7845554632733253,0.11682027172269036,0.31019235869127776,-0.803595461116235,-0.16950873266355315,-0.07502122698098485,0.34583405802668565,0.27064101797955836,0.24642775033879,0.2738030667683014,0.3515833174651238,-0.27969609079756,-0.16162875852184783,0.47431693011940274,-0.08864370591629663,-0.32084981616853203,-0.19516544429171995,-0.41056747568954105
3514700,Echaporã,0.0557929937456764,-0.10485260806993785,-0.2853386270080238,-0.16262649458210932,0.19464279811429067,-0.02383309201196671,-0.4186188692697648,0.32949673727151246,-0.07216234366044695,-0.34344363096877883,-0.05437187770593678,-0.1634644729849181,-0.14119042800682668,-0.035269395430553345,-0.07097021880505675,0.048715154120052624,-0.2922062152160345,0.47431693011940274,0.10486568290916139,0.23134686872364563,0.2864182189803885,-0.22885585567771652
3514809,Eldorado,-0.5713052777266532,0.4953035871363323,-0.25852530276599994,-0.008154692684197572,0.19466618634796629,0.013688540893864964,-0.14387234260576867,0.3921273644132359,-0.08763119939127598,-0.2843460340936609,-0.6047686907335919,-0.9007303234454896,-1.0159418289342137,-0.548907803832967,-1.0672591858156297,-0.27969609079756,-0.2922062152160345,-0.5315875718727309,0.10486568290916139,-0.21042373164548486,-0.19516544429171995,-0.7740452346510878
3514908,Elias Fausto,-0.21536325242284876,-0.33826352975816804,-0.334968538448379,0.04569717255530434,-0.07657945267236964,0.1229364554012968,0.3251560809189207,-0.11791153569405867,0.349798800506704,0.696485364118931,0.07497512181554253,0.25239352717994895,-0.14119042800682668,-0.03971648121758634,0.012877473801492218,-0.27969609079756,-0.16162875852184783,-0.5315875718727309,-0.28209505353334857,-0.32084981616853203,-0.19516544429171995,-0.04714423566589192
3514924,Elisiário,0.25976918356956286,0.2535661881028842,-0.5719122852581333,-0.04522553664573088,-0.29044958427767537,0.05887899586060362,0.11219091243011194,0.3249249823987443,-0.4544319967076321,-0.15571862266698722,0.18831536935048895,0.3187894840042772,0.12520521268149487,-0.2620707705692803,0.21481233982900105,-0.11551509795064197,-0.2922062152160345,0.138998664380325,0.29831703052621333,-0.32084981616853203,1.4902690262539684,-0.22885585567771652
3514957,Embaúba,-0.5713052777266532,-0.1646096620341579,-0.5689704322521433,-0.2808125693780908,-0.4244087110595802,-0.7026618289518174,-0.4186188692697648,-0.803595461116235,-0.21175030888912127,-0.13086299013967223,0.05117255920237117,-0.28499557051542196,0.12520521268149487,-0.23094117006004303,0.05599893034059826,-0.27969609079756,-0.2922062152160345,-0.02863532087666403,0.29831703052621333,-0.32084981616853203,-0.19516544429171995,-0.22885585567771652
3515004,Embu das Artes,0.1861000278759541,0.06716095924739558,0.03480380830397683,0.43841964477611817,-0.1847353295129649,0.6915054653939943,0.6396423851407836,-0.034393238398452694,-0.25937946517275007,0.2606640563409032,-0.23960381973182354,0.28678369850871555,-0.48480112447622886,0.20042615128224278,0.4059001354535394,-0.27969609079756,0.49133687925853314,0.138998664380325,-0.6690557899758586,0.12088765306212759,-0.19516544429171995,-0.41056747568954105
3515103,Embu-Guaçu,0.25136523345585293,0.11688583641487554,0.1973648302008621,0.27990146951023026,-0.2738079166354114,0.46882254773627907,0.651149642341776,-0.10203295026981493,-0.05445391851561847,-0.46441096458181497,-0.7855950662281491,0.2735989302157085,-0.40302574007952585,0.12927277868970222,0.09806190471871923,-0.27969609079756,-0.031012124672937343,-0.5315875718727309,-0.6690557899758586,-0.21042373164548486,-0.19516544429171995,-0.7740452346510878
3515129,Emilianópolis,-0.5713052777266532,0.06060977925986089,-0.8054798820283915,-0.3565782786730828,0.27590935715867015,-0.16047726673384505,-0.4186188692697648,0.3391175344769728,-0.4406993674719203,-0.29023232660414017,0.10752750046645405,0.018219830137959168,0.020475001495134513,-0.5377900893653798,0.06529718068499535,-0.27969609079756,-0.2922062152160345,0.9772691811154695,-0.28209505353334857,-0.32084981616853203,-0.19516544429171995,0.3163335232956547
3515152,Engenheiro Coelho,-0.07331376625235983,-0.010098601834802223,-0.20944484031329474,0.16630683624987136,-0.561409094976931,0.14224180400591124,0.2748137562959041,0.3609308015148468,0.02003016427076388,-0.1139845889475287,0.158678631656416,0.16570268125646018,0.04002214653218157,-0.13088173985178012,0.23766628316434343,-0.11551509795064197,-0.16162875852184783,-0.3639535866157418,-0.8625071375929104,-0.32084981616853203,-0.19516544429171995,-0.7740452346510878
3515186,Espírito Santo do Pinhal,-0.14839692677286642,-0.14361045087846178,-0.11381622455485552,0.09107653182283244,0.024254313490098024,0.11152624340220496,0.08295092625444521,-0.026617891217299752,0.4546439500630922,0.26143593569594803,0.16213927928813437,0.1820198993530166,0.44258010877912984,0.25823826651368437,0.13777246264787246,0.048715154120052624,-0.16162875852184783,-0.3639535866157418,0.10486568290916139,0.8939696381388703,0.2864182189803885,-0.22885585567771652
3515194,Espírito Santo do Turvo,0.5219313900460156,0.4273290122486212,-0.10943101040435689,0.02472641687675617,0.3558537920389425,0.060633671814682884,0.19572387381280057,0.5498212507632202,0.22895032908644522,-0.06599743178796405,-0.09070459640188655,-0.16569808795719837,-0.49614442969952205,-0.7090028921661864,-0.02364968325232341,0.3770771398138887,0.49133687925853314,0.6419509153763917,0.10486568290916139,0.010461568539080387,0.7679296483147028,0.3163335232956547
3515202,Estrela d'Oeste,0.13340268207140432,-0.17787664215076704,-0.11498371708946711,0.12662210357686943,0.2278479325123735,-0.24981832357415978,-0.09348803695857635,-0.25758222340821896,0.1905796869643344,0.7970298172772453,0.13885936459064668,-0.3443901525839618,0.3177925977337389,-0.17757614061563762,-0.08308201111903121,-0.27969609079756,-0.2922062152160345,-0.5315875718727309,-0.08864370591629663,-0.32084981616853203,-0.19516544429171995,0.3163335232956547
3515301,Estrela do Norte,-0.5713052777266532,-0.24537654353311183,0.04767590665667679,-1.1261512470253308,0.23986341282987705,-0.7026618289518174,-0.4186188692697648,-0.803595461116235,-0.4041449100575807,-0.4638059277511804,-0.2514242702037129,-1.2794111082365216,-0.1713256533829158,-0.5400136322588979,-0.1319541230227562,-0.11551509795064197,-0.2922062152160345,0.6419509153763917,-0.8625071375929104,-0.32084981616853203,0.04559027037543724,-0.04714423566589192
3515350,Euclides da Cunha Paulista,-0.5713052777266532,0.09239067547977703,-0.4398894163705753,-0.3143929716895232,0.34840489695914384,-0.7026618289518174,-0.4186188692697648,0.015968761496476854,-0.3907319745155543,-0.6244075051863489,-1.0721776206475115,-2.0204291454701293,-0.7466880892128904,-1.4427720470267758,-0.763030929471323,0.8696693775784194,1.0136858831900037,0.3066829448624137,-0.28209505353334857,0.3417729532466929,0.2864182189803885,-0.22885585567771652
3515400,Fartura,0.24018617284555044,0.27064761288135586,0.11068031618429687,0.0071080803228401775,0.3397834610862913,-0.039748092836791746,-0.4186188692697648,0.12780124297650974,0.13165530807464465,-0.25839990080038294,-0.12386293860582112,-0.08646255354272289,0.020475001495134513,0.113707978435082,-0.1779252430185269,0.048715154120052624,-0.2922062152160345,-0.3639535866157418,0.29831703052621333,-0.21042373164548486,-0.19516544429171995,-0.41056747568954105
3515509,Fernandópolis,-0.2180077945238791,-0.08901362064841185,0.09973883118461159,0.1329745815844752,0.18857729497150877,-0.008935634148962078,-0.16040609338582962,0.007242654194065287,0.2718024815051597,-0.15901126394916418,0.29663611175217974,0.18569435324347655,0.3701316691315488,0.3049326672775387,0.32352558208080007,0.5413073918845833,0.36075942256434645,0.138998664380325,0.29831703052621333,0.010461568539080387,-0.19516544429171995,0.1346219032838301
3515608,Fernando Prestes,0.0664483455704634,-1.985981870557469,0.06707100701686522,0.4065413899809503,0.1973187171964346,0.15618298110818846,-0.01128369375173302,-0.11953115249326621,0.18330047082378145,-0.010425275367815942,0.031752829075841885,-0.26331411027970125,0.225371309881868,-0.2665178563563133,0.10986348528249017,0.7054883847315013,0.09956533202124931,-0.19626930613365307,0.10486568290916139,-0.32084981616853203,-0.19516544429171995,0.4980451433074793
3515657,Fernão,-0.5713052777266532,0.5921919908447898,0.1232839563018261,0.024331208154232373,0.16504395571549474,0.3053085824196537,-0.4186188692697648,-0.803595461116235,-0.23727340014476428,0.19112752828065796,-0.4705062543559277,0.047156057887342964,-0.26899278690399697,0.022542719800888227,-0.8179745268367675,0.8696693775784194,-0.2922062152160345,0.138998664380325,0.10486568290916139,-0.32084981616853203,-0.19516544429171995,0.4980451433074793
3515707,Ferraz de Vasconcelos,0.051022531123961615,-0.184012866300624,0.20028831171215206,0.5661437209208091,-0.28312749565727424,0.7029685739903587,0.6418567506052458,0.024063806780029638,-0.30034120441042716,-0.3437163231900876,0.05526721340069235,0.32328633778467175,-0.4923675856716252,0.2893678670229216,0.3976734951935493,0.3770771398138887,-0.031012124672937343,0.138998664380325,-0.08864370591629663,0.010461568539080387,-0.19516544429171995,-0.04714423566589192
3515806,Flora Rica,-0.5713052777266532,-0.2877735835071811,0.05379754152016575,-0.1467712837606327,0.3050400932827534,-0.7026618289518174,-0.4186188692697648,0.593643269655011,-1.5463816862554112,-0.050552115818693316,0.16706453490642387,-0.8160211855194972,0.09786634495980552,-0.6734262058699161,-0.1489580811596675,0.21289614696697068,-0.2922062152160345,-0.3639535866157418,-0.28209505353334857,-0.32084981616853203,-0.19516544429171995,-0.592333614639263
3515905,Floreal,0.3054436907505147,-0.2466931298167448,-0.013369212620768268,0.21013106849973398,0.5332315047110495,-0.7026618289518174,0.14136335884141987,0.13681891686342912,-0.40500889297711706,0.008089719745452811,0.3634050433262907,-0.2000231413109268,0.12520521268149487,-0.2554001418887293,-0.08786559841386914,0.7054883847315013,0.8831084264958169,0.8096351958584805,0.10486568290916139,0.3417729532466929,0.5271739336475457,0.1346219032838301
3516002,Flórida Paulista,0.04290508048542733,0.05427106927231401,-0.7759867479519245,-0.4574594874483178,0.09791876233829536,-0.2315507532843565,-0.14397901847227773,0.07715976618928347,0.2443452711351537,-0.40394219131152587,0.21647510695870392,-0.13583356631397558,-0.3486261065184098,-0.030822309643520354,-0.18208320442098727,-0.27969609079756,-0.031012124672937343,-0.5315875718727309,0.4917683781432653,-0.32084981616853203,0.2864182189803885,-0.04714423566589192
3516101,Florínea,0.5402950502238428,0.03910493143262714,-0.21832928996126003,-0.43084194615931093,0.38547208054165233,-0.07300074659198344,-0.4186188692697648,0.014078960096055079,0.3974876639773004,0.10568257260955634,-0.031927201174153416,-0.02310796594783882,-0.07944980578444091,-0.35768311499051025,-0.6514499124520716,1.0338996296491139,0.7525309698016303,0.3066829448624137,-0.4755464011504005,0.3417729532466929,-0.19516544429171995,0.4980451433074793
3516200,Franca,0.08027450860939467,-0.1251838778169564,0.5035135620289818,0.38317043710480153,-0.30833273806143263,0.24036588257221161,0.28028870149022567,-0.04129693551344782,0.13132181997379033,-0.13237856629006584,0.3405952934979938,0.34020250163551813,0.21002756137220185,0.6740407876013499,0.3777073548198593,0.5413073918845833,0.6219143359527198,0.138998664380325,0.29831703052621333,0.45219903776974,-0.19516544429171995,0.3163335232956547
3516309,Francisco Morato,0.05387405616558763,0.18337103156603363,0.0803325825923514,0.22966417561442024,0.05682510732713826,0.6333779893455411,0.5219611466030685,-0.10038584467591985,-0.13278420453935538,-0.9597851108426708,-0.48828736533817646,0.25592811569202273,-0.9038373353792664,0.006977919546268001,0.40974834937744864,-0.27969609079756,0.7525309698016303,-0.19626930613365307,0.10486568290916139,0.23134686872364563,-0.19516544429171995,-0.04714423566589192
3516408,Franco da Rocha,0.12339609793824236,0.09283180535322358,0.1658294830853505,0.2674303380226062,0.12464775479607568,0.5073154840626022,0.5859400720872366,-0.06920400383764069,0.15131204639538465,-0.19475200368963977,-0.25960920622917927,0.3073213573564847,-0.20179479386869306,0.24712055204609712,0.29890699729883835,-0.27969609079756,0.7525309698016303,-0.02863532087666403,-0.08864370591629663,0.12088765306212759,-0.19516544429171995,-0.04714423566589192
3516507,Gabriel Monteiro,0.2992275118007023,0.10572283073862494,-0.21975942988257513,-0.33213981137385323,-0.31553761999167546,-0.14325971851059954,-0.4186188692697648,-0.803595461116235,-0.4117189542811726,-0.049100311806064605,0.2562617353853608,-0.04221279921950024,0.43367841479569297,-0.021928138069451205,0.07822163992648207,0.5413073918845833,0.230142788715436,-0.5315875718727309,0.29831703052621333,-0.32084981616853203,-0.19516544429171995,0.1346219032838301
3516606,Gália,0.25700239714126866,0.3674268438386066,0.43356018961867765,-0.047905771754849814,0.8519926167511989,0.16612938140854647,-0.4186188692697648,0.4000214218828734,0.3989458613635253,-0.2368925808295301,0.06190946641520968,-0.24385918795136083,0.05168873931708592,-0.31543580001368576,-0.17965983361613883,-0.11551509795064197,-0.2922062152160345,0.47431693011940274,-0.08864370591629663,-0.32084981616853203,0.5271739336475457,0.1346219032838301
3516705,Garça,0.1672933615685143,0.1829426845155646,0.40026175584104023,0.07841251399426756,0.05378551800124763,0.12765891819412595,-0.2151476860507129,0.16497522877742687,0.4911019527272058,-0.0520481140023257,0.32490396332721405,0.1878997053384417,0.12520521268149487,0.23155575179148005,0.26132440790718797,0.8696693775784194,0.7525309698016303,0.47431693011940274,0.4917683781432653,0.6730843379543053,-0.19516544429171995,0.3163335232956547
3516804,Gastão Vidigal,-0.5713052777266532,-0.3293723815237636,0.11280543727799958,0.10535057246367237,0.11118976692187539,-0.17147670917239358,-0.4186188692697648,-0.803595461116235,0.09673831231807119,-0.30083771089355976,0.08630162748629354,0.1541897933514404,0.016539409504100124,-0.8735450662864387,0.12639499716166586,0.21289614696697068,-0.2922062152160345,-0.19626930613365307,0.29831703052621333,-0.32084981616853203,-0.19516544429171995,-0.04714423566589192
3516853,Gavião Peixoto,-0.5713052777266532,-0.32345665106598137,-0.0806640810028943,0.040945482213105344,-0.5386515004247765,-0.02716106578234576,0.16944315071135277,0.18397512768503094,-0.11867650352724007,1.5277921623652748,0.3693156791962854,0.19555384041950194,0.09786634495980552,-0.13088173985178012,0.10721541613077579,0.21289614696697068,-0.2922062152160345,0.47431693011940274,0.10486568290916139,0.6730843379543053,-0.19516544429171995,0.3163335232956547
3516903,General Salgado,-0.08295636054566735,-0.15770250844266806,-0.12589987601550176,-0.5047406376512789,-0.3516475042751449,-0.012763018053539358,-0.4186188692697648,0.05851759901295568,-0.107409033618664,-0.25740722477280287,0.25456696536050905,-0.02896491172390655,0.12520521268149487,-0.23538825584707604,0.0909058065084861,-0.27969609079756,-0.031012124672937343,-0.02863532087666403,-0.28209505353334857,-0.21042373164548486,-0.19516544429171995,0.1346219032838301
3517000,Getulina,-0.5713052777266532,-0.15299425501761385,-0.08233921366971973,0.017791696932828862,0.3216927608558721,-0.08087455704850871,-0.4186188692697648,0.29735958858239553,-0.08545605536539333,-0.43490884076009595,0.12302593299777892,-0.19663568660248756,-0.40302574007952585,-0.07306962462034171,-0.31320507378878903,-0.11551509795064197,1.0136858831900037,0.3066829448624137,0.29831703052621333,-0.32084981616853203,-0.19516544429171995,0.3163335232956547
3517109,Glicério,0.1771660996707426,0.015112437428878469,0.1729222293752844,0.13033638088302799,0.04297299667516617,-0.08241188126375454,-0.4186188692697648,0.37270729473439557,0.007654131748254738,-0.031491698242878535,-0.20898096716292516,-0.07720591103738622,-0.22572006525570035,-0.17090551193508657,-0.11236716811909617,0.048715154120052624,-0.031012124672937343,0.47431693011940274,0.10486568290916139,0.010461568539080387,-0.19516544429171995,0.4980451433074793
3517208,Guaiçara,0.0829775917942682,0.025359094689743514,0.40731177871398616,0.3228549421248842,0.5321468527006451,0.14315671177585246,0.13359308343621396,0.12376979075711536,-0.025115668191113553,-0.4130912455075132,0.2763518059950273,0.21366816997787616,-0.31295737675636487,0.15817883630542143,0.20237155020684355,-0.27969609079756,-0.2922062152160345,-0.5315875718727309,-0.08864370591629663,-0.32084981616853203,-0.19516544429171995,0.1346219032838301
3517307,Guaimbê,0.5229023605275127,0.36466657346197817,0.4279664055522858,-0.21341089838283814,0.8004179761557804,0.08631694208136434,-0.4186188692697648,0.44868843678059933,0.04620343402624133,0.6074042710465317,0.15853026048342114,-0.12469652574127367,-0.40302574007952585,-0.44884837362470403,0.061934027215293584,-0.27969609079756,0.6219143359527198,0.47431693011940274,-0.08864370591629663,-0.21042373164548486,-0.19516544429171995,0.3163335232956547
3517406,Guaíra,0.2427598048004581,0.11008680692306574,0.04247150883232993,0.031424137028201016,0.08327034697377475,0.06423710330555424,0.08419322762376741,0.38387364773455324,0.5552854830464211,0.3971625926638545,0.3002605594757255,0.17766503477417195,0.21002756137220185,0.27157952387478335,0.32477568246211336,-0.27969609079756,-0.2922062152160345,-0.3639535866157418,0.10486568290916139,-0.21042373164548486,-0.19516544429171995,-0.04714423566589192
3517505,Guapiaçu,0.09073490780175655,-0.11153320535648166,0.06285333957788214,0.09187492521835519,0.031607503171154655,0.10441980224055494,0.08183845768049247,0.08793239352797329,-0.002130402722636978,0.05719892488914302,0.2551488288723312,0.05606162335704422,0.3701316691315488,0.09147254949991387,0.21756753508795118,-0.27969609079756,-0.2922062152160345,-0.02863532087666403,-0.28209505353334857,-0.32084981616853203,-0.19516544429171995,0.4980451433074793
3517604,Guapiara,0.16711841221372542,-0.002356470738711287,-0.17975043316692207,-0.22097446876491506,-0.17395742337052678,0.13319542788097014,-0.1844604924055602,0.12245046563440531,-0.19639232542375776,-0.24585618422281905,-1.948689431627031,-0.5432007414132507,-1.1931817601858157,-0.789050436332796,-1.448572673465297,-0.27969609079756,-0.2922062152160345,-0.5315875718727309,-0.8625071375929104,-0.32084981616853203,-0.19516544429171995,-0.22885585567771652
3517703,Guará,0.057239484237060774,0.1486358989255644,0.6072606178221889,-0.023446314821439235,0.37802082854238195,0.32532003144136523,0.30376134921084363,0.03345498016547058,0.14680610948571204,-0.025832586638058017,0.2668698940923215,0.1594234029286071,-0.2611548382398435,-0.25095305610169627,0.3470575428822384,0.048715154120052624,-0.2922062152160345,-0.02863532087666403,-0.8625071375929104,0.5626582534312581,-0.19516544429171995,-0.592333614639263
3517802,Guaraçaí,0.21030278410503692,-0.5497108840867324,-0.2594674474604133,-0.2978341102557542,-0.43279096909423764,-0.7026618289518174,-0.4186188692697648,-0.803595461116235,-0.19562557649278156,0.04533452700981763,-0.06383855061433168,-0.8816327915002566,0.12520521268149487,-0.3665772865645763,-0.2330443338568349,-0.27969609079756,-0.2922062152160345,0.138998664380325,-0.08864370591629663,-0.32084981616853203,-0.19516544429171995,0.1346219032838301
3517901,Guaraci,0.22970990068378044,0.3548619476107778,0.2097207845234279,-0.01395716419448018,0.6674302351911858,-0.014620314109856373,0.014861470894883462,-0.0756238863086652,0.32266184557360533,0.214035127870376,0.12744331145069562,0.004350290975021579,-0.011907173092640602,-0.3043180855461017,0.20670979456877484,-0.27969609079756,0.09956533202124931,-0.02863532087666403,-0.08864370591629663,-0.32084981616853203,0.04559027037543724,-0.04714423566589192
3518008,Guarani d'Oeste,0.40767737649145774,0.8265023895159379,-0.09243801639439232,-0.026650561938285845,0.4160694718112872,-0.07357011702182449,-0.4186188692697648,-0.803595461116235,0.140455361674114,-0.49417429476697644,0.021028297961893854,-0.05379392216066795,-0.22572006525570035,-0.6578614056152958,0.015133043955457033,0.048715154120052624,-0.2922062152160345,0.3066829448624137,0.10486568290916139,-0.32084981616853203,0.04559027037543724,0.3163335232956547
3518107,Guarantã,0.04527196268659451,0.3939027798430056,0.14881194594471747,-0.005848432212706524,0.7923546619035178,0.05384906416291724,0.10748565503019482,0.5138656379133112,0.15737577090138316,0.010986024686564403,-0.24224228374922074,-0.7410676002969625,-0.3640477473467832,-0.4644131738793211,-0.14636605983024012,0.5413073918845833,-0.2922062152160345,-0.19626930613365307,0.10486568290916139,0.3417729532466929,-0.19516544429171995,0.1346219032838301
3518206,Guararapes,0.15088694196034588,-0.24959203732483506,-0.024978963609899783,-0.05526419430833632,-0.21825744632881589,0.08561614142181004,-0.10945640998273855,0.0530239785534804,0.04505271876777828,0.10155283435484387,0.2713762629941381,0.09621778203164985,0.09786634495980552,0.08257837792584471,0.26837148329883836,0.048715154120052624,-0.031012124672937343,-0.5315875718727309,0.4917683781432653,-0.32084981616853203,-0.19516544429171995,-0.22885585567771652
3518305,Guararema,-0.09178225365624944,0.19843535870644197,0.24822788779680208,-0.03088547118468917,0.1910670817785714,0.2960340871560727,0.3902597325971553,0.19580041223963363,-0.2501577058907718,0.21494010031464206,-0.17596740130799973,0.21787815371897634,-0.049502302950064817,0.08035483503232664,-0.13076667356412913,0.048715154120052624,-0.2922062152160345,0.6419509153763917,-0.08864370591629663,0.12088765306212759,-0.19516544429171995,0.4980451433074793
3518404,Guaratinguetá,0.40828187904513463,-0.11856971197834555,0.062451244669069955,0.11631785549465136,-0.3412868173856374,0.37295585992883995,0.30341398833823363,0.3045708729320172,0.15003712914137657,0.2838142830833401,0.018341047578450845,0.31960019110007326,0.12520521268149487,0.6273463868374957,0.29521116062573294,-0.27969609079756,-0.031012124672937343,-0.19626930613365307,0.10486568290916139,0.010461568539080387,-0.19516544429171995,-0.04714423566589192
3518503,Guareí,0.2043094044276525,0.035041397230932525,-0.4855246912500779,-0.21961676664533136,-0.18096850816716387,0.002508069890523244,-0.4186188692697648,0.4040568597148527,0.37096800699876464,-0.465491216921638,-0.7209654242149863,-0.14933185641727476,-0.03985662279027035,0.049225234523089356,-1.0151294728917637,-0.27969609079756,-0.2922062152160345,-0.19626930613365307,0.29831703052621333,-0.32084981616853203,-0.19516544429171995,0.1346219032838301
3518602,Guariba,0.28197743231012357,-0.47344206127077776,-0.13126911078996317,0.2755166229955387,-0.4344296430490627,0.32298648901846416,0.5670102607869535,0.27540729617306436,0.3757205526949363,-0.13505309620266043,0.3363628295899934,0.33724573484214165,-0.29475356758902355,-0.17757614061563762,0.3280170701566816,0.21289614696697068,0.6219143359527198,0.6419509153763917,0.29831703052621333,0.23134686872364563,-0.19516544429171995,-0.04714423566589192
3518701,Guarujá,0.16986261911363648,-0.14768390463908437,0.6102542443847118,0.23172379731982598,-0.32000769022657866,0.7307915466861431,0.2578268214177014,0.1238796301340126,0.0052433829159971995,-0.13901217140946265,-0.05424275731858965,0.35166599381606684,-0.4021193581140836,0.2893678670229216,0.4156260547386882,-0.27969609079756,0.36075942256434645,-0.19626930613365307,-0.28209505353334857,0.5626582534312581,-0.19516544429171995,-0.41056747568954105
3518800,Guarulhos,0.06672431296350081,-0.15851121018254255,0.4317732019907597,0.5735254670292222,-0.34147696927401994,0.6039258804414004,0.6121024183289647,-0.16997878098271615,-0.16172117455989646,0.32354639388824363,0.09504572324701603,0.30971472506965003,-0.05918193697905125,0.42945106931448784,0.42281300192728966,-0.11551509795064197,0.8831084264958169,-0.3639535866157418,0.10486568290916139,0.45219903776974,-0.19516544429171995,-0.22885585567771652
3518859,Guatapará,0.429946140799339,0.2886972417849144,0.2573154754875192,0.16456437883025676,0.5106070219518027,0.1118130361012154,0.3052744694508075,0.03582497868593877,0.6022491736853329,0.005228677209527584,0.31311588743301244,-0.2894472926048865,-0.11014684029298048,-0.33767122894885704,-0.09608331008960125,-0.27969609079756,-0.2922062152160345,-0.02863532087666403,-0.8625071375929104,-0.32084981616853203,-0.19516544429171995,0.1346219032838301
3518909,Guzolândia,0.3861022404093021,-0.11463722324317883,0.13035963881275942,-0.25290152326548876,0.5236830571720206,-0.08743424345406048,-0.4186188692697648,0.5448677420217725,0.25924715449407604,-0.3866963324963297,0.07409471466122446,-0.02789706709802401,-0.40302574007952585,-1.0714403838094466,0.04352607477570573,0.3770771398138887,-0.2922062152160345,0.138998664380325,0.29831703052621333,-0.32084981616853203,-0.19516544429171995,0.1346219032838301
3519006,Herculândia,0.26851844951093334,0.00820477753393942,-0.20052801380528223,-0.11223039202723607,-0.2850001603405884,-0.10469222359086867,-0.4186188692697648,0.1945277146377808,0.018597117530292737,0.17429552952404004,0.16590629505761545,-0.18113272490251198,-0.40302574007952585,-0.07084608172682363,0.09372783512693278,-0.27969609079756,-0.16162875852184783,-0.02863532087666403,-0.4755464011504005,-0.32084981616853203,-0.19516544429171995,-0.22885585567771652
3519055,Holambra,0.11145374405684957,-0.13616049239405986,-0.1284694594459181,0.09104494590672253,-0.8280439020169363,-0.09591064579845854,0.2960382520992544,-0.07125767246076137,-0.4146804494786035,0.6744940447880016,0.176053777806657,0.31971000595543775,0.9450239391080868,0.36941541118953136,-0.23006351428642546,0.5413073918845833,-0.031012124672937343,-0.19626930613365307,0.10486568290916139,0.5626582534312581,-0.19516544429171995,0.3163335232956547
3519071,Hortolândia,0.17578664298720828,-0.047573265401736356,0.13790832610488496,0.53305914692858,-0.37265091366117403,0.532359668392963,0.6081949956484023,-0.007799517915009037,0.24456739614832293,0.48216382722184026,0.3052529915470687,0.369222063620371,0.1731390596025099,0.4628042127172432,0.4138588927724624,1.0338996296491139,0.09956533202124931,-0.02863532087666403,0.29831703052621333,0.45219903776974,-0.19516544429171995,-0.22885585567771652
3519105,Iacanga,-0.0874768576863776,0.16729800559362554,0.4487483375087826,0.07752508673273452,0.4836196214235685,0.05881909982977438,0.09129991368595532,0.46745871303834363,-0.15437502628229227,0.23766078710842797,0.3588311181797245,-0.20700103889479987,-0.14036635722814483,0.37163895408304626,0.21967523781847964,0.048715154120052624,-0.2922062152160345,0.3066829448624137,-0.28209505353334857,0.6730843379543053,-0.19516544429171995,0.3163335232956547
3519204,Iacri,0.26823363185418736,-0.4551645314922401,-0.19250933982683233,-0.24330793461705114,-0.24053247335065836,-0.16317630529678556,-0.4186188692697648,-0.1266260483554032,0.26515626933345093,0.18104604844515132,-0.19585822018412427,-0.5818939066662248,-0.24710258499332735,-0.3176593429072038,-0.08053976594026054,0.048715154120052624,-0.2922062152160345,0.47431693011940274,0.4917683781432653,-0.09996451598396681,1.2495133115868113,0.6798112822572013
3519253,Iaras,0.18041575736833776,0.331789699184827,-0.3411520343375348,-0.4405078049106988,0.14028298596362268,-0.13899587247331735,-0.06663345090861415,0.4307522728565414,0.3912237063486218,-0.13190802822894954,-0.2950714447490654,-2.207942459146545,-0.40302574007952585,-0.048610652791655495,-1.4665904974462065,-0.11551509795064197,-0.2922062152160345,0.138998664380325,0.10486568290916139,-0.32084981616853203,-0.19516544429171995,-0.592333614639263
3519303,Ibaté,0.1796638038277595,-0.2922490765654822,0.11822705398611429,0.15394161260902967,-0.019074131312603645,0.1918949910564678,0.15727408925476136,-0.04119058588113712,0.24466294240684194,-0.02051036057882988,0.34598173025617873,0.33886782391779846,-0.40302574007952585,0.05144877741660743,0.3801341449314553,-0.27969609079756,-0.2922062152160345,0.3066829448624137,-0.28209505353334857,0.3417729532466929,-0.19516544429171995,-0.7740452346510878
3519402,Ibirá,-0.5713052777266532,0.1364811764190075,7.791438872430933e-05,-0.025136701664612297,-0.17710977139928502,-0.04053888051976254,-0.128377007041202,-0.31617352765241197,0.12510405496076304,-0.22131812416771024,0.33725269688965187,0.14603227662607518,0.3304451283136382,0.0003072908657169297,0.2677116943480397,-0.27969609079756,-0.2922062152160345,0.47431693011940274,-0.08864370591629663,-0.09996451598396681,1.2495133115868113,0.3163335232956547
3519501,Ibirarema,0.048345938118564635,-0.3286566919645728,0.06225611321721706,-0.3717963074256399,0.34293872629511224,-0.08893667478171503,-0.022845756352956118,0.08351584008102104,-0.0034134543499959496,0.06411575237574986,0.3199878636008931,0.0631499985053105,-0.06483606831806803,-0.057504824365721484,0.24647046568387762,0.8696693775784194,1.0136858831900037,-0.02863532087666403,-0.08864370591629663,0.45219903776974,-0.19516544429171995,0.3163335232956547
3519600,Ibitinga,0.23633912504420745,0.11112579581563267,0.46926068259268316,0.16679544281357606,0.4267825967690899,0.18288260061607237,0.1860185766061206,0.09778101317420379,0.30370357836531675,-0.10643011331543624,0.2896628273738391,0.29363095563362324,0.09786634495980552,0.3560741538284292,0.3311037631655988,-0.27969609079756,-0.16162875852184783,-0.3639535866157418,-0.08864370591629663,-0.21042373164548486,-0.19516544429171995,-0.22885585567771652
3519709,Ibiúna,0.24207473952081965,0.14489653144297435,0.1001260242405678,0.2767396366117717,0.09524586093827588,0.3006633489318516,0.49146697944012196,-0.0494091384946308,-0.03857303400113378,-0.142330255306525,-1.335556064813845,-0.21495233338412828,-0.40302574007952585,-0.20203511244432384,-0.5285004030374082,-0.27969609079756,-0.2922062152160345,-0.5315875718727309,-0.8625071375929104,0.010461568539080387,0.2864182189803885,-0.7740452346510878
3519808,Icém,-0.01047869499336529,0.48127386302717656,-0.044217695866692025,-0.025629563696920654,0.29723368451376897,0.044343353714799055,0.14878013348443278,0.1492743862736824,0.2580158986177893,-0.26355996135507076,0.17622305973802893,0.15927543371401645,0.09786634495980552,0.12037860711563307,-0.08338930474619292,0.048715154120052624,-0.2922062152160345,0.3066829448624137,-0.28209505353334857,-0.32084981616853203,-0.19516544429171995,0.1346219032838301
3519907,Iepê,-0.5713052777266532,-0.06238238173536906,0.03645214033573683,-0.3074365764454625,0.05976978949451637,-0.12585563447202572,-0.4186188692697648,0.023862679802663725,-0.04387712643773909,0.2426271030291214,0.059435135644653914,-0.018081834009564087,-0.05918193697905125,0.060342948990676576,0.056456584408458736,-0.27969609079756,-0.2922062152160345,0.138998664380325,0.10486568290916139,-0.32084981616853203,1.4902690262539684,0.4980451433074793
3520004,Igaraçu do Tietê,-0.1122214192147807,0.17487527616261236,0.3161420441931171,-0.10604705317114957,0.05727364828912228,-0.022265354071789256,0.07232152879148933,0.11633773052656568,0.3924463335696623,-0.6266066356731398,0.31157858750204287,0.27282247361320655,-0.05918193697905125,-0.14644654010640035,0.38470390139562816,-0.27969609079756,-0.16162875852184783,-0.3639535866157418,0.29831703052621333,-0.32084981616853203,-0.19516544429171995,0.1346219032838301
3520103,Igarapava,0.10295434336199262,-0.09472567134710082,0.34374560881652655,0.027364891030201705,-0.14418123633210284,0.15238687189814146,0.04664721520288937,-0.0803742598820581,-0.021376065788470792,0.09084812014554451,0.32257856300601795,0.24550033030897928,0.09786634495980552,-0.0019162520277979877,0.33719515596222194,-0.11551509795064197,-0.2922062152160345,-0.5315875718727309,-0.08864370591629663,0.12088765306212759,-0.19516544429171995,0.1346219032838301
3520202,Igaratá,0.4383957386101316,0.2400650413630432,0.4468606334904009,0.3381469402100018,0.06591922311433089,0.2666200916497323,0.4578165692430128,0.04443731452044532,-0.06859510348769643,-0.2802912366068599,-0.9904612153576393,-0.0038508195632324252,-0.31295737675636487,-0.4444012878376711,-0.38989438009979593,-0.27969609079756,-0.2922062152160345,0.3066829448624137,0.29831703052621333,-0.21042373164548486,-0.19516544429171995,-0.22885585567771652
3520301,Iguape,0.17030513712264395,0.3467664700726759,0.37975028327991023,0.0032082674354557217,0.3108289235570402,0.1231390501378064,-0.09872535043326652,0.07440734569766815,0.4001624456435869,0.22386346822024725,-0.3040626330680268,-0.5314391385595961,-0.40302574007952585,-0.14867008299991527,-0.29415542616389007,-0.27969609079756,-0.16162875852184783,0.138998664380325,-0.6690557899758586,0.6730843379543053,0.04559027037543724,0.1346219032838301
3520400,Ilhabela,0.11195389744260201,0.3817958703640143,0.6614776917803555,0.27596112275500106,0.7342911323533136,0.22731464353415298,-0.4186188692697648,0.34308892674875746,0.01536611262190786,1.6182239307219914,0.17570039658873104,0.2818191522142109,0.4214931136390819,0.41610981195338564,0.32788229341642183,0.21289614696697068,0.09956533202124931,0.138998664380325,-0.4755464011504005,0.5626582534312581,-0.19516544429171995,0.4980451433074793
3520426,Ilha Comprida,0.3591999747925752,0.5284675214693559,1.1476912193719828,0.19586919414041182,0.5058728794827232,0.39349986762291733,0.09441269187761411,0.40508166911424964,0.5467418576722702,1.0867358721494358,-0.0018338865341910213,0.3430649771931107,-0.40302574007952585,0.22043803732389602,0.3584494692494592,-0.27969609079756,-0.2922062152160345,0.47431693011940274,-0.4755464011504005,0.3417729532466929,0.2864182189803885,-0.22885585567771652
3520442,Ilha Solteira,0.044009670254957285,-0.12638928842664912,0.4511448669181953,0.023631327810800632,-0.058912681156443436,0.0035633129241718214,-0.24011823891408446,0.18583557642975906,-0.058642520660943484,-0.22273804186515694,-0.06482168674303095,-0.0469061228011511,0.6741251325882838,0.3960979259117325,0.06751467218850495,0.048715154120052624,0.7525309698016303,0.47431693011940274,0.10486568290916139,0.12088765306212759,0.04559027037543724,0.4980451433074793
3520509,Indaiatuba,-0.13337822218498557,-0.13701044927958575,0.032038766571997425,0.17917853675273412,-0.15298084648110138,0.23200641367315414,0.022833161189431926,-0.21641307879161836,0.1750774362776295,0.6047755087269331,0.33667942278339047,0.3613784194153161,1.0005550359572821,0.6740407876013499,0.3695620170307557,0.5413073918845833,0.09956533202124931,0.47431693011940274,0.6852777669687232,0.6730843379543053,0.2864182189803885,0.3163335232956547
3520608,Indiana,-0.5713052777266532,-0.003795825166936806,-0.3896185765849739,0.017002576402507526,0.37317521733152603,-0.7026618289518174,-0.4186188692697648,-0.07079085497805633,-0.30832460362504455,-0.6703885304326214,-0.012438448527416063,0.07960117079722326,0.20122111094830145,0.1381669502637682,0.03930544216397912,-0.27969609079756,-0.2922062152160345,-0.02863532087666403,-0.8625071375929104,-0.32084981616853203,-0.19516544429171995,0.6798112822572013
3520707,Indiaporã,0.6250986738638138,0.27172319615033635,0.24551702114759258,-0.12126847158476164,0.6237829393191026,-0.2186848906679815,-0.4186188692697648,0.0042526206269429745,-0.4029480232937322,-0.10982370075704749,-0.14093571984537612,-0.01473839368243527,0.09786634495980552,-0.7290147782078396,-0.12138948525591334,0.5413073918845833,-0.16162875852184783,-0.19626930613365307,0.4917683781432653,-0.32084981616853203,0.5271739336475457,0.6798112822572013
3520806,Inúbia Paulista,-0.5713052777266532,-0.7404113300364863,-1.2260688464653642,-0.40781366763575005,-0.4886480006558841,-0.7026618289518174,-0.4186188692697648,-0.803595461116235,-0.36456555334566676,0.01662905293416343,0.2782347846102797,0.2690783925694848,0.12520521268149487,-0.1820232264026706,0.17545466634086646,-0.27969609079756,-0.2922062152160345,0.47431693011940274,0.6852777669687232,0.45219903776974,0.04559027037543724,0.4980451433074793
3520905,Ipaussu,0.14494721038723268,-0.1577398980099052,-0.1559667484730849,-0.0253534463109667,-0.20234851780373747,-0.07268206387850495,-0.4186188692697648,-0.03533206725568343,0.16949657263532128,0.024826595264047548,0.3108493112329612,0.22211127088598848,-0.14119042800682668,0.13149632158321714,0.3337046213106299,-0.27969609079756,-0.16162875852184783,0.138998664380325,0.10486568290916139,-0.21042373164548486,-0.19516544429171995,-0.41056747568954105
3521002,Iperó,0.26196435668117707,0.11470963056604201,-0.22517761550286008,0.14557099291670644,-0.1627135987946502,0.0718648009086808,0.21711277081490268,0.06124273248590255,0.2853565679178164,-0.24446877897129882,-0.32755627098164675,0.2822484896410708,-0.4008289660105486,0.2493440949396152,-0.11172789831870339,0.21289614696697068,0.230142788715436,-0.02863532087666403,0.4917683781432653,0.6730843379543053,-0.19516544429171995,0.1346219032838301
3521101,Ipeúna,0.45065718319979275,-0.2548161011794247,0.16658039149673637,0.11045021359604171,-0.0325454252451719,-0.04595140481679426,0.37951487564943515,0.29257713396533924,-0.13928050759093163,0.8723286162534316,0.13563107347248018,0.18673929907294354,0.3241261401757652,0.15817883630542143,0.17611464255290932,0.048715154120052624,-0.2922062152160345,0.47431693011940274,-0.08864370591629663,-0.32084981616853203,0.04559027037543724,-0.22885585567771652
3521150,Ipiguá,0.22931531015358442,0.31985774852222437,-0.1035421792443026,0.25962034092662867,0.16708536840515692,-0.18818511778042313,0.09273993101667935,0.055162449322885096,-0.25132595187858403,-0.486440858625385,-0.21442477160479276,-0.053839789775018784,-0.12624576190342882,0.2515676378331333,-0.02372567843980992,-0.27969609079756,-0.2922062152160345,-0.5315875718727309,0.29831703052621333,-0.32084981616853203,-0.19516544429171995,0.3163335232956547
3521200,Iporanga,0.18318457304552777,0.336642124433294,0.48022507455063607,-1.1261512470253308,-0.18085139708701883,-0.21782860967975376,0.06327608916574526,0.3796750971825287,-0.3031796469295631,-0.7495191920188843,-1.0035539776079347,-1.3790574666771294,-1.2211511791021998,-0.34211831473589005,-1.249563924555937,-0.27969609079756,-0.2922062152160345,-0.5315875718727309,-0.28209505353334857,-0.32084981616853203,-0.19516544429171995,-0.04714423566589192
3521309,Ipuã,0.21611440031431456,0.08236849850207331,0.38652747599054105,0.017349598659974836,0.30269548270723257,0.21764335189766465,0.3410325461913917,0.35355676547996273,0.2633681354647471,-0.11939058712394225,0.349084837448387,0.22300730228749382,0.04702804024440041,-0.01748105228241821,0.3457558319640312,0.5413073918845833,-0.2922062152160345,0.47431693011940274,-0.08864370591629663,-0.21042373164548486,-0.19516544429171995,0.1346219032838301
3521408,Iracemápolis,-0.10121530137349773,-0.4961637581928658,-0.12707444022928285,0.3378553659118611,-0.19520505124095078,0.17302134830736252,0.2666872026991284,-0.0951460072226721,0.002665310210568111,0.6160326956166502,0.36239553494215243,0.35314124773225236,0.6178514403244356,0.5072750705875795,0.4068502071073533,-0.27969609079756,-0.16162875852184783,0.3066829448624137,-0.08864370591629663,-0.21042373164548486,-0.19516544429171995,0.3163335232956547
3521507,Irapuã,-0.5713052777266532,0.25077066875123927,-0.06054485874263669,-0.1917753205555287,0.22785494742903428,-0.3176761269216048,-0.035966316796851215,0.059469473325354,0.42740701626406913,-0.10991340790067092,0.12575340042047625,0.14775957661316594,0.09786634495980552,-0.42661294468953276,0.13114988931250696,-0.27969609079756,-0.2922062152160345,-0.19626930613365307,-0.28209505353334857,-0.32084981616853203,0.04559027037543724,0.3163335232956547
3521606,Irapuru,-0.5713052777266532,0.09697007530993924,-0.5413820718809814,-0.400186535728405,0.41117369114894475,-0.7026618289518174,-0.4186188692697648,0.1863778103605796,0.38387342686156356,-0.6439587581574862,0.020087411492124133,-0.38019672843924035,-0.07944980578444091,-0.14422299721288226,-0.3988261848047376,-0.27969609079756,0.09956533202124931,0.3066829448624137,-0.08864370591629663,0.010461568539080387,-0.19516544429171995,0.3163335232956547
3521705,Itaberá,-0.04735860332282919,0.39711445880670926,-0.27289828184605547,-0.128756125653158,0.15762567327193955,-0.07661299347013942,-0.4186188692697648,-0.12054904989753287,-0.0702140951297524,0.15565280733014408,-0.5899020560985229,-0.6315272816223703,-0.5497171470171258,-0.057504824365721484,-0.5662645329443966,-0.27969609079756,0.49133687925853314,-0.5315875718727309,0.29831703052621333,0.010461568539080387,0.04559027037543724,-0.04714423566589192
3521804,Itaí,0.1665826046953935,0.1741872735645077,-0.29309523576787744,-0.1363220996872591,0.04687766015591077,0.02716281961777261,-0.07457548116493637,-0.22582114510994428,-0.11265045781482519,-0.08995078343809573,0.061819050599074256,-0.17351933714725515,-0.31295737675636487,-0.215376369805426,-0.11448389979631467,0.048715154120052624,-0.2922062152160345,-0.3639535866157418,0.29831703052621333,0.7835104224773526,0.2864182189803885,-0.22885585567771652
3521903,Itajobi,-0.034723919272426504,-0.06260045497624338,-0.13654503823896968,0.01496646757658752,-0.158992002441946,-0.025142728140318954,-0.07590272648145532,-0.014611226490264462,0.168094038039042,0.33259024612385746,0.17617956313110378,-0.35360129649298805,0.12520521268149487,0.15817883630542143,0.05419207820543143,1.0338996296491139,1.144302517038914,0.9772691811154695,0.29831703052621333,0.6730843379543053,-0.19516544429171995,0.4980451433074793
3522000,Itaju,0.43246540540880024,0.07818484002941567,-0.190897613827589,-0.003407256495440872,-0.18393919311585605,0.08834108308092234,-0.4186188692697648,0.2730643543548024,-0.2688363794439201,0.4272640890451014,-0.14360504144018219,-0.33480324768844916,-0.08556185941126507,-0.006363337814834142,-0.1764614457785867,-0.27969609079756,-0.2922062152160345,0.47431693011940274,0.10486568290916139,-0.32084981616853203,-0.19516544429171995,-0.22885585567771652
3522109,Itanhaém,0.15329600368539562,0.15947822808117068,1.0135088056157784,0.5762569707301712,0.15855039852212818,0.5817305561375661,0.4990342124315764,0.15528006950934087,0.23415088613810264,-0.4690529814015144,-0.015362249995622634,0.17953370078794956,-0.5439280674166584,0.23822638047203115,0.3906759263527037,-0.11551509795064197,0.09956533202124931,-0.02863532087666403,-0.8625071375929104,0.12088765306212759,1.2495133115868113,-0.7740452346510878
3522158,Itaoca,0.23182377313217384,0.7286733550226786,-0.3630985406552818,-0.393618643592836,-0.7033176751942447,-0.7026618289518174,-0.4186188692697648,0.05785306515080278,-0.7128492002254424,-0.6612200923386865,-1.8196191866687645,0.12105480486256447,-1.3592016084228855,-1.0603226693418624,-1.2459324177353053,-0.27969609079756,-0.2922062152160345,0.138998664380325,0.10486568290916139,-0.32084981616853203,-0.19516544429171995,-0.22885585567771652
3522208,Itapecerica da Serra,0.1974993599929113,-0.036597025172137185,0.21688143155448197,0.44370014927951945,-0.32556901457522,0.7250149500247489,0.7890987511335945,-0.02016252051014798,-0.05635145392366945,-0.16228205962943942,-0.2290272934905228,0.2569415856911048,-0.5876461869032602,0.14928466473135227,0.2518607025495056,-0.27969609079756,-0.031012124672937343,-0.5315875718727309,-0.08864370591629663,0.3417729532466929,-0.19516544429171995,-0.22885585567771652
3522307,Itapetininga,0.00838007841694437,0.13214229375565717,0.29244639077755374,0.19375482626396823,-0.01162820584202569,0.2194448223998014,0.026231263832060966,0.11682169916245862,0.3567090521204741,0.024068115591984955,0.10046285578520955,0.23680704408727574,0.09786634495980552,0.44946295535614106,0.12038324539869892,0.21289614696697068,0.7525309698016303,0.3066829448624137,0.10486568290916139,0.7835104224773526,0.7679296483147028,0.4980451433074793
3522406,Itapeva,-0.0007736007425626904,0.32577613143678263,0.0023189256370158276,0.006277788257936954,-0.027512808214273453,0.12421270253052276,-0.1441937793974543,0.131751088775626,0.013540579385804214,0.03560472348042793,-0.27445185600548494,0.06749126265216766,-0.40302574007952585,0.1648494649859725,-0.042082858382860154,0.21289614696697068,0.6219143359527198,-0.02863532087666403,0.4917683781432653,-0.32084981616853203,-0.19516544429171995,-0.22885585567771652
3522505,Itapevi,0.21671985539903996,0.004359236422092569,0.16099093988335586,0.4460111911758836,-0.12794682207613473,0.5726927404918388,0.5739673664939944,0.06108908639956645,-0.18318027704598375,0.23633227393244025,-0.13765843753593252,0.2849688903008817,-0.7698195286490608,0.3249445533191919,0.3754900453510633,-0.11551509795064197,0.230142788715436,-0.19626930613365307,0.10486568290916139,0.010461568539080387,-0.19516544429171995,-0.22885585567771652
3522604,Itapira,-0.12483414536321025,-0.10082469406122263,0.007419491773379054,0.3171990635516103,-0.20674583594401932,0.19927524979326555,0.4629710702707388,0.0994544194057211,0.47346280633752086,0.45238963052825515,0.28495404366008253,0.31944614268496135,0.4010635115366835,0.3471799822543601,0.2531544005940666,1.0338996296491139,-0.031012124672937343,-0.02863532087666403,-0.28209505353334857,-0.32084981616853203,-0.19516544429171995,0.1346219032838301
3522653,Itapirapuã Paulista,-0.5713052777266532,-0.13015463614539624,-1.2553822707183067,-0.2615771295509897,-0.7773665230749353,-0.7026618289518174,-0.4186188692697648,0.21313211640998536,-0.32853288130037606,-0.7393468787693558,-1.1427262993942844,-0.8017285708430806,-0.9148344176156431,-1.0580991264483444,-1.3004419054233654,-0.27969609079756,-0.2922062152160345,0.47431693011940274,-0.08864370591629663,-0.32084981616853203,-0.19516544429171995,0.1346219032838301
3522703,Itápolis,-0.23943791490246308,-0.04790832457923015,0.3315993508402517,0.26983233311898164,0.14224387188527923,0.06940705288435023,0.06540292631093522,0.16593807081889866,0.23027113157018955,0.21097745916768182,0.1549264820547674,-0.06920179893684017,0.3177925977337389,0.06701357767122766,0.20098104065033343,0.048715154120052624,0.36075942256434645,-0.02863532087666403,-0.28209505353334857,0.12088765306212759,-0.19516544429171995,-0.41056747568954105
3522802,Itaporanga,-0.16049704692446243,0.1944793417466199,-0.25482631217453194,-0.1994961542325673,0.15812993460718075,-0.025249395697267467,0.03442734611731482,-0.1688747976344382,0.23303178935689697,-0.372620588939812,-0.19350276221026022,-0.674187949730111,-0.4562817787267376,-0.555578432513518,-0.3723039266517813,-0.27969609079756,-0.2922062152160345,-0.5315875718727309,0.29831703052621333,-0.32084981616853203,-0.19516544429171995,-0.592333614639263
3522901,Itapuí,0.14385437962576425,0.20483258610952096,0.18850187898998289,0.12432213304512471,0.2316360871552438,0.0009386255585621952,0.03815577521602137,0.29292473638960087,0.285499457193401,0.5161745795855269,0.33221556054397977,0.2769586039300544,0.09786634495980552,-0.006363337814834142,0.3450981613352944,0.21289614696697068,0.49133687925853314,0.47431693011940274,0.10486568290916139,0.6730843379543053,0.04559027037543724,-0.04714423566589192
3523008,Itapura,0.40639317085293336,0.03555190062096822,0.29187237484440076,-0.027856049456650274,0.2123439018741779,-0.7026618289518174,-0.4186188692697648,0.3863514677665812,-0.10314701092235695,0.07663613649668102,-0.18638584754209062,0.09813482530553244,-0.40302574007952585,-0.3487889434164411,-0.07214962068497059,-0.27969609079756,-0.2922062152160345,0.3066829448624137,0.29831703052621333,-0.32084981616853203,-0.19516544429171995,0.3163335232956547
3523107,Itaquaquecetuba,0.14725336740668477,-0.12321614781086529,0.10917620812735684,0.5289893992646242,-0.31620093268068655,0.6618542548064232,0.708602480809888,-0.18995914212588508,0.15944627168662734,-0.3055025775108336,-0.3236236977269984,0.33593358286084896,-0.6924421162444957,0.10036672107397986,0.4242181253480678,-0.27969609079756,0.6219143359527198,-0.3639535866157418,0.29831703052621333,-0.32084981616853203,-0.19516544429171995,-0.7740452346510878
3523206,Itararé,0.04771546032793929,0.32740516521522356,0.07486621584715816,-0.22904504946821386,0.36215839740299743,0.11310166518368361,-0.12001948581556428,0.0827797705955624,0.13212905666806168,-0.31241827418417134,0.043389578425532066,0.14863679698643148,-0.48480112447622886,0.1692965507730055,0.2514587844298974,-0.27969609079756,0.49133687925853314,-0.5315875718727309,0.10486568290916139,0.23134686872364563,1.0087575969196543,0.3163335232956547
3523305,Itariri,0.4845710520910841,-0.04013494242911893,0.10291717645263476,0.11324056477175888,0.07966131401319451,0.2664583250245631,0.3672069412771044,-0.07460386973345215,-0.12248349634686052,-0.46187264682166973,-0.24665963629479581,-0.20299176389035062,-1.1931817601858157,-0.20425865533783877,-0.29888224045439515,-0.27969609079756,-0.2922062152160345,0.138998664380325,-0.4755464011504005,-0.32084981616853203,0.7679296483147028,0.1346219032838301
3523404,Itatiba,-0.00809099511206348,-0.037567756389271706,-0.033196013869853755,0.1538613563517314,-0.4185484323216314,0.240981223442581,0.37283380485871465,-0.08876922123986836,0.07383303014183186,0.41293238522486164,0.19468623466257853,0.3477150137911613,0.8011179003195955,0.569534271606054,0.3081347009283399,0.5413073918845833,0.6219143359527198,-0.19626930613365307,0.10486568290916139,0.12088765306212759,-0.19516544429171995,0.1346219032838301
3523503,Itatinga,-0.06385224453738682,0.19937794934745837,-0.034158564737868824,-0.10454134411541684,0.016888714836325723,0.07804325497389893,0.2125325848700749,-0.049643307013942095,0.201712244258048,-0.3144551005300905,0.14824213968324593,0.18586973751867072,-0.14119042800682668,-0.1286581969582652,-0.01478086519257232,0.5413073918845833,0.230142788715436,0.3066829448624137,0.10486568290916139,0.6730843379543053,0.7679296483147028,0.3163335232956547
3523602,Itirapina,0.18190743471292084,0.09698613307024131,0.29178704938400674,0.047463236552704915,0.2298466310636303,0.12418069431645745,0.20107753276536944,0.2777971595043984,0.5700715689463283,0.530277483396331,0.09580358339076689,0.1963570106933615,0.09786634495980552,0.36941541118953136,0.1710805887637194,0.048715154120052624,0.6219143359527198,0.47431693011940274,0.4917683781432653,0.3417729532466929,0.2864182189803885,0.1346219032838301
3523701,Itirapuã,-0.5713052777266532,0.01342286975307674,0.16481210363194815,0.21585111032457033,0.3006514911131337,0.20675510747235118,0.12904802588414796,-0.1088692247919458,0.14850207510517682,-0.2761678777244167,0.04685768994618943,-0.264875104918048,-0.30234371042050356,-0.22871762716652813,0.011181189604364752,-0.27969609079756,-0.2922062152160345,0.47431693011940274,0.10486568290916139,-0.32084981616853203,-0.19516544429171995,0.1346219032838301
3523800,Itobi,-0.018650943991713617,0.36358845104582166,-0.16094608982074537,0.0009647713416246832,0.474073424743349,0.09142129262092165,-0.06563686836963709,0.5218778740015535,0.25644211612368245,-0.32310768760353864,0.11189439553458486,-0.3292277467731862,0.09786634495980552,-0.14199945431936734,0.019681476633306095,-0.27969609079756,-0.2922062152160345,-0.5315875718727309,0.29831703052621333,-0.32084981616853203,-0.19516544429171995,-0.41056747568954105
3523909,Itu,0.1560218508237672,0.04647911393825081,0.3990447553784159,0.22584117033901263,-0.46971397071577037,0.32428504626829974,0.24470700334574452,0.20323827213470824,0.1454300703628401,0.3997058204835374,0.2230164771236369,0.2757292296867405,0.3177925977337389,0.36941541118953136,0.28642803762362434,0.3770771398138887,0.49133687925853314,0.6419509153763917,0.4917683781432653,-0.09996451598396681,-0.19516544429171995,0.1346219032838301
3524006,Itupeva,0.036397802624859726,-0.17293519432382756,0.060229576171889176,0.23502576080585957,-0.21447538987842552,0.24228828658957624,0.41476299649326476,-0.12511139425362322,0.1865773955051752,0.8273591653244474,-0.035712308492582855,0.32454959638498143,0.5214245970634277,0.569534271606054,0.2576755056579999,-0.11551509795064197,-0.2922062152160345,-0.5315875718727309,-0.6690557899758586,0.12088765306212759,-0.19516544429171995,-0.22885585567771652
3524105,Ituverava,0.13470877861986694,-0.14401816098959744,0.4056890688701573,0.09262541796667753,-0.2733743879898779,0.1521994534058245,0.28451082646729353,0.025935515367701813,0.07277824027523741,0.15233809363061962,0.31413092034294776,0.222533132478828,0.1731390596025099,0.13149632158321714,0.3369115735533163,-0.11551509795064197,-0.2922062152160345,-0.5315875718727309,-0.6690557899758586,-0.21042373164548486,-0.19516544429171995,-0.41056747568954105
3524204,Jaborandi,0.4851807828994159,0.3031923498721732,-0.3665629063949406,-0.0959737588864434,-0.1468281422551455,-0.02376662928124836,0.11485829182325444,0.4078794613545765,0.19850679158981646,-0.13604549558602672,0.20781795521784166,0.062093887508477,0.18203575932921887,0.03588397716199037,0.2630190864481687,0.21289614696697068,0.36075942256434645,0.6419509153763917,0.29831703052621333,0.7835104224773526,-0.19516544429171995,0.4980451433074793
3524303,Jaboticabal,0.1838904781942276,-0.1767987136558526,0.3069690078518889,0.30809138807391434,-0.25734158857474865,0.35859837188666166,0.4250027473933345,0.14113692922009086,0.14416725883717088,0.13755988390795526,0.30879146293101845,0.2658466219103597,0.3873520944988505,0.38275666855063034,0.3571777723681092,0.7054883847315013,0.49133687925853314,0.47431693011940274,-0.08864370591629663,0.010461568539080387,-0.19516544429171995,0.1346219032838301
3524402,Jacareí,0.1403463898269207,-0.029733277231723185,0.1386977256457993,0.40975998295400784,-0.22875112249641621,0.3333292047002937,0.2923772025282901,0.05958601919352852,0.09185378705360267,0.3856600805143716,0.2627569798823237,0.3476518236941451,0.1731390596025099,0.5450752997773678,0.3540174886240476,0.048715154120052624,0.36075942256434645,-0.3639535866157418,-0.4755464011504005,0.3417729532466929,-0.19516544429171995,-0.04714423566589192
3524501,Jaci,-0.007315829582071748,0.18403670812317274,-0.32179791796898005,-0.062404014093337436,0.10809533671909995,-0.2104269308052918,-0.05839709638104677,0.32908658400008706,-0.2132744867194455,0.6479352747565994,0.3650105138100764,0.090588613491753,0.09786634495980552,-0.31543580001368576,0.14087093239678056,-0.27969609079756,-0.2922062152160345,0.138998664380325,-0.08864370591629663,-0.32084981616853203,-0.19516544429171995,0.3163335232956547
3524600,Jacupiranga,0.253803210226175,0.29397819463829356,-0.042570595395713236,0.10386475791193867,-0.0013211936468676057,0.024520883433182282,-0.06386015037737533,0.19504249659417427,-0.02968359668002964,-0.06799227258888325,-0.391141969689417,-0.11584770447826559,-0.6924421162444957,-0.09085796776847684,-0.6547723058507462,-0.11551509795064197,-0.031012124672937343,-0.3639535866157418,0.10486568290916139,0.23134686872364563,-0.19516544429171995,-0.22885585567771652
3524709,Jaguariúna,0.031042300124251902,-0.2684616593267752,0.416682656086361,0.4044715202451773,-0.47057389364982594,0.3169056223822616,0.4943527890509658,-0.04280534292252753,-0.024677772126424448,1.2125577839541246,0.302027067979335,0.35799430017496314,0.5860770002027006,0.5895461576477072,0.32668700914201726,0.8696693775784194,0.7525309698016303,-0.3639535866157418,0.29831703052621333,0.7835104224773526,-0.19516544429171995,0.1346219032838301
3524808,Jales,0.05775349671452944,0.04140731299135038,0.20932633658955857,0.06628332600477806,0.24946295277651753,0.07599914892467949,-0.30743962783031176,0.050116107697884535,0.35119792879096046,0.07132884563578243,0.23580282240700617,0.07458892460944419,0.7110111557532727,0.3160503817451228,0.24967792027142807,0.8696693775784194,-0.16162875852184783,0.3066829448624137,-0.28209505353334857,0.6730843379543053,-0.19516544429171995,-0.04714423566589192
3524907,Jambeiro,-0.5713052777266532,0.085244748595319,0.21844045178240962,0.22448645973342984,-0.12891395343698214,0.13889843463478652,0.1878121412937967,0.3143184445965408,0.10819384493410213,0.29937410676558857,-0.8452729503297428,0.18300715191099248,0.04702804024440041,-0.15311716878695142,-0.49178154820140424,-0.27969609079756,0.36075942256434645,0.138998664380325,0.10486568290916139,0.010461568539080387,0.04559027037543724,0.3163335232956547
3525003,Jandira,-0.016055691135710502,-0.17314977964826883,-0.07255917678643338,0.3890188596132707,-0.15853106209035875,0.4682766907461902,0.4178670471929672,-0.038596189569346295,-0.16504254301781818,-0.026082920541594286,0.08115013687520953,0.3695579576721774,0.04002214653218157,0.4672512985042762,0.4243203459928798,-0.27969609079756,-0.2922062152160345,-0.3639535866157418,-0.28209505353334857,-0.21042373164548486,-0.19516544429171995,-0.41056747568954105
3525102,Jardinópolis,0.28629558056093835,-0.06725541572962214,0.1586823950578663,0.3465218481154797,-0.2989632795263796,0.39637757917560285,0.3330259834643835,0.19190781283581598,0.21335590738264756,0.06247321158244612,0.3112265987825987,0.25903337310242325,0.09786634495980552,0.2804736954488525,0.21077724763846517,-0.27969609079756,-0.2922062152160345,0.138998664380325,-0.08864370591629663,0.3417729532466929,-0.19516544429171995,0.3163335232956547
3525201,Jarinu,-0.008300607434518423,0.07430484999429503,0.008983574688551564,0.2826991250316903,-0.2549011299034553,0.20908964459301926,0.540606949461177,-0.14492305620171536,0.20421211839177203,0.48300431219855927,-0.8548193145913723,0.31854569045799547,-0.3191587716902891,0.2738030667683014,0.029849369612687356,-0.27969609079756,-0.2922062152160345,-0.02863532087666403,0.10486568290916139,0.12088765306212759,-0.19516544429171995,-0.592333614639263
3525300,Jaú,0.0015637461592349462,-0.02308658541705881,0.502456141436233,0.0534848504312844,-0.06879259582384403,0.14232570890285176,-0.04309957613282898,-0.030671964933741552,0.22625998725551735,0.008901503541199915,0.34714397207400616,0.3170833161273048,0.3177925977337389,0.46058066982372514,0.3691115775435597,-0.27969609079756,0.36075942256434645,0.138998664380325,0.10486568290916139,0.12088765306212759,-0.19516544429171995,-0.592333614639263
3525409,Jeriquara,-0.5713052777266532,0.4079005690279481,0.20139659602958243,-0.11143649404095003,0.37135294929284657,-0.21225742189514607,0.06881351358136358,0.5708202537293636,0.3732892321749598,0.37494384080612536,0.06490821089263456,-0.4045276998835518,0.06717531460936195,-0.11531693959716306,0.05707262391933042,0.5413073918845833,0.49133687925853314,0.3066829448624137,0.4917683781432653,0.45219903776974,0.5271739336475457,-0.04714423566589192
3525508,Joanópolis,0.3215266647488052,0.0874558047844017,0.10383163917497362,-0.006611497499193029,-0.07617822881202012,0.08608361033005377,-0.02526834066269091,-0.015352775028736266,0.2839956029437212,-0.4553781211340013,-0.04807825680773732,0.2635395102767787,0.21002756137220185,-0.27318848503686444,-0.4387327857741905,-0.11551509795064197,-0.031012124672937343,-0.5315875718727309,0.4917683781432653,-0.32084981616853203,0.5271739336475457,0.1346219032838301
3525607,João Ramalho,-0.5713052777266532,0.07657289238929134,-0.1741319807355011,0.008022233182038811,0.32634076130308554,-0.2344216286056591,-0.4186188692697648,-0.803595461116235,-0.19287215334633462,-0.08620743769357042,0.02017139446518103,0.037623859844456986,-0.40302574007952585,-0.8602038089253365,0.0594534771076746,-0.27969609079756,-0.2922062152160345,-0.19626930613365307,0.10486568290916139,-0.32084981616853203,-0.19516544429171995,0.861522902269026
3525706,José Bonifácio,0.09982132728753802,0.03377759571300171,0.13905051363091178,0.1971322321917586,0.05584719353419375,0.09898473251173408,0.0100317309964718,0.09141492531625758,0.2777944535955107,0.06362881758706088,0.2663304230389173,0.023035515291497353,0.3228605981753979,0.24712055204609712,0.19736942259040927,-0.27969609079756,-0.2922062152160345,-0.02863532087666403,-0.28209505353334857,-0.09996451598396681,1.2495133115868113,0.3163335232956547
3525805,Júlio Mesquita,0.16753848070028546,0.09439125987596378,-0.305051448197465,-1.1261512470253308,0.09225150593119726,-0.7026618289518174,-0.4186188692697648,-0.803595461116235,-0.18117921278187077,-0.6708964506651304,0.36906736152241704,0.23893524815508296,-0.33519270513424676,-0.23316471295356112,0.2202316863553854,-0.27969609079756,-0.2922062152160345,-0.3639535866157418,-0.8625071375929104,-0.32084981616853203,0.2864182189803885,-0.41056747568954105
3525854,Jumirim,-0.5713052777266532,0.16803504256922544,-0.22365295520240017,0.11609978975051916,-0.5281263217764004,0.172536966012677,0.11635005410800599,0.33222539631326303,-1.5463816862554112,0.5035181009952616,-0.32566420802157137,0.08297533879955026,-0.04306005821171794,0.3160503817451228,-0.6544157465674911,0.048715154120052624,0.49133687925853314,0.47431693011940274,0.10486568290916139,0.3417729532466929,0.5271739336475457,0.3163335232956547
3525904,Jundiaí,-0.06046603643134769,-0.3196738125053085,0.3624723125515326,0.3285236528077661,-0.5051240179629386,0.3960274902882903,0.4337811601114983,-0.07681638773801505,-0.05872108820116678,0.8276666379121923,0.30143921143672353,0.3624800641938598,1.2272817928224267,0.6962762165365212,0.32562670465448956,1.0338996296491139,0.8831084264958169,0.47431693011940274,0.4917683781432653,1.0043957226619178,-0.19516544429171995,0.1346219032838301
3526001,Junqueirópolis,-0.08270785832020466,0.035420777066930365,-0.4004893531975485,-0.24595504898244985,0.2143454018388587,-0.2646802621638032,-0.4186188692697648,-0.27951838230122855,0.19745061560853255,-0.032824989847488786,0.11141777468402149,-0.09648511281627965,0.18203575932921887,0.09591963528694686,0.19510551800114903,0.3770771398138887,-0.031012124672937343,0.6419509153763917,-0.08864370591629663,0.6730843379543053,0.04559027037543724,0.6798112822572013
3526100,Juquiá,0.16713590206355655,0.42721668623765996,0.5743594565557726,0.08565103715746365,0.637333447059184,0.23550876863614162,0.29163040039718036,0.3891720797346033,0.18191413358539157,-0.4485934030647964,-0.438280643970919,-0.7076371841465323,-0.8656414814638095,-0.39325980128678056,-0.6145032014419965,-0.27969609079756,-0.031012124672937343,-0.5315875718727309,0.29831703052621333,0.45219903776974,-0.19516544429171995,-0.04714423566589192
3526209,Juquitiba,0.407436174747617,0.22572933769823003,0.46316511092246626,0.09614495882570184,0.2603881033437554,0.506490700128664,0.4373024045951792,0.13138924752628378,-0.102018828349728,-0.5177889726796764,-1.1190089095428115,-0.18916534359772036,-1.0159418289342137,-0.5933786617033032,-0.9199521068919899,-0.27969609079756,-0.2922062152160345,-0.19626930613365307,-0.6690557899758586,-0.09996451598396681,0.04559027037543724,-0.7740452346510878
3526308,Lagoinha,0.6825943620248025,0.14878366767418702,-0.16835866773392894,0.0643288973156137,-0.07586533756070662,0.06426022637721325,0.15380601557474088,0.29705760504601125,0.09633241767666162,-0.6577369851084681,-0.8280145032340606,0.0672636847705477,-0.14119042800682668,-0.2175999126989409,-0.7583068292210967,-0.27969609079756,-0.2922062152160345,-0.02863532087666403,0.4917683781432653,0.45219903776974,-0.19516544429171995,-0.22885585567771652
3526407,Laranjal Paulista,0.15431014419777006,-0.09966602886297234,0.055269059530963074,0.1542905492960011,-0.42488536681040406,0.15579314074891387,0.07466105875204791,0.25874498874329466,0.4468618423503197,0.21261216213769427,-0.01999528050827966,0.23283549656183394,0.09786634495980552,0.3894272972311814,0.06437174197322622,-0.27969609079756,-0.2922062152160345,0.3066829448624137,0.10486568290916139,0.3417729532466929,-0.19516544429171995,0.1346219032838301
3526506,Lavínia,-0.06909984700463379,-0.6888550808114928,-0.9607170529857862,-0.6680905515102783,-0.6585028415736945,-0.7026618289518174,-0.4186188692697648,-0.803595461116235,0.8596869802755189,-0.4314604435775004,0.0990427654307005,-0.09624713332198345,0.12520521268149487,0.37163895408304626,-1.364879005384797,-0.11551509795064197,-0.2922062152160345,-0.19626930613365307,0.10486568290916139,-0.09996451598396681,-0.19516544429171995,0.4980451433074793
3526605,Lavrinhas,0.5082872766575905,0.028116355691576046,-0.11397700969277177,-0.0869644465889228,-0.46655389188167706,0.1586881660017156,0.22462113925140084,0.041788554243192694,-0.09719057974939144,-0.5307562301094297,-0.2325830871370874,0.14885709831730104,-0.7541688785772984,0.18708489392114064,0.19358544093067462,-0.27969609079756,-0.2922062152160345,-0.19626930613365307,-0.08864370591629663,-0.32084981616853203,-0.19516544429171995,-0.22885585567771652
3526704,Leme,0.2419767044855662,0.097714458246569,0.13351391107777286,0.3870522394247524,0.10224409044165389,0.3039095850366251,0.3398257226287447,0.05750664681672444,0.5475779480371689,0.025960744706662094,0.3247976059533609,0.2788539203152638,0.09786634495980552,0.11815506422211498,0.369105790483634,0.3770771398138887,0.36075942256434645,-0.02863532087666403,0.29831703052621333,0.3417729532466929,-0.19516544429171995,-0.41056747568954105
3526803,Lençóis Paulista,-0.029684118366154,-0.038480639439908204,0.05527362585503094,0.024373320878659736,-0.08085250413474579,0.017849741825804816,-0.07268379034100779,-0.10016772790052186,0.059328982369502015,0.5336048441943416,0.3024626344063807,0.3302750274518131,0.4719127842308811,0.38053312565711545,0.3460876162158916,0.7054883847315013,0.8831084264958169,0.138998664380325,0.4917683781432653,0.6730843379543053,-0.19516544429171995,0.1346219032838301
3526902,Limeira,0.02587514445917226,-0.33192659279629266,0.41335627215150655,0.5900894852832927,-0.20120100293737458,0.42666619381104487,0.5372508385516859,-0.11075272811206396,0.21169027481549066,0.29089249980884446,0.3250573041639874,0.3217817787725259,0.3873520944988505,0.5228398708421997,0.3292840719255717,1.198080622496032,1.144302517038914,0.47431693011940274,0.10486568290916139,0.7835104224773526,-0.19516544429171995,0.3163335232956547
3527009,Lindóia,-0.5713052777266532,-0.2656372499106079,-0.31620209145467837,0.17776676931963423,0.13776070125669154,-0.003668459986926364,-0.4186188692697648,-0.803595461116235,-0.08848847666807944,0.13937420967041855,0.07684639355813394,0.3024167148037766,0.21002756137220185,0.37163895408304626,-0.01698238372797606,-0.27969609079756,0.09956533202124931,-0.02863532087666403,-0.28209505353334857,-0.21042373164548486,-0.19516544429171995,-0.04714423566589192
3527108,Lins,0.2717047812187414,0.14225046440806863,0.5864583808312137,0.24311718655005043,0.3537794604079781,0.2126542467177332,0.08532518407978308,-0.045594231999417936,0.1275796202401174,0.6506964783774091,0.3659702163521855,0.30097214811578077,0.3873520944988505,0.4805925558653783,0.3874287692650568,0.21289614696697068,0.6219143359527198,-0.19626930613365307,-0.28209505353334857,0.23134686872364563,1.2495133115868113,0.3163335232956547
3527207,Lorena,0.5791699271321863,-0.14575030412142986,-0.026276944280329857,0.09375779077584458,-0.25623703824969873,0.3865692179208834,0.2216102013905446,0.43516259472229246,0.36286304844535555,0.06746525244688846,0.30000150231895306,0.268544287180663,0.020475001495134513,0.5317340424162658,0.338131156566688,0.21289614696697068,0.09956533202124931,-0.19626930613365307,-0.28209505353334857,0.010461568539080387,-0.19516544429171995,0.1346219032838301
3527256,Lourdes,-0.5713052777266532,0.14209201537446176,-0.10458086021145624,0.18907239460172537,0.36526391576439987,-0.7026618289518174,-0.4186188692697648,0.25186954681791995,-0.2899152049904764,-0.38481538580109015,-0.05354592930855312,0.20803576944593669,0.12520521268149487,-1.118134784573304,-0.00800177658281266,0.3770771398138887,-0.16162875852184783,-0.3639535866157418,0.4917683781432653,-0.32084981616853203,0.04559027037543724,0.6798112822572013
3527306,Louveira,-0.044095804985397766,0.12591669506714465,-0.1236967838478534,0.20006912494130225,-0.31610778915277005,0.19463080055511328,0.2061358918430515,0.10757880251792315,0.08117889684596571,1.5495299240280591,0.16997408250643936,0.3485721792019635,0.5214245970634277,0.3738624969765643,0.2926028492898896,0.7054883847315013,-0.031012124672937343,-0.02863532087666403,-0.4755464011504005,0.3417729532466929,0.2864182189803885,-0.04714423566589192
3527405,Lucélia,0.03419544901775323,0.26277261129592067,-0.15030590003776176,-0.5738750925666694,0.49929886952495184,-0.12322367075453747,-0.4186188692697648,-0.27266772378504855,-0.07068238214964202,-0.3514031095042329,0.29092020804560853,0.18984365449152352,0.15676077628249527,0.03588397716199037,-0.10990788284386885,-0.11551509795064197,-0.2922062152160345,0.3066829448624137,0.4917683781432653,-0.32084981616853203,0.04559027037543724,-0.592333614639263
3527504,Lucianópolis,0.5712330290592897,-0.5341125897658681,-0.049399598015396215,-0.2888383604202055,0.059507359042938385,-0.7026618289518174,-0.4186188692697648,0.18107327418716881,0.07362218286440848,0.14737027973890882,-0.11136202077910616,0.03637675706239626,0.12520521268149487,-0.35768311499051025,-0.17112092533987552,0.21289614696697068,0.36075942256434645,-0.02863532087666403,0.6852777669687232,0.6730843379543053,-0.19516544429171995,0.4980451433074793
3527603,Luís Antônio,0.17687588311221608,-0.06050959291496469,-0.12543115533881177,-0.12616832776246908,0.12024106946002622,0.024049950569468837,0.4159364158697011,0.2846538173998844,0.2133017755020306,1.0467021250146828,0.33125271758016306,0.2745534934415274,-0.22572006525570035,0.18041426524058957,0.3614847398631519,0.3770771398138887,-0.2922062152160345,0.3066829448624137,-0.6690557899758586,0.12088765306212759,0.2864182189803885,-0.22885585567771652
3527702,Luiziânia,0.35247231329467993,-0.0529955343975308,-0.6983124128236088,0.043871273372000655,-0.038897653873904314,0.15468666171068698,-0.4186188692697648,0.3273040309690605,0.16808732211179095,-0.48039193727555385,0.28702851377880917,-0.015460507817521158,-0.20434919423314585,-0.5200017462172446,0.1452889443123668,-0.27969609079756,-0.2922062152160345,0.6419509153763917,-0.08864370591629663,-0.32084981616853203,-0.19516544429171995,0.3163335232956547
3527801,Lupércio,-0.5713052777266532,0.1313249281054212,-0.2819245696042194,-1.1261512470253308,0.23113238097669478,-0.21426391476785484,-0.4186188692697648,0.24484124858333217,0.18565249415414425,-0.3711556752056337,0.2357819157679072,0.1384394931094981,-0.7960929708801162,-0.7045558063791503,0.12484966558785392,-0.27969609079756,-0.2922062152160345,-0.5315875718727309,-0.08864370591629663,-0.32084981616853203,0.04559027037543724,-0.41056747568954105
3527900,Lutécia,-0.5713052777266532,-0.23586978860187274,-0.5670363037973325,-1.1261512470253308,0.04346474769049062,-0.1350338889737103,-0.4186188692697648,-0.803595461116235,-0.08211885764081703,0.04887485680293977,-0.27907716747717737,-0.5635184182092082,0.12520521268149487,-0.23761179874059413,-0.22584690745581493,-0.27969609079756,-0.2922062152160345,-0.19626930613365307,0.10486568290916139,-0.32084981616853203,-0.19516544429171995,0.1346219032838301
3528007,Macatuba,0.08413938577721708,-0.11512559754424484,-0.24434369928981758,0.075613049949284,-0.07774427111810134,-0.04140999501706521,0.09810801114317683,-0.10055547168836687,-0.25961867910709063,-0.11448180786463766,0.3605857137474139,0.3162690893680584,0.19857366678238184,0.02031917690737015,0.33217023009083835,-0.11551509795064197,0.36075942256434645,-0.02863532087666403,0.10486568290916139,0.23134686872364563,-0.19516544429171995,-0.04714423566589192
3528106,Macaubal,0.49695520087918443,0.24325740238301563,-0.3882204363395185,-0.30170857795355394,-0.10953435416277343,0.022138516936236592,-0.4186188692697648,0.34223709715101647,0.15887568378391953,-0.282406177051249,0.23601767148539793,-0.2000017004499708,0.12520521268149487,-0.05083419568517041,0.09340084973131245,-0.27969609079756,-0.2922062152160345,-0.02863532087666403,0.29831703052621333,-0.32084981616853203,0.04559027037543724,0.1346219032838301
3528205,Macedônia,-0.5713052777266532,0.20883145727945562,-0.6720285925467088,-0.11680075049067243,-0.2546233670374336,-0.7026618289518174,-0.4186188692697648,0.009124761701689802,-0.3978643032613475,-0.32356409048272217,-0.3614639021838646,-0.6996766570223304,0.09786634495980552,-0.27985911371741545,-0.40038489054630283,-0.27969609079756,-0.2922062152160345,0.47431693011940274,0.29831703052621333,-0.09996451598396681,0.04559027037543724,-0.04714423566589192
3528304,Magda,0.2575342572278847,0.15316969009888323,-0.7662242827235493,-0.37016815599062447,-0.023785094335018082,-0.17005169565354,-0.4186188692697648,-0.803595461116235,-0.6861654142231616,0.08299581333273603,0.14396875526712563,-0.1827131172226163,0.12520521268149487,-0.15311716878695142,-0.08951515408337896,0.048715154120052624,-0.16162875852184783,0.47431693011940274,0.10486568290916139,-0.32084981616853203,-0.19516544429171995,-0.04714423566589192
3528403,Mairinque,0.23592020438991862,-0.046932115926375265,-0.04904967035662412,0.27956645082609444,-0.20004408331225632,0.2701140339559674,0.38641550053445717,0.015158268093639779,0.15767281100525268,0.13779023556838688,-0.6541607655767927,0.22386652592454137,0.18795832738574572,0.2893678670229216,0.20223315464129782,-0.27969609079756,-0.2922062152160345,-0.5315875718727309,-0.6690557899758586,0.23134686872364563,0.5271739336475457,-0.7740452346510878
3528502,Mairiporã,0.18562268318752675,-0.06073970425439177,0.1290703241045347,0.30738839399083423,0.0020932785885052515,0.43846237440062363,0.5098684665927891,-0.019925025522436867,-0.017793126092056653,-0.3784586152054396,-0.6391369553364261,0.17719804491565802,0.09786634495980552,0.21599095153685985,0.11563305618391416,-0.27969609079756,0.6219143359527198,-0.19626930613365307,0.4917683781432653,0.6730843379543053,-0.19516544429171995,0.3163335232956547
3528601,Manduri,0.24318897941540554,0.12872664285592958,-0.621426622193126,0.07241981796783714,0.02137271891739558,0.022639788900629836,-0.4186188692697648,0.07004355955882016,0.14694927400163302,-0.2056255160166722,0.05263196474156141,-0.08697269431311251,0.12520521268149487,0.08035483503232664,0.029802394224780645,-0.27969609079756,-0.2922062152160345,0.3066829448624137,0.29831703052621333,-0.32084981616853203,-0.19516544429171995,-0.22885585567771652
3528700,Marabá Paulista,-0.5713052777266532,-0.5116668719235087,-0.7724898167366154,-0.27589360771611704,-0.49800092837330606,-0.7026618289518174,-0.4186188692697648,-0.803595461116235,0.19635451675769178,-0.05784515783023083,-1.4832007256724606,-3.781608860648534,-0.7386068008533169,-0.28208265661093357,-1.5347320902212747,0.048715154120052624,-0.2922062152160345,-0.5315875718727309,-0.8625071375929104,-0.32084981616853203,-0.19516544429171995,-0.41056747568954105
3528809,Maracaí,0.16983701558039493,0.03632292736084437,-0.15481978463271623,-0.3058134610251087,0.008237475842284948,-0.1697092864870398,-0.4186188692697648,0.22338808293148554,0.19187320625957185,0.40701587104508324,0.036456511664800524,-0.13814058881595298,0.09786634495980552,-0.0019162520277979877,0.14631966181847708,-0.11551509795064197,0.49133687925853314,0.47431693011940274,0.4917683781432653,0.7835104224773526,0.2864182189803885,0.6798112822572013
3528858,Marapoama,0.24062362501800108,0.4364078452722698,-0.26815142531273295,-0.18479780468815238,0.3202762676621606,-0.18091842400760955,-0.4186188692697648,0.06729192112333639,-0.3375563761460425,0.01786745838593989,0.02185988186188899,-0.1546350208544533,0.21002756137220185,0.011425005333304157,0.08128260874981945,-0.27969609079756,-0.2922062152160345,0.6419509153763917,-0.4755464011504005,-0.32084981616853203,-0.19516544429171995,-0.04714423566589192
3528908,Mariápolis,-0.5713052777266532,-0.015553304800338029,-0.4132138509355093,-0.19733558653203326,-0.22851585454603865,-0.7026618289518174,-0.4186188692697648,0.053241814293007825,-0.48950309419436777,-0.4593509261573268,-0.06829092977018208,0.182216460343075,0.09786634495980552,-0.021928138069451205,-0.012646965021464193,0.5413073918845833,0.09956533202124931,0.138998664380325,0.29831703052621333,0.23134686872364563,0.5271739336475457,0.4980451433074793
3529005,Marília,0.06887064215687277,-0.06846722004160871,0.44717464070599605,0.10520214827437752,0.043671727249035994,0.16429462681478438,-0.11826664584951957,0.08201400826389496,0.1494274335761272,0.05565697866819007,0.3161676640268161,0.3173163940241133,0.4719127842308811,0.560640100031988,0.3881947494400377,-0.27969609079756,-0.031012124672937343,-0.02863532087666403,-0.6690557899758586,0.7835104224773526,0.2864182189803885,-0.04714423566589192
3529104,Marinópolis,-0.5713052777266532,-0.4036882731887333,-0.2588637056117752,-0.006496008608272008,-0.4318873614710466,-0.05975998298302468,-0.4186188692697648,-0.803595461116235,0.10979661797062523,-0.3341505044670079,-0.296786139936178,-0.25953627292524284,0.09786634495980552,-1.1425937564019903,-0.18451076066764013,-0.27969609079756,-0.16162875852184783,0.47431693011940274,0.10486568290916139,-0.32084981616853203,0.7679296483147028,0.6798112822572013
3529203,Martinópolis,-0.025960928761818554,0.09085453837722463,0.06182067756540878,-0.16402606662631544,0.33080353666753265,-0.12189254420703395,-0.23563389202954332,0.13015134807158704,0.13004613650372518,-0.1699486090393208,0.06633391315375403,-0.16241038795719073,-0.05918193697905125,-0.16868196904156849,-0.026897214996183052,-0.11551509795064197,-0.16162875852184783,-0.02863532087666403,0.29831703052621333,0.7835104224773526,-0.19516544429171995,0.3163335232956547
3529302,Matão,0.03590418486640159,-0.24475369897786775,0.18309219398529303,0.41849498449836636,-0.45948205391397795,0.1594191511265367,0.2328066331744711,-0.20684044738945223,-0.030513325189164338,0.5212137435881955,0.36452619406190434,0.3525546641396336,0.3339564170625587,0.31382683885160784,0.3669664677276148,0.21289614696697068,-0.031012124672937343,-0.19626930613365307,0.10486568290916139,0.6730843379543053,0.04559027037543724,0.1346219032838301
3529401,Mauá,0.1020639540342819,-0.2856053033517468,0.15196854297548396,0.7076928208540991,-0.4035257774924189,0.625414421258885,0.6336988874156306,0.029820630904505256,-0.31806422732107387,0.15912575005666738,0.128458707446851,0.3203514809463611,0.09786634495980552,0.42055689774041866,0.41461860634731806,-0.27969609079756,-0.2922062152160345,-0.3639535866157418,-0.4755464011504005,0.23134686872364563,-0.19516544429171995,-0.41056747568954105
3529500,Mendonça,-0.5713052777266532,0.4989159997660014,0.2565264071605189,0.139250419084541,0.5956671810712645,-0.02627681926578885,0.11247150632981592,0.22575396149922822,0.13566327859380278,0.5117677624942097,0.3055939701179801,0.0827097030194424,0.4552154389743749,-0.00858688070834906,0.07395496432262468,-0.27969609079756,-0.2922062152160345,-0.5315875718727309,0.29831703052621333,-0.32084981616853203,-0.19516544429171995,0.3163335232956547
3529609,Meridiano,0.35611082601514477,-0.31261476042584907,-0.37012888242953856,-0.0751660998935034,-0.206863235032436,-0.10670664847893921,0.03670059977931686,-0.803595461116235,-0.033642539182080905,0.5112095625821792,-0.32972898440962134,-0.12638364721933604,0.12520521268149487,-0.11309339670364497,-0.1694409035145891,-0.27969609079756,-0.2922062152160345,-0.02863532087666403,-0.08864370591629663,-0.32084981616853203,-0.19516544429171995,0.1346219032838301
3529658,Mesópolis,-0.5713052777266532,-0.07660051560219666,-0.4421639377171574,-0.024984885081285744,0.3180023577879215,-0.7026618289518174,-0.4186188692697648,-0.803595461116235,-0.5284965835204198,0.109486869964279,-0.10866115376609407,-0.737448738608331,-0.22572006525570035,-1.3071359305222428,-0.11069414766747464,0.3770771398138887,-0.2922062152160345,-0.19626930613365307,0.29831703052621333,-0.32084981616853203,0.5271739336475457,0.4980451433074793
3529708,Miguelópolis,0.2514216209115312,0.08712018724368512,0.3915561510770809,0.1572075261626198,-0.10331512669020178,0.3771479409557644,0.4740291843684417,0.07887401697601666,0.17059327429516447,0.13833735781875406,0.2514681922720104,0.039762940966057155,-0.22572006525570035,-0.5111075746431786,0.27610807892215206,-0.27969609079756,-0.2922062152160345,-0.5315875718727309,-0.08864370591629663,-0.32084981616853203,-0.19516544429171995,-0.41056747568954105
3529807,Mineiros do Tietê,-0.1041831934994317,-0.00853125253676532,0.0238656221440355,0.03674388849428766,-0.04761653388209897,-0.03005300181090637,0.07851714091631534,0.31911454381926546,0.15984830686720172,-0.4080635668776963,0.3023533937642379,0.25411249101134226,-0.22572006525570035,-0.1642348832545355,0.30247280260734805,-0.27969609079756,-0.2922062152160345,-0.02863532087666403,-0.28209505353334857,-0.32084981616853203,0.04559027037543724,0.1346219032838301
3529906,Miracatu,0.3156219615113096,0.5644608475642393,0.5009102188907342,0.07344913791631599,0.23239034616441123,0.5622941122098691,0.6310095280041527,0.41163231015084906,0.2999859329218019,-0.33707038141704954,-0.43694929693300033,-0.8096201289874516,-0.9716714568628938,-0.6133905477449565,-0.688085263295733,-0.27969609079756,0.230142788715436,-0.19626930613365307,0.29831703052621333,0.3417729532466929,0.04559027037543724,-0.7740452346510878
3530003,Mira Estrela,-0.5713052777266532,0.2519049434745118,0.12123937079707636,-1.1261512470253308,0.010879689534194197,-0.7026618289518174,-0.4186188692697648,0.0867831697198278,-0.2184763986642139,-0.5003429397484274,-0.27196524885777673,-0.37850397461559937,0.12520521268149487,-0.06195191015275764,-0.19454108760078687,0.21289614696697068,-0.2922062152160345,0.47431693011940274,0.10486568290916139,-0.32084981616853203,-0.19516544429171995,0.3163335232956547
3530102,Mirandópolis,-0.1623045105227362,-0.1958954751328229,-0.1609985105804528,-0.22073926578978137,-0.10513357354884562,-0.051384402533280846,-0.4186188692697648,0.12271974082297069,0.36572690857397083,-0.2425618175819924,-0.09221263084784333,-0.15293776770266584,0.12520521268149487,0.09369609239342878,0.07629252974223937,-0.27969609079756,-0.2922062152160345,-0.19626930613365307,-0.08864370591629663,-0.21042373164548486,-0.19516544429171995,-0.04714423566589192
3530201,Mirante do Paranapanema,0.18871296428309417,0.24945595671102322,0.1629310566398427,-0.16881210295013005,0.24075171943378662,-0.10203896043729428,-0.06185432443731535,0.08524370447253785,-0.06800205861379895,-0.11248436801456237,-0.9684923701611159,-2.7477748762151313,-0.6924421162444957,-0.6912145490180512,-0.8321914910427335,0.8696693775784194,0.8831084264958169,0.9772691811154695,0.10486568290916139,0.45219903776974,-0.19516544429171995,0.6798112822572013
3530300,Mirassol,0.12077062362622004,0.057239547477831776,0.19150371197761396,0.1251555993594004,-0.3338803529020128,0.15136009980934642,0.037494642406233784,-0.08655022518630931,0.1804568857383967,0.061241471364317415,0.3635730470052959,0.29272868020665305,0.5860770002027006,0.5183927850551667,0.3435651771807317,-0.11551509795064197,-0.2922062152160345,0.3066829448624137,0.10486568290916139,0.45219903776974,-0.19516544429171995,-0.592333614639263
3530409,Mirassolândia,0.13691045101641625,0.5269416583679263,0.05595668779540941,0.04259564401375438,0.38578400247260236,-0.7026618289518174,-0.4186188692697648,-0.803595461116235,0.052564301357843325,0.39020039523251004,-0.16355135149350675,-0.4753363540290284,-0.22572006525570035,0.10036672107397986,-0.0028220317577395968,-0.27969609079756,-0.2922062152160345,-0.19626930613365307,-0.28209505353334857,-0.32084981616853203,-0.19516544429171995,0.1346219032838301
3530508,Mococa,0.02835635906090999,0.033397181114909066,0.4147292773986154,0.2061987356185512,0.38588955754312704,0.31940280633775386,0.22548862895319702,-0.033757007399580666,0.32548989310243553,0.1550591232351258,0.18473866455738838,0.16468613970204493,0.12520521268149487,0.34940352514787815,0.263044256338294,-0.11551509795064197,-0.2922062152160345,-0.19626930613365307,-0.8625071375929104,0.23134686872364563,-0.19516544429171995,-0.22885585567771652
3530607,Mogi das Cruzes,-6.81721963701949e-05,0.04970971310471753,0.3292038741690956,0.3904074306565881,-0.12950880559554317,0.4648450358890903,0.4499971404478713,-0.11622385103588496,-0.17018583713290472,0.1258571288484284,0.00278879109320239,0.27546282541697176,0.09786634495980552,0.49393381322647734,0.2332647878866591,-0.11551509795064197,-0.031012124672937343,-0.19626930613365307,0.10486568290916139,0.3417729532466929,-0.19516544429171995,-0.04714423566589192
3530706,Mogi Guaçu,0.12346426388497309,-0.25988460440450656,0.2876097118791902,0.46049892798054126,-0.14949240766722563,0.35075165895569543,0.4394810172497326,0.06664527158207287,0.07192564253576003,0.16978239909526383,0.301633244137968,0.3178809428555215,0.3177925977337389,0.5206163279486816,0.3343271274043373,-0.27969609079756,0.36075942256434645,-0.3639535866157418,-0.08864370591629663,0.45219903776974,-0.19516544429171995,-0.592333614639263
3530805,Mogi Mirim,0.07101190463733195,-0.2491479824292298,0.2427596092119681,0.4870782604521429,-0.2670268419116284,0.383835994329924,0.4965815901923556,-0.13454770701316088,0.010793725744972166,0.4400166777116735,0.18268378807978716,0.17904101263620922,0.4719127842308811,0.4672512985042762,0.24579465777230625,0.21289614696697068,0.8831084264958169,-0.19626930613365307,0.4917683781432653,0.45219903776974,-0.19516544429171995,0.1346219032838301
3530904,Mombuca,0.20446969833743955,0.06233366758472251,-0.05714096385082437,0.39201693647330627,0.20870965059912708,0.02094600673544405,0.5775654071957825,0.02851266538052446,-0.03893048680833447,-0.001815431694179007,0.0433118665375421,0.195840866786964,-0.40302574007952585,-0.42661294468953276,-0.04304449645210015,-0.27969609079756,-0.2922062152160345,-0.19626930613365307,0.10486568290916139,-0.32084981616853203,0.04559027037543724,0.1346219032838301
3531001,Monções,-0.5713052777266532,-0.06756820974776995,-0.3239884236014158,-0.019775830665900006,-0.2149341353504558,-0.7026618289518174,0.21133967166861606,0.4974872039487089,-0.14739958064302683,-0.12483118162503906,0.05787649095466364,-0.024571314879284867,-0.14119042800682668,-0.13977591142584928,0.12551010400427132,-0.27969609079756,-0.031012124672937343,0.47431693011940274,0.29831703052621333,-0.32084981616853203,-0.19516544429171995,0.3163335232956547
3531100,Mongaguá,0.10155393760644629,0.19160677380456217,1.1962715835487567,0.6061129240498013,0.3279669867467871,0.6947764105434291,0.5239512050911621,0.2541365567993802,0.4127045984886231,-0.5109537853296772,0.1884775725828431,0.271548927714412,-0.40302574007952585,0.2938149528099546,0.38842167509523856,-0.27969609079756,0.6219143359527198,-0.19626930613365307,-0.08864370591629663,-0.09996451598396681,0.04559027037543724,-0.592333614639263
3531209,Monte Alegre do Sul,-0.5713052777266532,0.16031064190150662,-0.06657527949627055,0.08905136114475487,-0.49998355938547423,-0.23357407001632371,-0.07909681828713869,-0.020600206075791952,-0.3309726890573277,-0.23680914489947288,-0.5445612242448722,0.12375955643566443,0.4818867226034916,0.2093203228563119,-0.5094865082416037,-0.27969609079756,-0.2922062152160345,-0.5315875718727309,-0.8625071375929104,-0.32084981616853203,0.04559027037543724,-0.7740452346510878
3531308,Monte Alto,0.15915370011054192,-0.5131327631839735,-0.018869258336664405,0.19811345180936338,-0.5922122928313733,0.2406550892165365,0.3917578368785284,-0.16162241602906763,0.263199738587353,0.21649103876803338,0.34017636298758397,0.11382288351320129,0.6492629127225573,0.4094391832728346,0.31356813115092363,1.0338996296491139,0.36075942256434645,0.138998664380325,0.10486568290916139,0.3417729532466929,-0.19516544429171995,0.1346219032838301
3531407,Monte Aprazível,0.15241558733959049,0.1641805087226255,-0.01656262658686866,0.06831618197478997,0.15977340937088408,-0.001634246334151305,0.001460667262094806,0.2362692998013848,0.357340425845631,-0.019848525618094987,0.21148517598246674,0.05357115395856386,0.29657480886202875,0.30270912438402064,0.20915265596393287,-0.27969609079756,-0.2922062152160345,0.3066829448624137,-0.28209505353334857,-0.32084981616853203,-0.19516544429171995,-0.41056747568954105
3531506,Monte Azul Paulista,-0.5713052777266532,0.24506187573944938,-0.10785518155261044,-0.03282623138186722,0.292706375813879,-0.19665993027013542,-0.012945012010121902,-0.24324701326738024,0.16006936480622538,0.07686850489146582,0.2104361908997115,0.17691701357342807,0.21002756137220185,0.07813129213881172,0.24009898575759311,-0.27969609079756,0.09956533202124931,0.138998664380325,-0.08864370591629663,-0.21042373164548486,-0.19516544429171995,0.3163335232956547
3531605,Monte Castelo,0.16802938544178017,0.3100292037795787,-0.01800607673139824,-1.1261512470253308,0.13439687717506152,-0.22756729388746977,-0.4186188692697648,-0.010573772604886497,-0.0028995571269862155,-0.16744676855668034,0.3667650955689337,-0.1737753078969145,0.09786634495980552,-0.5133311175366936,-0.06369148176418067,-0.11551509795064197,-0.2922062152160345,0.138998664380325,0.4917683781432653,-0.32084981616853203,-0.19516544429171995,-0.04714423566589192
3531704,Monteiro Lobato,-0.5713052777266532,0.011095360300026677,0.27767358318889496,0.4802403531653018,-0.39023016999230653,0.20968570329463865,0.28023002818502785,-0.0032546831450968256,-0.3126092659922263,-0.41427039662339943,-0.5905081946476117,0.04873985346309908,-0.31801325540853204,-0.6556378627217778,-1.5445474465708842,-0.11551509795064197,0.09956533202124931,-0.02863532087666403,0.10486568290916139,0.12088765306212759,0.5271739336475457,-0.22885585567771652
3531803,Monte Mor,0.35992439180448055,0.09028232756131105,-0.10960656659254189,0.2646896463157743,-0.13407519208812663,0.3218453059395182,0.4830664808486155,0.1447803175163072,0.09669666024209056,0.4845010190834214,0.17172750860023062,0.25739920730126487,-0.23583470656369915,0.16262592209245444,0.3313554836067386,-0.27969609079756,-0.031012124672937343,-0.3639535866157418,-0.28209505353334857,-0.32084981616853203,-0.19516544429171995,-0.41056747568954105
3531902,Morro Agudo,0.1375883734886483,-0.10914234458221124,0.3650989845899269,0.11121056840527654,0.08406153833608251,0.391964617601774,0.35443307244611644,0.213989642046459,0.1924978096180044,0.2899291562556298,0.33806269115060567,0.11186201717607755,-0.09168752867336635,0.0003072908657169297,0.3056259249435484,0.048715154120052624,0.09956533202124931,0.47431693011940274,-0.4755464011504005,0.23134686872364563,-0.19516544429171995,0.3163335232956547
3532009,Morungaba,-0.15747574854772967,0.049187450600262944,-0.023524162411757178,0.07960077864850575,-0.4515046155810074,-0.047181535322086965,0.17386899651179494,0.054998014609151144,-0.11110755198760752,0.10785719107242994,-0.0019901568843846635,0.251012211478676,0.21002756137220185,0.33606226778677595,-0.04798230793497241,0.5413073918845833,0.09956533202124931,-0.5315875718727309,0.10486568290916139,-0.09996451598396681,-0.19516544429171995,-0.04714423566589192
3532058,Motuca,-0.5713052777266532,0.12323198427646676,-0.5618594361592996,0.09026125279394573,-0.7809164969682884,0.006846632409737596,0.2865897198009598,-0.803595461116235,-0.22533926039127067,-0.08687237563712387,-0.3736623087304135,-0.12819807927716706,0.12520521268149487,-0.41104814443491566,-0.4232991301738507,-0.27969609079756,-0.2922062152160345,0.3066829448624137,-0.28209505353334857,-0.32084981616853203,0.04559027037543724,-0.04714423566589192
3532108,Murutinga do Sul,-0.5713052777266532,-0.04775606230622963,0.020717505336682897,-0.00834989405879879,0.15968449910298538,-0.20145163495806645,0.07955381362665587,-0.803595461116235,-0.27446049631793507,-0.3338154249371194,-0.259397481716012,-1.4705353149580387,0.12520521268149487,-0.11309339670364497,-0.4132229367180174,-0.11551509795064197,-0.2922062152160345,0.47431693011940274,0.29831703052621333,-0.32084981616853203,-0.19516544429171995,0.1346219032838301
3532157,Nantes,-0.5713052777266532,0.2453450598660103,-0.18913958789143487,-0.11683765480870073,0.5994600490715637,-0.1350338889737103,-0.4186188692697648,-0.803595461116235,-0.39790629586045806,0.2995899075112312,0.22738251574345336,0.10766619901464436,-0.40302574007952585,-0.5200017462172446,0.16415567510160464,-0.27969609079756,-0.2922062152160345,-0.19626930613365307,0.10486568290916139,-0.32084981616853203,-0.19516544429171995,0.4980451433074793
3532207,Narandiba,0.07407451893594999,-0.1668617817544157,0.24503126445408943,-0.3463386563500548,0.9485335285475825,-0.1532631812932203,-0.4186188692697648,0.1134536966331004,-0.5253462333355436,0.8763987842171884,0.12128948855582744,-0.16350487569823008,-0.01906503863869853,-0.21092928401838984,0.09946122525010277,0.8696693775784194,-0.2922062152160345,-0.19626930613365307,0.4917683781432653,-0.32084981616853203,-0.19516544429171995,0.3163335232956547
3532306,Natividade da Serra,0.3521376469107602,-0.26469613002783116,-0.06778600130467917,-0.03252333815540478,-0.3785095344080396,0.03514451413048115,0.17118693041100674,0.48249630594777926,-0.25604358558466656,-0.5583128544580832,-1.1113600639005194,-0.40351023866283336,-0.9195704201187489,-1.211523586101013,-1.409842442375197,-0.27969609079756,-0.2922062152160345,-0.3639535866157418,-0.28209505353334857,0.3417729532466929,-0.19516544429171995,-0.41056747568954105
3532405,Nazaré Paulista,0.3589717411463165,0.053544928828632474,0.0724768433771818,0.3094224399404254,-0.38285210190636365,0.23590347170379947,0.5788136535355024,-0.03606811885361642,-0.20798378517438088,-0.2898704129627287,-1.1429978116971093,-0.12760634644782068,-0.22572006525570035,-0.4310600304765689,-1.145298851696713,-0.27969609079756,-0.2922062152160345,-0.19626930613365307,-0.08864370591629663,0.23134686872364563,-0.19516544429171995,-0.7740452346510878
3532504,Neves Paulista,-0.0694178019803218,0.10131463197741881,-0.31614763669910334,-0.05616618218316165,0.16421265895265025,-0.17586731112481174,-0.09806181470295602,0.17255709226204186,-0.2599459187373906,-0.14563942608553787,0.22732698526375192,-0.04683228418755523,0.4214931136390819,0.05144877741660743,0.10486030128244604,-0.27969609079756,-0.2922062152160345,0.138998664380325,-0.08864370591629663,-0.32084981616853203,0.04559027037543724,0.4980451433074793
3532603,Nhandeara,-0.5713052777266532,-0.2624342982949046,-0.22215069287479575,-0.1779711782605325,-0.04916337207552279,-0.07251287711538497,-0.4186188692697648,0.17176918113362252,0.051330590451044156,0.06092239021852722,0.08694538639985135,-0.24587241505446153,0.12520521268149487,-0.09975213934254284,-0.1031437667811514,0.21289614696697068,-0.2922062152160345,-0.3639535866157418,-0.4755464011504005,-0.21042373164548486,1.0087575969196543,-0.22885585567771652
3532702,Nipoã,-0.5713052777266532,0.18272783796698477,-0.06206178981505801,0.08385343600514089,0.49950318664076676,-0.11367907024331887,-0.4186188692697648,-0.049856765617442345,0.1601266990455027,-0.3329736884739013,0.04085350591574261,-0.04443247490796326,-0.01906503863869853,-0.4310600304765689,0.14419394944412903,-0.27969609079756,-0.031012124672937343,0.3066829448624137,-0.28209505353334857,-0.32084981616853203,-0.19516544429171995,-0.04714423566589192
3532801,Nova Aliança,0.03140385639374646,0.4001707587176393,-0.4755450912730744,0.019788495594996854,0.2646021363473345,-0.18307412872390105,-0.4186188692697648,0.06369364653191464,-0.024231403039536782,0.08458068933369775,0.21124838021279457,-0.026181086469705458,0.24642775033879,0.12260215000915115,0.0981489124380607,-0.27969609079756,-0.031012124672937343,0.8096351958584805,-0.08864370591629663,-0.32084981616853203,0.5271739336475457,-0.04714423566589192
3532827,Nova Campina,-0.03225933211720836,0.3642727524591648,-0.23723575049943915,-0.25558718295742155,-0.16145989517733658,0.05573319787211709,-0.4186188692697648,0.22017621334337611,-0.28106913936677147,-0.3324249294970844,-0.8545866628598454,-0.07450258454906312,-1.103134035170997,-0.5822609472357192,-0.4871230599649913,-0.27969609079756,-0.2922062152160345,-0.3639535866157418,0.4917683781432653,-0.32084981616853203,0.04559027037543724,0.1346219032838301
3532843,Nova Canaã Paulista,-0.5713052777266532,0.11846188839107813,-0.1884946379747079,-0.03542663829633249,-0.009913230968735509,-0.0795757678113644,0.20069106990033275,0.47908206388402175,-0.5400381430894208,-0.3952694815523563,-0.8853460508749782,-0.8668067952756968,0.12520521268149487,-0.13977591142584928,-0.6283502354050661,-0.11551509795064197,-0.2922062152160345,0.8096351958584805,0.29831703052621333,-0.32084981616853203,0.5271739336475457,-0.04714423566589192
3532868,Nova Castilho,-0.5713052777266532,-0.11707439958905877,-0.24715339543293094,-0.04832672796033822,-0.38260994266858617,-0.7026618289518174,-0.4186188692697648,-0.803595461116235,-1.5463816862554112,0.44206502496824635,-0.47607181087537004,-0.33342710075016124,0.21002756137220185,0.23377929468499817,-0.4257691637306993,-0.27969609079756,-0.2922062152160345,0.3066829448624137,0.10486568290916139,-0.32084981616853203,-0.19516544429171995,0.3163335232956547
3532900,Nova Europa,-0.056823748164610645,0.19714173727469364,-0.009683214357342994,-0.11723276132012286,0.13117284579093874,-0.1663448767153901,-0.09001795429337545,0.26551689039202425,0.0276238402817732,0.16676963136103404,0.33076788036578264,0.24341210465642021,-0.3958926315540894,-0.07084608172682363,0.30472501852192213,-0.11551509795064197,-0.2922062152160345,-0.3639535866157418,0.10486568290916139,-0.21042373164548486,-0.19516544429171995,0.1346219032838301
3533007,Nova Granada,0.12708029305309032,0.1229685510426828,-0.13100080770125147,-0.07157479830421884,-0.01991001552616812,0.12241701741625677,-0.09706894123942555,0.21482336176376227,0.10819384493410213,-0.17798206312054815,0.17390516595445987,0.01910965072439654,0.12520521268149487,-0.03971648121758634,0.17405028528338912,-0.27969609079756,-0.2922062152160345,-0.5315875718727309,-0.08864370591629663,-0.21042373164548486,-0.19516544429171995,0.3163335232956547
3533106,Nova Guataporanga,-0.5713052777266532,-0.1267074534024979,-0.730584504570238,-1.1261512470253308,0.3786018559144577,-0.7026618289518174,-0.4186188692697648,-0.803595461116235,-0.1866017853732568,-0.5807820878570255,0.3413663510876214,0.14242979528251962,0.020475001495134513,-1.0870051840640669,0.1296001550599659,0.7054883847315013,-0.031012124672937343,0.47431693011940274,0.29831703052621333,-0.32084981616853203,-0.19516544429171995,0.1346219032838301
3533205,Nova Independência,-0.5713052777266532,0.03793981683029992,0.0019220355575036866,-0.0141577618730187,0.17714743911385855,-0.7026618289518174,-0.4186188692697648,0.18411735794644168,0.022815437019077657,0.177021697444921,-0.019337423686650413,-0.21900199091033645,-0.05918193697905125,0.2826972383423706,-0.32983853007047853,-0.27969609079756,-0.2922062152160345,-0.5315875718727309,-0.08864370591629663,-0.32084981616853203,-0.19516544429171995,0.1346219032838301
3533254,Novais,0.15648705185964187,0.07503675241309107,-0.5115299294007969,0.007140170524056561,0.09115365717682397,-0.09650868974431373,-0.4186188692697648,-0.02295425646782594,-0.19388021390260285,-0.5171744886429593,0.17719010820032152,-0.04288200806856555,-0.40302574007952585,-0.057504824365721484,0.22967930430098024,-0.27969609079756,-0.2922062152160345,0.138998664380325,0.10486568290916139,-0.32084981616853203,-0.19516544429171995,-0.04714423566589192
3533304,Nova Luzitânia,-0.5713052777266532,0.10067655831688452,0.03775151269763253,-0.334879564312616,0.11590450247422474,-0.14518994710330735,-0.4186188692697648,0.12692943532616954,-0.27637501930409586,-0.48351728911015607,0.17803878478055488,0.18661099928428965,-0.31295737675636487,-0.2175999126989409,0.042897779818059964,0.5413073918845833,0.09956533202124931,0.138998664380325,0.10486568290916139,-0.32084981616853203,-0.19516544429171995,0.4980451433074793
3533403,Nova Odessa,0.05003982562982837,-0.3004868119004419,0.17489094101177083,0.47370298156082963,-0.3957185869669675,0.27194536299067285,0.3812018658769709,-0.13713118240871747,-0.10628750126225552,0.4634041776228339,0.342507972532137,0.35929880767247924,0.7110111557532727,0.671817244707835,0.40032960520655325,0.7054883847315013,0.230142788715436,-0.19626930613365307,-0.4755464011504005,-0.32084981616853203,0.2864182189803885,-0.04714423566589192
3533502,Novo Horizonte,0.043467580997569935,0.12316946256994937,0.18808825969618126,0.09022519567003509,0.028951398786851892,-0.032846932165309664,-0.09700504883778772,0.25121239007993096,0.27752022618742617,0.16487009930460447,0.28637744230679496,0.1376866004212598,0.12520521268149487,-0.041940024111104424,0.28281471999539803,-0.27969609079756,-0.2922062152160345,0.47431693011940274,0.10486568290916139,0.45219903776974,0.2864182189803885,0.3163335232956547
3533601,Nuporanga,-0.5713052777266532,0.28247055515239505,0.09986514366445798,0.16097715301871485,0.12239827707353587,-0.01517615375795483,0.07893108378180602,-0.18602533197660504,0.005863357676200316,0.9333511955254801,0.21944165714615405,0.2171776332765316,0.3873520944988505,0.1381669502637682,0.2251384198793448,-0.27969609079756,-0.2922062152160345,-0.02863532087666403,0.4917683781432653,-0.32084981616853203,-0.19516544429171995,0.3163335232956547
3533700,Ocauçu,0.16034809873487893,-0.014156577217441542,-0.14348103953809152,-0.45881148127235255,-0.11200849085003635,0.05104283598475429,-0.4186188692697648,0.21258760146542294,0.17400821695176383,-0.17751006416260376,0.25110472926578215,-0.57735543357922,-0.26899278690399697,-0.25095305610169627,-0.030346646074158073,-0.27969609079756,-0.2922062152160345,0.3066829448624137,-0.28209505353334857,-0.32084981616853203,-0.19516544429171995,-0.22885585567771652
3533809,Óleo,0.5551924898755739,0.3745044506847444,0.0005227509132500732,-1.1261512470253308,-0.9377617450850344,-0.12270355638380999,-0.4186188692697648,0.5484428654625715,-1.5463816862554112,0.13503438121094813,-0.778176651256015,-0.4657962089690138,0.09786634495980552,0.011425005333304157,-0.3157536126806462,-0.27969609079756,-0.2922062152160345,0.3066829448624137,0.29831703052621333,-0.32084981616853203,-0.19516544429171995,-0.04714423566589192
3533908,Olímpia,0.02211989053840566,0.06718215369404915,0.15231084565013786,-0.047155018560444385,-0.043221376128830855,0.08389498154607374,-0.03959641256872082,-0.06856599624499671,0.2992408225891711,0.21765348514948385,0.32935417752953905,0.18685544295419285,0.21002756137220185,0.37830958276359733,0.32613729275895054,0.21289614696697068,0.49133687925853314,0.3066829448624137,0.4917683781432653,0.23134686872364563,0.5271739336475457,0.1346219032838301
3534005,Onda Verde,-0.5713052777266532,0.23950325080842877,0.1396880185007327,0.12132411432829598,0.21635225638364933,0.02832274526411481,0.02818407520827897,0.31568136170771693,0.06830774799993278,0.3532398093474496,-0.011206945622739719,0.015864547725537904,0.09786634495980552,-0.12421111117122906,0.15267949871180075,-0.27969609079756,-0.2922062152160345,-0.5315875718727309,0.29831703052621333,-0.32084981616853203,-0.19516544429171995,0.3163335232956547
3534104,Oriente,-0.5713052777266532,-0.6560635986431034,-0.2156532458041264,-0.35916917643673507,-0.4222033584156921,-0.2962882825109576,-0.4186188692697648,-0.1252819631063545,0.11280839823242345,-0.30340598928584256,0.25577415050119207,0.2077585873941294,0.16571053778608943,0.21376740864334492,0.2656173703125682,0.5413073918845833,-0.2922062152160345,-0.02863532087666403,0.10486568290916139,-0.32084981616853203,1.4902690262539684,0.3163335232956547
3534203,Orindiúva,0.2713653231856772,0.22715445668560097,-0.41609569704415417,-0.034006635195637,-0.5857319812566328,-0.295238385786124,-0.4186188692697648,0.23807323943171133,-0.3036547289336672,0.7898921856813371,0.14507816083464453,0.20542987946466365,0.12520521268149487,-0.19758802665729083,0.20970333819181497,-0.11551509795064197,-0.2922062152160345,0.47431693011940274,0.6852777669687232,-0.32084981616853203,0.2864182189803885,0.6798112822572013
3534302,Orlândia,0.045221054941117125,-0.13886912632108012,-0.09052138843802274,0.11243579240279039,-0.3402836858374495,0.15562902579218488,0.29495025543036346,-0.4403248179708755,-0.039725589895416746,0.42349695632192613,0.33940343901418085,0.2560786178290327,0.24642775033879,0.3560741538284292,0.3583195522073472,-0.27969609079756,-0.16162875852184783,0.138998664380325,-0.08864370591629663,0.23134686872364563,-0.19516544429171995,0.1346219032838301
3534401,Osasco,0.0782895375900623,-0.30992646135669655,0.42854226895795766,0.7066154288540054,-0.4156357952228194,0.6657517138180624,0.5517534046252559,-0.09737685072933136,-0.1789691366903911,0.9058216454925685,0.1562724676009087,0.32949349009311374,0.21057702921189328,0.5206163279486816,0.42428149056654363,-0.11551509795064197,0.49133687925853314,-0.19626930613365307,0.29831703052621333,0.7835104224773526,-0.19516544429171995,0.3163335232956547
3534500,Oscar Bressane,-0.5713052777266532,-0.1969611311848376,-0.3106692330233505,-1.1261512470253308,-0.23116800394215697,-0.7026618289518174,-0.4186188692697648,0.1693152194588468,-0.23323189072361342,0.034170870578889914,0.14492166224712022,0.03255874199747238,0.12520521268149487,-0.15089362589343333,-0.11056366269267805,-0.27969609079756,-0.2922062152160345,0.138998664380325,-0.08864370591629663,0.010461568539080387,-0.19516544429171995,-0.22885585567771652
3534609,Osvaldo Cruz,-0.18821153763705206,-0.5844791303410672,0.08582991138365072,-0.3699826942426515,-0.1797867160341673,-0.06176563433692739,-0.2635718146693064,-0.5432149131451327,0.030003891566912036,0.049818144601845374,0.32262893184287195,0.09730657693359873,0.12520521268149487,0.3227210104256738,0.19105384866450303,0.21289614696697068,-0.2922062152160345,0.3066829448624137,0.10486568290916139,0.5626582534312581,-0.19516544429171995,-0.22885585567771652
3534708,Ourinhos,0.0206369663333609,0.10543130737009888,0.30680961182737054,0.06773836047522505,0.20511737108201736,0.12639467475329436,0.021468391334278806,0.07243140937026762,0.3414341820628644,-0.019515288056919714,0.34209827119726516,0.33635674659505377,0.21002756137220185,0.42500398352745483,0.36635148893281705,-0.27969609079756,0.230142788715436,-0.5315875718727309,0.10486568290916139,0.12088765306212759,-0.19516544429171995,-0.592333614639263
3534757,Ouroeste,-0.5713052777266532,0.3738677357154532,0.04290947193970342,-0.11124842747057162,0.38930178319002373,-0.13124233992561518,0.01390136654733147,0.05389626714221095,0.15793415470279526,0.22174359227640444,0.23312412566889942,0.045218741175821094,0.12520521268149487,-0.08418733908792578,0.15357759656703507,0.048715154120052624,-0.031012124672937343,0.138998664380325,-0.28209505353334857,-0.21042373164548486,1.0087575969196543,0.4980451433074793
3534807,Ouro Verde,-0.5713052777266532,0.22175306007478435,-0.33213100615155056,-0.42828690744721987,0.34333128220523906,-0.7026618289518174,-0.4186188692697648,-0.803595461116235,-0.1233640699990474,-0.5157333670377163,0.29771970777088247,0.06299293218665981,-0.5439280674166584,-0.6800968345504641,0.25448315593588866,-0.27969609079756,-0.031012124672937343,0.138998664380325,0.29831703052621333,-0.21042373164548486,0.04559027037543724,0.1346219032838301
3534906,Pacaembu,0.20533286860362746,-0.021670239397015154,-0.45749990829490716,-0.30252621369317734,0.20139458268206295,-0.33405667238516523,-0.4186188692697648,-0.37942544528166017,0.42004316631967475,-0.6899955005134057,-0.009651284918689473,-0.1712287249376297,0.12520521268149487,0.053672320310125504,-0.8318584730429316,-0.27969609079756,-0.2922062152160345,-0.02863532087666403,0.10486568290916139,-0.09996451598396681,0.2864182189803885,0.1346219032838301
3535002,Palestina,-0.11166087933551791,0.299948097557916,-0.34388003656508787,-0.018872757662670617,0.02821520498490532,-0.40729553189126866,-0.1250425964662047,0.021599722939675742,0.031631483579845625,0.06886802908368636,0.017999447390419362,-0.3013420549755861,0.12520521268149487,-0.2932003710785176,0.006858642746058707,-0.11551509795064197,-0.2922062152160345,-0.5315875718727309,-0.08864370591629663,-0.32084981616853203,-0.19516544429171995,0.4980451433074793
3535101,Palmares Paulista,0.3456201998119015,0.11271903111242604,-0.1447209745567592,-0.017883938694249084,0.26925712002349356,-0.17155898026336805,-0.4186188692697648,0.17991285610579089,-0.10174259715591073,-0.5840354806465003,0.31371188497398617,0.2667818623182752,-0.1337079423162046,-0.3821420868191965,0.3620597418039862,-0.27969609079756,-0.2922062152160345,0.3066829448624137,0.10486568290916139,-0.32084981616853203,-0.19516544429171995,0.3163335232956547
3535200,Palmeira d'Oeste,-0.04336580601229046,-0.14093750029901536,-0.26825656489784233,-0.026600225602139167,-0.13353265720875457,-0.15623618506376052,-0.4186188692697648,0.1084911969702805,0.04525308571434766,-0.23643108385844533,-0.15862969668389337,-0.6068354744313428,0.12520521268149487,-0.20203511244432384,-0.12968883504262416,-0.27969609079756,-0.2922062152160345,-0.3639535866157418,-0.28209505353334857,-0.32084981616853203,-0.19516544429171995,0.1346219032838301
3535309,Palmital,0.1264488122097351,-0.12869146328121317,0.3668240499479668,-0.0904072357249864,0.19737716198317046,0.08473759438134676,-0.20349033931941873,0.12861296206847705,0.2999876610240665,0.30899221821144285,0.25909795771005506,0.04500389128849876,0.09786634495980552,0.25601472362016625,0.2620140641902242,0.5413073918845833,0.36075942256434645,0.47431693011940274,0.4917683781432653,0.6730843379543053,-0.19516544429171995,0.6798112822572013
3535408,Panorama,0.205393190110197,0.31276248431916454,0.3037586702566166,-0.15257551106264267,0.33105905513224426,-0.0908153890631424,-0.4186188692697648,0.10351882491870863,0.003235829495269042,-0.44188687868282445,0.23611398815445808,0.19572295014301688,-0.22572006525570035,-0.33767122894885704,0.33540024551128644,-0.27969609079756,-0.2922062152160345,-0.19626930613365307,-0.8625071375929104,-0.32084981616853203,-0.19516544429171995,-0.22885585567771652
3535507,Paraguaçu Paulista,0.25508035718259187,-0.37083593093363865,0.18375741842027965,-0.02032172671119307,0.022243811468172246,-0.20472130097078872,-0.29162378376456954,0.13077569494216368,0.13955414565362334,0.3434123624694828,0.24556453764268055,-0.016377523268045747,0.020475001495134513,0.12037860711563307,0.16399520034218956,0.5413073918845833,0.36075942256434645,-0.19626930613365307,0.4917683781432653,-0.21042373164548486,0.04559027037543724,0.1346219032838301
3535606,Paraibuna,0.22311889559292597,0.027027309590517974,0.2958201274316521,0.10815821306004393,0.05130306535641275,0.08395805954486864,-0.1900783782938073,0.3168572703033116,-0.1065287690598099,-0.544551019158791,-1.0597727957288103,-0.07332646718887163,-0.31295737675636487,-0.335447686055339,-0.7953291464635017,-0.27969609079756,0.09956533202124931,-0.19626930613365307,0.29831703052621333,0.3417729532466929,-0.19516544429171995,-0.22885585567771652
3535705,Paraíso,0.2680327539314578,-0.19287770740006327,-0.7059314975032327,-0.09204353312811664,-0.2801435419258784,-0.080808162626743,-0.015626671997731982,-0.803595461116235,-0.6752694840516044,0.299358752339622,0.17472180863027653,-0.07511556763181224,0.3873520944988505,-0.17535259772211953,0.01996358760961291,-0.27969609079756,-0.2922062152160345,0.3066829448624137,0.4917683781432653,0.010461568539080387,0.04559027037543724,0.3163335232956547
3535804,Paranapanema,0.12596869993164217,0.042709266154840664,-0.1413915597757124,-0.023752267098052438,0.10656870821721723,-0.05182901417929423,-0.20371133066651964,-0.26465186794165774,-0.01082865078413594,0.2031354347907348,-0.5064274346353137,-0.16790685594514151,-0.14119042800682668,-0.11976402538419605,-0.15063449173555388,-0.27969609079756,-0.16162875852184783,-0.5315875718727309,0.29831703052621333,0.3417729532466929,0.5271739336475457,-0.592333614639263
3535903,Paranapuã,-0.5713052777266532,0.20064937177436187,-0.17470471249789712,0.13490891980977165,0.6366005231102267,-0.7026618289518174,-0.4186188692697648,0.4795131601025495,0.5415941730796787,-0.139607556655928,0.18785197766421133,-0.10112831151571837,0.09786634495980552,-0.35990665788402515,0.1636804188299329,-0.27969609079756,-0.2922062152160345,-0.3639535866157418,-0.08864370591629663,-0.32084981616853203,1.0087575969196543,0.4980451433074793
3536000,Parapuã,0.10221441937694499,-0.06669027467362712,0.1341404192359877,-0.11497732906383801,-0.2626779006120069,0.0345918875447013,0.14682310108623026,0.049775197033192595,-0.13645638526370021,0.6165583966989652,0.15758349146645803,-0.4582314887022241,0.09786634495980552,-0.3487889434164411,0.01639966816545037,-0.11551509795064197,-0.2922062152160345,0.47431693011940274,0.10486568290916139,0.12088765306212759,-0.19516544429171995,0.3163335232956547
3536109,Pardinho,0.214592938618992,0.2944228686364795,0.30786966518261705,-0.0891660438328439,0.001983699625150199,-0.11623822077773757,0.08333670761814911,0.03937100802454292,-0.02740342811157017,0.2959958291101057,-0.10284652460187668,0.18418557883031245,0.16571053778608943,-0.021928138069451205,0.009623488240724886,-0.27969609079756,-0.2922062152160345,-0.5315875718727309,-0.4755464011504005,-0.32084981616853203,-0.19516544429171995,-0.7740452346510878
3536208,Pariquera-Açu,-0.23240309310998675,0.37170546481911937,0.050823647116107935,0.034868879498191785,0.022764726880610535,0.11530763581930333,-0.02465108791541494,0.02001890793130541,0.18577578167714873,-0.15136296784171177,-0.15329330024364188,0.07299621325002073,-0.3666490416971304,0.049225234523089356,-0.38690576676576016,0.3770771398138887,0.09956533202124931,-0.3639535866157418,0.29831703052621333,0.3417729532466929,0.5271739336475457,-0.22885585567771652
3536257,Parisi,-0.5713052777266532,0.5017353861494266,0.023074040781781963,0.06026309120326271,0.7888177591789036,-0.013853514644225344,-0.4186188692697648,0.3461545194826339,-0.055556463240184664,-0.5486893259510089,-0.06733227418267956,-0.19193227375125627,0.12520521268149487,-0.3487889434164411,-0.002057916347982009,0.048715154120052624,0.09956533202124931,0.138998664380325,-0.08864370591629663,-0.21042373164548486,-0.19516544429171995,-0.04714423566589192
3536307,Patrocínio Paulista,0.2130797272839653,-0.28489483076801125,0.45647357515452663,0.17709531782128798,0.1978403931478228,0.026879966496333705,0.19465172818812976,-0.05542597368154396,0.0021603109256162476,0.7296489183225976,0.32152192401580054,-0.2951127919362326,-0.14119042800682668,0.22043803732389602,-0.027408393609934134,-0.11551509795064197,-0.2922062152160345,0.138998664380325,0.4917683781432653,-0.21042373164548486,-0.19516544429171995,0.1346219032838301
3536406,Paulicéia,-0.01831757989859245,0.4423268754065155,-0.3519541751875498,-1.1261512470253308,0.051769977106478446,-0.7026618289518174,-0.4186188692697648,0.13960856012163175,-0.06404481317471525,-0.13506759288778938,-0.6847822852139671,-0.2554429518360964,-0.5295084654461424,-0.013033966495382056,0.12300443563179038,-0.27969609079756,-0.16162875852184783,-0.19626930613365307,0.10486568290916139,-0.32084981616853203,0.5271739336475457,0.4980451433074793
3536505,Paulínia,0.03358626012891623,-0.11571283169397197,0.32395863169810013,0.35847576383663343,-0.07369142327769436,0.3106370107293494,0.42530071233745215,-0.10478008682458101,0.11801135382206066,1.8809713224587017,0.28401152844904093,0.3668624860984534,1.1346347884693087,0.658475987346733,0.39441131660889317,0.3770771398138887,1.0136858831900037,0.47431693011940274,0.4917683781432653,-0.09996451598396681,1.0087575969196543,-0.22885585567771652
3536570,Paulistânia,0.3849060757180128,0.36717877882331035,-0.12271030744807704,-0.25399254298953833,0.033156579769424044,-0.7026618289518174,-0.4186188692697648,0.2220514885786662,-0.5539717793363361,-0.22824192850833436,-0.14739283674946616,0.02930562037122384,-0.20434919423314585,-0.5444607180459308,-0.35079836356335625,0.3770771398138887,0.36075942256434645,0.3066829448624137,0.29831703052621333,-0.32084981616853203,-0.19516544429171995,0.3163335232956547
3536604,Paulo de Faria,-0.5713052777266532,-0.1912573709755713,-0.5707996886629526,-0.4111483647416228,0.2897825605919909,0.02655283494202396,-0.4186188692697648,-0.18124241684215686,0.08166227653343075,0.14784134864351828,0.2778012491109792,-0.04093324711457852,-0.14119042800682668,-0.4644131738793211,0.05279624680684107,-0.27969609079756,-0.2922062152160345,-0.02863532087666403,-0.4755464011504005,-0.09996451598396681,-0.19516544429171995,0.1346219032838301
3536703,Pederneiras,0.11503907350119331,-0.14239201405122187,0.20634848136871467,0.25375882207185557,0.11097698321110194,0.0969438234377857,0.1440825764153025,-0.24520881823566723,0.1658274880325514,0.4254985337426832,0.21208170051017072,-0.004931144659386233,0.09786634495980552,0.12037860711563307,0.2229951409628756,-0.11551509795064197,0.6219143359527198,0.47431693011940274,0.10486568290916139,-0.21042373164548486,-0.19516544429171995,0.3163335232956547
3536802,Pedra Bela,0.2436495311933231,0.011877478933461305,-0.5317299221755288,-0.060860228587433736,-0.5162605396810227,0.04786394081783738,-0.4186188692697648,-0.15085542857774817,-0.1581315311972703,-0.5711958483075781,-2.4628284621394814,0.20305849571041,0.09786634495980552,-0.47330734545339026,-1.8707355342923555,-0.27969609079756,-0.16162875852184783,-0.19626930613365307,0.4917683781432653,-0.32084981616853203,-0.19516544429171995,-0.22885585567771652
3536901,Pedranópolis,-0.5713052777266532,0.39564133675946606,-0.3358261744500105,-1.1261512470253308,-0.12468588630037747,-0.7026618289518174,-0.4186188692697648,0.12574451409250145,-0.178272945486617,-0.10262661565755105,-0.5365892229086325,-0.781849518346562,0.21002756137220185,-0.1331052827452982,-0.7607922315576476,-0.11551509795064197,-0.2922062152160345,-0.19626930613365307,-0.28209505353334857,0.3417729532466929,0.04559027037543724,-0.04714423566589192
3537008,Pedregulho,0.1087079631528089,0.01895398847161157,0.45356436531553024,0.0746706327505287,0.08109413028267702,-0.023892889604176182,0.32646461161757195,0.09210558276083959,0.04519752552119784,0.4857716918959604,-0.04738402255388127,0.1136967030809412,0.016067703216881106,-0.1886938550832217,-0.21878569704260256,0.5413073918845833,-0.2922062152160345,-0.02863532087666403,0.10486568290916139,-0.21042373164548486,-0.19516544429171995,0.3163335232956547
3537107,Pedreira,-0.16895867962473454,-0.13348433751009578,-0.11798814519451031,0.27956881220095364,-0.3021001780275019,0.15364034449229041,0.2891088198267339,0.03907389459812659,0.14885122545881085,-0.10378440038389074,0.2912298608254154,0.32521209619640856,0.4552154389743749,0.42055689774041866,0.3718591730156873,0.8696693775784194,0.7525309698016303,0.47431693011940274,0.4917683781432653,1.0043957226619178,0.04559027037543724,0.6798112822572013
3537156,Pedrinhas Paulista,0.29622372034215727,-0.26186202184850044,-0.5727961272501264,-0.334879564312616,-0.5228057633182513,-0.14518994710330735,-0.4186188692697648,0.12692943532616954,-1.5463816862554112,0.2147018512183044,0.03672347195269159,-0.18172301350733147,0.4214931136390819,0.049225234523089356,0.12366837059252325,0.048715154120052624,0.230142788715436,0.138998664380325,0.29831703052621333,-0.21042373164548486,-0.19516544429171995,0.3163335232956547
3537206,Pedro de Toledo,0.29109488629768615,0.3888135993226307,0.34488679255065746,0.009242670630109397,-0.014665444728324834,0.12783808316714645,-0.002018202182760548,0.1971395522477512,-0.10527605282302857,-0.7178720857433827,-0.45467483811527803,-0.38792456393372465,-0.7698195286490608,-0.48442505992097434,-0.6531288352295842,-0.27969609079756,-0.031012124672937343,-0.3639535866157418,-0.8625071375929104,-0.32084981616853203,-0.19516544429171995,-0.41056747568954105
3537305,Penápolis,0.17369418825800298,-0.05801706543053137,0.3047935484683256,0.08981582897058557,-0.0814877424081733,-0.00035667846412014865,-0.0015863073688781822,0.26063451313793884,0.16235317780872713,-0.06233645163714486,0.2755623718760876,0.13813610257354783,0.21002756137220185,0.43612169799503897,0.2999824098525711,0.21289614696697068,-0.2922062152160345,0.3066829448624137,0.29831703052621333,-0.32084981616853203,-0.19516544429171995,-0.592333614639263
3537404,Pereira Barreto,0.2738006788131959,0.2884111458317916,0.16029360971532142,-0.031653422553917024,-0.08969837718765195,0.0854737644262611,-0.2310641718922658,0.31811659974925915,-0.08352044562855021,0.1980884076450908,0.1822804503428246,-0.0611894121336385,0.09786634495980552,-0.06195191015275764,0.2257522093798193,-0.11551509795064197,-0.2922062152160345,0.47431693011940274,0.4917683781432653,0.23134686872364563,-0.19516544429171995,0.4980451433074793
3537503,Pereiras,-0.04261841949634623,-0.02271450454911826,-0.029913387334628717,0.27347946530850253,0.05715216565455207,0.019356334265240818,0.125051280957247,-0.23651783592981368,-0.2942710811050282,-0.021286206203832616,0.10428133991533844,0.014099479833697583,0.020475001495134513,0.0870254637128777,-0.4761276439826411,-0.27969609079756,-0.2922062152160345,-0.02863532087666403,-0.08864370591629663,-0.32084981616853203,0.04559027037543724,-0.04714423566589192
3537602,Peruíbe,0.22855836986797373,0.258642033286546,1.128264969321054,0.4233500188320221,0.38956949181967865,0.6027182223999178,0.5706775045678817,0.3230157489341853,0.40489075370213234,-0.25380400566574474,0.17901330361998374,0.2658679113772765,-0.5439280674166584,0.2537911807266482,0.3502265361715957,-0.27969609079756,-0.16162875852184783,0.3066829448624137,-0.28209505353334857,0.010461568539080387,-0.19516544429171995,-0.22885585567771652
3537701,Piacatu,0.42842150235833354,0.10562893239492382,-0.5055335329461863,-0.3321908049351975,-0.12909421187862127,0.04693235266622367,0.0027640007221075456,-0.09593995049168738,-0.33571543690070343,-0.37695373922343384,0.09996436108140155,0.18512461805082772,0.12520521268149487,-0.42661294468953276,0.1866456550524758,0.048715154120052624,-0.2922062152160345,0.9772691811154695,0.6852777669687232,-0.32084981616853203,-0.19516544429171995,0.3163335232956547
3537800,Piedade,-0.0027262720632686478,-0.2648734407680763,-0.04390501016297305,0.08726866940249352,-0.4089536551749425,0.16283012216868728,0.23413167861466339,-0.29015374335393407,0.0737365189821636,-0.24570232350086516,-1.4280775208643357,0.06137497828512328,0.07642095208909626,0.12704923579618416,-0.925977472900374,-0.27969609079756,-0.2922062152160345,-0.3639535866157418,-0.08864370591629663,0.12088765306212759,-0.19516544429171995,-0.7740452346510878
3537909,Pilar do Sul,-0.05719768685707277,-0.1900758710762433,-0.17995537627308605,0.09888756292939652,-0.7822621836300706,0.027032890266492852,0.09086784283231275,-0.04160769991159585,0.4080742806251774,0.087034496023036,-0.5685385941398097,0.08170732536568831,0.09786634495980552,0.00920146243978608,-0.22327867307987914,-0.27969609079756,-0.2922062152160345,0.6419509153763917,0.6852777669687232,-0.21042373164548486,0.5271739336475457,-0.22885585567771652
3538006,Pindamonhangaba,0.38425950555564614,-0.275822421253601,0.10987698601174474,0.18762468663410797,-0.3191871952966634,0.3599455025941395,0.30929964319206316,0.12905996700945482,0.019949002817023977,0.3923762275896147,0.29694601991480846,0.33564390039679914,-0.07944980578444091,0.5717578144995721,0.3090128741073554,0.5413073918845833,0.6219143359527198,0.138998664380325,0.10486568290916139,0.8939696381388703,0.7679296483147028,0.1346219032838301
3538105,Pindorama,0.011536591168572025,-0.10601358984851131,-0.14421477756967568,0.0340638728237231,0.21211384362688637,-0.19707042257621055,-0.16106243156962202,-0.803595461116235,0.05158842491416191,0.0422178905249692,0.32872410518413314,0.1632140291001091,0.3177925977337389,0.033660434268472296,0.26381590924179915,-0.27969609079756,-0.2922062152160345,-0.02863532087666403,0.10486568290916139,-0.32084981616853203,-0.19516544429171995,0.1346219032838301
3538204,Pinhalzinho,-0.18172016741857933,-0.0666628147998653,0.07507374688619775,-0.059507492019905135,-0.11361371506365306,-0.04405592383382037,0.1530409338841492,0.09502661036923096,0.17906227287500415,-0.4254337035068706,-1.1284902879759542,0.26975574255479606,-0.01906503863869853,0.30048558149050575,-0.8329801423249863,-0.27969609079756,-0.16162875852184783,-0.3639535866157418,-0.08864370591629663,-0.32084981616853203,-0.19516544429171995,-0.22885585567771652
3538303,Piquerobi,-0.5713052777266532,0.1395195251780084,-0.49282013691704374,-1.1261512470253308,0.03505106139993719,-0.7026618289518174,-0.4186188692697648,0.07683152655388678,0.012120309063366886,-0.3270285406806942,-0.213220723724394,-0.8697020496636673,-0.049502302950064817,-0.6000492903838542,-0.16355732082444194,0.8696693775784194,-0.031012124672937343,0.47431693011940274,0.10486568290916139,-0.21042373164548486,1.2495133115868113,-0.04714423566589192
3538501,Piquete,0.17593480818307128,-0.1040217051333725,-0.04253825607302783,-0.04079906040978127,-0.053769231938869955,0.12333428372215145,0.11511135258331075,0.16796004850406135,0.049994031563487036,-0.7167452329459215,-0.3600420645903322,0.22960006651870693,-0.3893246066291117,0.4138862690598676,0.16541682708365305,-0.27969609079756,-0.031012124672937343,-0.19626930613365307,0.29831703052621333,-0.21042373164548486,-0.19516544429171995,-0.41056747568954105
3538600,Piracaia,-0.041186381727171956,0.1820548547645492,-0.043818528691321315,-0.11432475875347375,-0.17761344132349727,0.07372634947563148,0.16653652108576947,0.07187535998669498,-0.004178082629517359,-0.340926860929743,-0.08767755253753155,0.23345325524205165,0.19570272299433158,-0.07084608172682363,-0.13328558399598378,-0.27969609079756,-0.031012124672937343,-0.3639535866157418,0.29831703052621333,0.3417729532466929,0.2864182189803885,-0.41056747568954105
3538709,Piracicaba,0.06906099067637948,-0.7549820328686537,0.2490691535699332,0.40024008315589615,-0.24982253431577553,0.3081158073366388,0.3023708005944963,-0.040415832875083255,0.2704654334828186,0.5722969008347254,0.3255965107432098,0.3493919587710753,0.6178514403244356,0.6162286723699115,0.3568858609458941,0.7054883847315013,0.49133687925853314,0.138998664380325,0.29831703052621333,-0.09996451598396681,-0.19516544429171995,-0.7740452346510878
3538808,Piraju,0.06710525392375578,0.11711617869904803,-0.04925023360994127,-0.00992256024093191,0.2768853751833573,0.0966738562080498,-0.16518836614611676,0.07020813541669538,0.07134378870446664,-0.20161517283121866,0.1300967305066065,0.19230115271986523,0.12520521268149487,0.4116627261663527,0.22469974692769082,-0.27969609079756,-0.2922062152160345,0.3066829448624137,0.10486568290916139,-0.32084981616853203,-0.19516544429171995,0.3163335232956547
3538907,Pirajuí,0.003317467207402213,-0.0301634584438793,-0.07015449936859092,-0.09713774225899316,0.2366947770296841,-0.23839060275142226,-0.1205881602593698,0.08161305231294241,0.23752135070371608,-0.2790718802263747,0.30182382091430493,0.08056587708335529,0.09786634495980552,-0.013033966495382056,-0.15723717543547416,-0.27969609079756,0.09956533202124931,-0.19626930613365307,0.10486568290916139,-0.32084981616853203,-0.19516544429171995,-0.04714423566589192
3539004,Pirangi,0.21450981002715075,0.07961133950458132,-0.07689864033083102,0.244833677067545,-0.09295445855937896,0.16346503354731365,0.18563114259149588,0.03928184302315775,0.1143241393756268,0.019914199282328078,0.08678910171042929,-0.11130371177784247,0.3304451283136382,0.00920146243978608,0.18417185206114373,0.048715154120052624,0.230142788715436,-0.19626930613365307,-0.6690557899758586,-0.32084981616853203,-0.19516544429171995,0.3163335232956547
3539103,Pirapora do Bom Jesus,0.2083285281935622,-0.048340890216979904,-0.30957223552888824,0.12451658659167739,0.27602661268550066,0.27730153629391585,0.25663605792540223,0.23066594051084854,0.14067343035992858,-0.18445982689292742,-0.678542526648888,0.16588048990932858,-0.4725745104329466,0.12037860711563307,0.31472853728171407,-0.27969609079756,-0.031012124672937343,-0.5315875718727309,-0.4755464011504005,0.5626582534312581,-0.19516544429171995,-0.22885585567771652
3539202,Pirapozinho,0.21189798050193792,0.11852267963210747,-0.010804408785445103,-0.06448948190268414,0.2149916075916583,-0.22950354356505823,-0.1423269610828296,-0.013805735667759467,0.17598868585056907,0.10450263758493769,0.21669240243205135,0.23796618890932922,0.21002756137220185,0.16707300787948742,0.26299339318648485,0.7054883847315013,-0.2922062152160345,-0.02863532087666403,0.10486568290916139,-0.21042373164548486,-0.19516544429171995,0.4980451433074793
3539301,Pirassununga,0.07913505598177048,-0.4618705523467693,0.15101669383459518,0.2883960786325275,0.12391145261130065,0.17635152922043398,0.17911524064767428,-0.28848806643405833,0.25479153083013595,0.14359969593432392,0.2905469852378266,0.12949009931531394,0.43367841479569297,0.46058066982372514,0.2957065511063616,-0.11551509795064197,-0.16162875852184783,-0.02863532087666403,0.10486568290916139,-0.32084981616853203,-0.19516544429171995,-0.7740452346510878
3539400,Piratininga,0.11224903364538259,-0.13475375645940013,0.22614711336898177,0.18306620335405058,0.05424253690904583,-0.16364702470222225,-0.056122172264592846,0.157540151940819,-0.1456638305386707,-0.4727245353294568,0.0454973463530179,-0.09573655924179943,0.6317076636496824,0.37163895408304626,0.02060234901272366,0.21289614696697068,-0.2922062152160345,0.138998664380325,0.29831703052621333,0.6730843379543053,0.7679296483147028,0.1346219032838301
3539509,Pitangueiras,0.2929221112518242,-0.1343749328846332,0.1647064103121894,0.15213841089236413,-0.23756428471242708,0.3055579357650122,0.16444707608613174,0.24211081590317773,0.03818462718322163,0.09118756112535949,0.25065117896479533,0.19807468697921551,-0.13520281149930574,-0.07974025330089278,0.30568440199442043,-0.27969609079756,-0.16162875852184783,-0.02863532087666403,-0.08864370591629663,-0.09996451598396681,-0.19516544429171995,0.1346219032838301
3539608,Planalto,0.15749775774856123,0.4872559147805344,-0.01517348114449145,0.008158169445134592,0.27739608036884594,0.049034403765515155,0.18454679976748123,-0.021870157844363185,0.1267729111648824,0.34303085029062874,-0.029756484719133655,-0.20602658237865953,0.020475001495134513,-0.6156140906384746,0.06023314816156414,-0.27969609079756,-0.2922062152160345,0.138998664380325,-0.4755464011504005,-0.32084981616853203,0.5271739336475457,0.3163335232956547
3539707,Platina,0.27253580332705374,0.060781908868954605,-0.22669911934967382,-0.03287550995593938,0.4147015799765833,-0.7026618289518174,-0.4186188692697648,0.48208215662918,0.0791991093717526,0.08019631286547703,0.1331575351767314,-0.21946956694682482,-0.21543721166920768,-0.31098871422665275,-0.09041868054737821,0.5413073918845833,-0.16162875852184783,0.47431693011940274,0.6852777669687232,-0.32084981616853203,-0.19516544429171995,-0.04714423566589192
3539806,Poá,0.18299911072299826,-0.1502074739184976,0.3740914032518875,0.6107621196069335,-0.1420357387299057,0.722322563174843,0.722072085419865,-0.16740905706648418,-0.13777421125779327,-0.062387517841471105,0.26317563789498405,0.34213770406489896,-0.01906503863869853,0.5561930142449519,0.418530196805555,0.3770771398138887,0.09956533202124931,-0.19626930613365307,0.29831703052621333,-0.32084981616853203,-0.19516544429171995,-0.7740452346510878
3539905,Poloni,0.29511901746471186,-0.1478249044071834,0.06250608640561704,-0.13287654053934125,-0.14364307618163985,-0.7026618289518174,0.0003634415739073203,0.12574451409250145,0.12341650045499486,-0.21981413451568121,0.20125240262853847,-0.27129984194557877,0.12520521268149487,-0.25317659899521433,0.16274725340491447,-0.27969609079756,-0.2922062152160345,0.138998664380325,0.29831703052621333,-0.32084981616853203,-0.19516544429171995,0.4980451433074793
3540002,Pompéia,-0.5713052777266532,-0.31660395343466186,-0.24822923893526985,-0.12078841592360169,-0.6800673464034279,-0.0243767456256014,-0.4186188692697648,-0.15620503602865732,0.3208015975488939,0.7152881315598144,0.30068696707885667,0.1679131973081098,0.6778360802427082,0.34940352514787815,0.25174383866819916,0.3770771398138887,-0.16162875852184783,0.47431693011940274,0.29831703052621333,0.12088765306212759,-0.19516544429171995,0.3163335232956547
3540101,Pongaí,-0.5713052777266532,0.294721086433405,-0.35289274333650644,-0.18921115332467256,0.3245311002373626,-0.042562689015500456,-0.4186188692697648,0.062343191306299936,0.26113381900865545,-0.19848086464018594,-0.023602215270242803,0.020010367221855535,0.12520521268149487,0.08480192081936279,-0.05748414293041826,1.0338996296491139,0.49133687925853314,-0.5315875718727309,0.10486568290916139,-0.32084981616853203,-0.19516544429171995,-0.592333614639263
3540200,Pontal,0.28387234536657624,-0.41682891525527677,-0.021475963492776765,0.25277673624660923,-0.5346353038156811,0.2266980179886408,0.03268598640858431,0.11368116126771297,0.2989644640521771,0.1316377089728095,0.3599863776107436,0.3467980240971601,-0.14119042800682668,-0.1575642545739844,0.35079662777821863,-0.11551509795064197,-0.16162875852184783,-0.19626930613365307,-0.6690557899758586,0.23134686872364563,-0.19516544429171995,-0.7740452346510878
3540259,Pontalinda,0.17550156000484168,-0.10476957900739989,-0.15276352898077378,-0.1275225848503029,0.6905292096205781,-0.7026618289518174,0.0583689254098489,0.47225695374294485,0.31286218806354626,-0.3021320047564125,-0.07059192322881294,-0.3003710214117867,-0.1337079423162046,-1.2204177576750819,-0.08864481749385097,0.21289614696697068,-0.2922062152160345,0.3066829448624137,-0.4755464011504005,-0.21042373164548486,0.2864182189803885,-0.04714423566589192
3540309,Pontes Gestal,0.34722801480000043,0.3043757951484859,0.07061994375463809,-0.08354754672837009,0.23535544869295194,-0.7026618289518174,-0.4186188692697648,-0.803595461116235,0.020273234341813638,0.21991643698859498,0.07602908706629079,-0.04425504001750616,0.11156975435542768,-0.7267912353143215,0.10145536518805862,-0.27969609079756,-0.16162875852184783,0.3066829448624137,-0.28209505353334857,0.3417729532466929,-0.19516544429171995,-0.04714423566589192
3540408,Populina,-0.5713052777266532,0.3806174558841514,-0.21411244320683503,-0.24661288456714073,0.10423412137052109,-0.22225494753579558,0.1972838816384306,-0.0017064723881177013,0.07041658075512452,-0.174815171136412,0.2631262194047806,-0.11046463852830905,-0.196693100764142,-0.6912145490180512,-0.11303543447984694,-0.27969609079756,-0.2922062152160345,-0.19626930613365307,-0.6690557899758586,-0.32084981616853203,0.2864182189803885,0.1346219032838301
3540507,Porangaba,-0.5713052777266532,0.19063091579751318,0.14712660208257516,-0.08092683889614982,-0.47731599055249074,0.12777315540863324,0.14599859648075258,-0.08245641491579311,0.010136131951145566,-0.3708342375582166,-0.6256302634500045,0.014340039641197518,-0.33519270513424676,-0.03971648121758634,-0.9081542909600394,-0.11551509795064197,0.09956533202124931,0.6419509153763917,0.4917683781432653,0.010461568539080387,0.5271739336475457,0.3163335232956547
3540606,Porto Feliz,0.014106187393882249,0.05212093845571947,-0.0006488587367187411,0.19776613301562074,-0.48364016097705115,0.20377658594012327,0.43609001867617403,-0.07759869247155884,0.4126166721111971,0.4586736505706618,0.029041263747887586,0.20629346545088534,0.12520521268149487,0.3560741538284292,-0.056011838819202894,1.0338996296491139,1.144302517038914,0.47431693011940274,0.6852777669687232,0.8939696381388703,-0.19516544429171995,0.1346219032838301
3540705,Porto Ferreira,0.22260508344850433,-0.4188512220115119,0.10557635295456674,0.2662886306249366,0.07466455359297214,0.30163837389559384,0.41542084605402385,0.0010830574344768455,0.4138586926738271,0.14191835862927094,0.31028442919009,0.291970440741543,0.3177925977337389,0.29159140991643656,0.3785540336895098,-0.27969609079756,0.7525309698016303,0.138998664380325,0.4917683781432653,0.6730843379543053,-0.19516544429171995,0.1346219032838301
3540754,Potim,0.7332783597114807,-0.09943564172748988,-0.2921559540333631,-0.023433306407083014,0.1086002985816148,0.12787107005874102,0.1265914859449721,0.6858299668899552,0.4133332929367388,-0.758481806210213,0.33736105631298596,0.35026875050627015,-0.7960929708801162,0.0892490066063958,-0.041847070429988684,-0.27969609079756,0.09956533202124931,-0.19626930613365307,0.29831703052621333,0.010461568539080387,0.5271739336475457,-0.592333614639263
3540804,Potirendaba,0.26205448128567826,0.12438040763188127,0.18088802262298592,0.06836061255140664,0.14456284503026567,-0.008269915716842612,-0.01914271538809898,0.1874421732919625,-0.07416664564803105,0.09648545272581098,0.14309487402537646,0.1673886613896569,0.26443795931461284,0.1737436365600385,0.15679915894264382,-0.27969609079756,-0.031012124672937343,0.47431693011940274,0.29831703052621333,0.3417729532466929,-0.19516544429171995,0.3163335232956547
3540853,Pracinha,-0.5713052777266532,-0.00450388125579453,-0.911677096556534,-1.1261512470253308,-0.423678639131171,-0.7026618289518174,-0.4186188692697648,0.15666897704700372,0.3992687407685045,-0.766295707477123,0.3290651366913154,0.18811874335184678,-0.14119042800682668,0.2493440949396152,-1.1204291763758016,0.048715154120052624,-0.16162875852184783,-0.02863532087666403,-0.28209505353334857,-0.21042373164548486,-0.19516544429171995,0.1346219032838301
3540903,Pradópolis,-0.032995303178415314,0.09203859679076472,-0.1317300753920405,0.16005920760966244,-0.10827513712386558,0.14165884367224146,0.42058492136838443,0.06053913989759603,-0.2820040846981288,0.4351695805729802,0.12886577335380128,-0.15139276814243394,0.09786634495980552,-0.12198756827771413,0.19979055435456883,-0.27969609079756,-0.2922062152160345,-0.19626930613365307,-0.28209505353334857,0.010461568539080387,-0.19516544429171995,0.1346219032838301
3541000,Praia Grande,0.10157855806812316,-0.09217165145771364,0.8730551965443938,0.5693319736669403,0.017205895130321423,0.7137825503414617,0.39239570005716484,0.03921971342388817,-0.0419504072592872,-0.308912208832396,0.3285723774844517,0.3427486803732306,0.09786634495980552,0.5450752997773678,0.41457607895842097,0.3770771398138887,0.6219143359527198,-0.3639535866157418,0.4917683781432653,0.7835104224773526,1.0087575969196543,0.4980451433074793
3541059,Pratânia,0.6785167564652614,0.2605005003760772,-0.10126235023217313,-0.19383812904322545,0.6317214309469867,0.014442364949348372,0.01575545346408224,0.3933856378329438,0.2624561015846655,0.016958407736502715,0.18322226667549943,0.1911336343605996,0.020475001495134513,-0.7490266642494896,-0.17829496643264833,-0.27969609079756,-0.2922062152160345,-0.5315875718727309,0.4917683781432653,-0.32084981616853203,-0.19516544429171995,0.1346219032838301
3541109,Presidente Alves,0.4205743340419488,0.23665730543818725,-0.21865612432520387,-0.22145958691978163,-0.030066152843653913,-0.205485278239163,0.07554461565089396,0.026285243954380942,-0.20456515389662167,-0.35250765397747535,0.0755815066977013,-0.07225505051621552,0.09786634495980552,-0.219823455592459,0.018299566353913454,0.5413073918845833,-0.2922062152160345,-0.5315875718727309,0.4917683781432653,-0.32084981616853203,0.5271739336475457,0.1346219032838301
3541208,Presidente Bernardes,-0.16887342653126725,-0.6338830046031033,-0.54282695349567,-0.2490881727198448,-0.1363727569328015,-0.3287494581747381,-0.4186188692697648,-0.803595461116235,0.2312852360673965,-0.5106802953914883,-0.33679709596033225,-0.8013874573676751,0.18795832738574572,0.14039049315728627,-0.577330775586149,0.048715154120052624,0.09956533202124931,-0.3639535866157418,0.4917683781432653,-0.32084981616853203,-0.19516544429171995,0.1346219032838301
3541307,Presidente Epitácio,0.21624552373381417,0.02174445075677458,0.25640160302308745,-0.022223714214972826,0.011589740358017308,-0.1633624548379827,-0.28760115978678324,0.06992018606877051,0.4511048842424631,-0.1668521476257837,0.13466693422767834,0.01335073113250647,-0.2533391670533752,0.06923712056474257,0.19053824244559125,0.048715154120052624,-0.2922062152160345,-0.19626930613365307,-0.28209505353334857,0.010461568539080387,-0.19516544429171995,-0.22885585567771652
3541406,Presidente Prudente,0.16566230437718532,-0.1724270407648778,0.2980232883133236,0.12825837528017672,0.2744328584031249,0.11827951912300472,-0.10970691842731385,0.0767362857873045,-0.03389955098405084,0.03946551133209094,0.3445913413130354,0.30711235994475633,0.4518557165000179,0.5984403292217764,0.34948087638747866,0.048715154120052624,0.6219143359527198,-0.3639535866157418,0.10486568290916139,1.0043957226619178,0.04559027037543724,0.4980451433074793
3541505,Presidente Venceslau,-0.21349797903326667,-0.03638068728833793,-0.4876478114841161,-0.17339097418548113,0.18813218374179053,-0.2613586808582061,-0.4186188692697648,-0.31692416921728894,0.38633436168409907,-0.324417525626095,0.26856542536695255,0.04675444101332605,0.43367841479569297,0.09814317818046495,0.25015405037001875,-0.27969609079756,0.6219143359527198,0.8096351958584805,0.4917683781432653,0.6730843379543053,-0.19516544429171995,0.3163335232956547
3541604,Promissão,0.06967802552294292,0.10350696277944828,0.2318719864868321,0.0962973567759603,-0.15825951433846241,0.07774116713298648,0.10709691341220992,0.10835137047971596,0.14036764089492632,0.5105270979858793,0.19552556871706217,-0.5616018604746642,-0.01906503863869853,0.33828581068029406,-0.024811957676643827,0.5413073918845833,-0.16162875852184783,-0.5315875718727309,0.29831703052621333,-0.21042373164548486,-0.19516544429171995,0.3163335232956547
3541653,Quadra,-0.5713052777266532,0.48016365136418143,-0.10033755245327605,0.08380330877430038,-0.6974961195524754,0.2993579675686764,0.5293093988901985,0.4374750538856587,-0.2467398041110459,0.1874966115254566,-1.9119146931838702,-0.13568419520787625,0.020475001495134513,-0.11086985381013006,-1.3226345391537835,-0.27969609079756,-0.2922062152160345,-0.5315875718727309,-0.28209505353334857,-0.32084981616853203,1.0087575969196543,0.3163335232956547
3541703,Quatá,0.3721714006419362,-0.3472785822632041,-0.23289427907174381,-0.38205346134703466,0.0785506530171616,-0.0645958361689614,-0.029436392539834575,-0.34686163763460903,-0.14024746041528088,0.4079944671910454,0.2670045541349933,0.13019852522914013,-0.26899278690399697,-0.41104814443491566,0.2677917478928791,1.3622616153429503,-0.031012124672937343,0.3066829448624137,0.29831703052621333,0.3417729532466929,0.04559027037543724,0.1346219032838301
3541802,Queiroz,-0.5713052777266532,0.2272838924276322,0.028702683421272916,0.09461007928048615,0.6800008049761059,-0.1784994639474841,-0.4186188692697648,0.07132961814938699,-0.09397113072586517,1.4520052532990835,0.03143453722984297,0.1652438560156,-0.09004451034504456,-0.4154952302219487,0.15648438493109496,0.21289614696697068,-0.2922062152160345,0.47431693011940274,0.29831703052621333,-0.32084981616853203,-0.19516544429171995,0.861522902269026
3541901,Queluz,0.5897796196107664,-0.03297066394332432,0.26415154597616347,-0.03165754589041944,0.40469033060207693,0.31259251939633487,0.3701002186807377,0.3947101407265432,0.17160243149731294,0.08367398795794694,-0.037365318835615016,0.19107785459808493,-0.7698195286490608,0.11815506422211498,0.12002666081003949,-0.27969609079756,-0.16162875852184783,-0.5315875718727309,-0.4755464011504005,0.010461568539080387,-0.19516544429171995,-0.592333614639263
3542008,Quintana,0.22119693706334745,0.30584472669360846,-0.44930060148171924,-0.1372400631809009,-0.392795942409951,-0.1934019632509923,-0.4186188692697648,0.04645455794877523,0.058090327392623264,0.06638306035920954,0.25778466008740064,-0.00879298730356948,0.12520521268149487,-0.05083419568517041,0.19280074026315921,0.7054883847315013,0.7525309698016303,0.3066829448624137,0.29831703052621333,1.0043957226619178,-0.19516544429171995,0.6798112822572013
3542107,Rafard,-0.04747581307640623,-0.39169465836335055,-0.286437540581642,0.29252368288659725,0.03670541258572328,-0.1009359071969825,0.42617545686342617,-0.803595461116235,-0.14794454588499348,0.24320970013012874,0.1638978991955811,0.3226864358382429,0.15451877714109866,0.1937555226016917,0.08677505387854591,-0.27969609079756,0.09956533202124931,0.138998664380325,-0.4755464011504005,-0.32084981616853203,0.04559027037543724,-0.22885585567771652
3542206,Rancharia,0.07638846806645627,-0.10357601798347323,0.19063150019621403,-0.09964697097380976,0.4397559102155862,-0.055450201377793926,-0.2532466218600536,-0.1088692247919458,0.10594865234310252,0.2779901197918271,0.12953947704408983,-0.1614067979553522,-0.14119042800682668,0.053672320310125504,0.11897838461939424,-0.27969609079756,-0.2922062152160345,-0.02863532087666403,-0.08864370591629663,0.010461568539080387,-0.19516544429171995,0.3163335232956547
3542305,Redenção da Serra,0.14710310522355577,-0.30309604819089137,0.12878032173052356,0.14063904179333708,-0.23615155379016806,0.2379551327762603,-0.4186188692697648,-0.03301962141954881,-0.5777465136436198,-0.43143257073949826,-1.6936529799897089,-0.2964571911369071,-1.0159418289342137,-0.6133905477449565,-1.0308997991326148,-0.27969609079756,-0.2922062152160345,-0.3639535866157418,-0.08864370591629663,-0.32084981616853203,0.04559027037543724,-0.7740452346510878
3542404,Regente Feijó,0.1147309567125351,-0.04441401924335725,-0.012613656189596362,-0.05066414933136579,0.3873647156687768,-0.05970956413844597,-0.4186188692697648,0.003935943385654629,0.019635284921290626,0.2171354040066409,0.23328773064527564,0.15182207705711787,0.12520521268149487,0.1692965507730055,0.18994026636997371,-0.11551509795064197,-0.2922062152160345,0.138998664380325,-0.6690557899758586,-0.32084981616853203,-0.19516544429171995,0.6798112822572013
3542503,Reginópolis,0.19742491641159948,0.22803031520591033,-0.5731333193997347,-0.42499378067905874,0.07302111623246577,-0.33866112519836294,-0.4186188692697648,0.332203031114739,0.013014254931768044,-0.22945454041572907,0.23722517660985493,0.021242539861380846,0.3177925977337389,-0.32210642869423683,-0.5765984171496582,-0.27969609079756,-0.2922062152160345,0.138998664380325,0.10486568290916139,-0.21042373164548486,-0.19516544429171995,-0.04714423566589192
3542602,Registro,0.18137489870836992,0.17950644488240614,0.24967963635877072,0.07370728166138674,0.022671076721996773,0.18349525309727457,0.0621202446721527,0.2127875206785184,0.2119488657383201,0.0065067958433950935,0.15922428463499086,0.09247913642147056,-0.22572006525570035,0.33828581068029406,0.0238952609935771,-0.11551509795064197,-0.16162875852184783,-0.5315875718727309,0.29831703052621333,0.45219903776974,0.04559027037543724,-0.22885585567771652
3542701,Restinga,0.25426214815199166,-0.21585557036971104,0.25135654028744375,0.13340611767096366,0.41177438702797453,0.16423452625645696,-0.023718280263408238,0.0819208100194253,-0.2235142593328419,0.014877619179387219,-0.11323412068986914,0.10670425642287293,-0.40165255064045513,0.10703734975453094,-0.12287342449989513,0.21289614696697068,-0.2922062152160345,-0.19626930613365307,-0.8625071375929104,-0.32084981616853203,-0.19516544429171995,-0.22885585567771652
3542800,Ribeira,0.2620217054212073,0.5294096893449554,-0.5391153006563484,-0.043044472107982464,-0.3218507749507722,-0.7026618289518174,-0.4186188692697648,0.09024383004578647,-0.07420331260557361,-0.6581744415122721,-1.364752805105754,-0.29770010826868837,-1.0022441079844535,-0.8157329510549972,-1.0480582445400053,-0.27969609079756,-0.2922062152160345,-0.5315875718727309,-0.08864370591629663,-0.32084981616853203,0.04559027037543724,0.3163335232956547
3542909,Ribeirão Bonito,0.09281059846322681,0.14556424155501352,-0.06882398780278856,0.19555807920006596,-0.002958749730519108,0.1365514914639823,0.28274855630781087,0.0391927045769009,-0.04243816847153135,-0.040704045663085255,0.2954838384957654,0.18825984330545611,-0.09986817167085085,-0.38881271549974755,0.19560469578396708,-0.27969609079756,-0.2922062152160345,-0.02863532087666403,-0.08864370591629663,-0.32084981616853203,-0.19516544429171995,-0.7740452346510878
3543006,Ribeirão Branco,0.13932758848799817,0.3778683509738577,-0.3614588399383811,-0.025687375811455096,-0.07166194263199158,0.061154589996835956,0.03526449997229551,0.09140610341895206,-0.3530618399382748,-0.24725954070033293,-1.024466324294012,-0.3923032669723899,-1.0383471884457578,-0.8779921520734718,-1.037120540070758,-0.27969609079756,-0.2922062152160345,-0.5315875718727309,-0.28209505353334857,-0.32084981616853203,-0.19516544429171995,-0.04714423566589192
3543105,Ribeirão Corrente,-0.5713052777266532,0.4152311580135014,0.19282144472372612,-0.008494489222428703,-0.13776810154422386,-0.7026618289518174,0.036335366713359574,-0.803595461116235,0.19040936552285584,0.18218922119284353,-0.1997720095537757,0.057729359832891396,-0.3811365753843546,-0.4621896309858062,-0.12316080901991829,-0.27969609079756,-0.2922062152160345,0.3066829448624137,0.10486568290916139,-0.21042373164548486,-0.19516544429171995,-0.22885585567771652
3543204,Ribeirão do Sul,-0.5713052777266532,-0.32033700961268513,-0.24900566491650292,-0.1655510573055941,-0.08550293741433287,-0.7026618289518174,-0.4186188692697648,0.18604368555622003,-0.16292022155106367,0.28144913011456635,-0.09078701274293523,-0.11307126119315503,-0.09168752867336635,-0.3332241431618241,-0.22000529742541233,-0.27969609079756,-0.2922062152160345,0.3066829448624137,-0.28209505353334857,-0.32084981616853203,-0.19516544429171995,-0.22885585567771652
3543238,Ribeirão dos Índios,-0.5713052777266532,-0.09139207217218011,-0.7873166651053976,-1.1261512470253308,-0.4599706077440271,-0.7026618289518174,-0.4186188692697648,0.2386342412964818,-0.3030957385877196,-0.39926077438584445,-0.030476431170696525,-0.1162440281471987,-0.01906503863869853,-0.7067793492726683,0.0049033614045218355,-0.11551509795064197,-0.2922062152160345,0.3066829448624137,0.29831703052621333,-0.32084981616853203,-0.19516544429171995,0.3163335232956547
3543253,Ribeirão Grande,0.0037207510173671646,-0.050812032592794966,-0.5055908682445311,-0.41636499495015544,-0.5640720828669945,-0.12136339083199099,-0.051347998843427695,-0.18681373158345965,-0.7387317653237546,-0.7715216983603443,-1.0703492554846763,-0.22427478443428325,-0.5083052685088582,-0.7401324926754237,-1.4529225199264224,-0.27969609079756,-0.2922062152160345,-0.5315875718727309,0.10486568290916139,-0.32084981616853203,0.04559027037543724,-0.22885585567771652
3543303,Ribeirão Pires,0.07232370949812128,-0.1597000598703976,-0.09441336587124739,0.4439316405607928,-0.29571702523005305,0.43936153610181017,0.5524297295769507,0.037246649151854085,-0.43916348300459607,-0.10684546623417238,0.11065059167229872,0.3384782084368342,0.14328127970929358,0.5183927850551667,0.3723827465894635,-0.11551509795064197,0.49133687925853314,-0.02863532087666403,-0.08864370591629663,0.010461568539080387,1.0087575969196543,-0.592333614639263
3543402,Ribeirão Preto,0.03874547557995095,-0.17404776075549305,0.5376423544801863,0.5062992590749431,-0.1751533732578277,0.49551961238991443,0.3728986897821716,-0.04118179487827065,0.12576006204190832,0.31624359067555247,0.3342227840798037,0.35566590895054123,0.7110111557532727,0.6896055878559703,0.4125733541917385,0.3770771398138887,0.36075942256434645,0.47431693011940274,0.29831703052621333,0.45219903776974,-0.19516544429171995,0.4980451433074793
3543501,Riversul,-0.5713052777266532,0.16563080822022797,-0.08743127720986879,-0.5255291537395803,0.13683464748146917,-0.061123109668702574,0.0019708574557903737,0.12865559297636803,-0.6443410941272317,-0.601259720478003,-0.5299238400531073,-0.5916190258148374,-0.988614281841028,-0.775709178971694,-0.36278877448616514,0.21289614696697068,0.36075942256434645,0.138998664380325,0.4917683781432653,0.12088765306212759,-0.19516544429171995,0.1346219032838301
3543600,Rifaina,0.3950731970833206,0.43483869777662526,0.7139924708198833,0.26996910956745435,0.7253640673296343,0.06362580878395005,-0.4186188692697648,0.23295689874550887,0.15089256040632704,0.13013479794097943,0.29301603154491473,0.2540342298585906,0.1731390596025099,0.13371986447673523,0.062289631955756625,-0.27969609079756,0.7525309698016303,-0.3639535866157418,0.6852777669687232,-0.32084981616853203,-0.19516544429171995,0.3163335232956547
3543709,Rincão,-0.04782706841408097,-0.21905368302027073,0.3519600858484509,0.00021013374749272114,-0.23958406411638716,0.191630935481579,0.04183511499120271,0.3947486093951118,0.19115027240892113,-0.16181705904062477,0.1064596760943373,0.1894409311666059,0.020475001495134513,-0.17535259772211953,-0.10813361883406444,-0.27969609079756,-0.2922062152160345,0.3066829448624137,-0.28209505353334857,0.12088765306212759,-0.19516544429171995,0.1346219032838301
3543808,Rinópolis,0.1427553660243081,-0.16155768677886073,-0.24083398256754662,-0.27911032206307,-0.3599906399829237,-0.02193020320973705,-0.08817715863999084,-0.03768307310490403,-0.18203145631548948,0.08831717581463111,0.15630184279624243,-0.36591847466115845,-0.19160085524481885,-0.1820232264026706,-0.09377899100132563,-0.27969609079756,-0.2922062152160345,-0.5315875718727309,0.29831703052621333,-0.21042373164548486,0.7679296483147028,0.3163335232956547
3543907,Rio Claro,0.3417330728502999,-0.24181506384222462,0.29045755799210105,0.44691384904402615,-0.1391533310374483,0.36097286440171567,0.45546279128086276,0.0695837502347079,0.3159108268071344,0.3373715570118097,0.32183466838189856,0.3257609011128163,0.6492629127225573,0.5739813573930902,0.381450556946157,0.7054883847315013,0.6219143359527198,-0.19626930613365307,-0.8625071375929104,-0.32084981616853203,-0.19516544429171995,0.1346219032838301
3544004,Rio das Pedras,0.18749465921263822,-0.19239151140758592,0.10470021820617317,0.14614369982755343,-0.06298555807092522,0.1229600968991851,0.32129319566617043,0.010304978307384527,-0.15120151716998034,0.21990731027858398,0.3162220802097962,0.22719595630490133,0.21002756137220185,0.3894272972311814,0.3061384182779371,-0.27969609079756,-0.2922062152160345,-0.3639535866157418,-0.6690557899758586,-0.32084981616853203,-0.19516544429171995,-0.7740452346510878
3544103,Rio Grande da Serra,0.12089324171849637,0.06769138712652104,-0.1345411914983167,0.18871387653109364,-0.1326438604359279,0.3145604420006747,0.22680956577570735,-0.02744213390861976,0.2944693484997612,-0.45268302624705903,-0.11844692118711446,0.2647073183105257,-0.40302574007952585,0.2093203228563119,0.22591151889363298,-0.27969609079756,-0.2922062152160345,-0.3639535866157418,-0.28209505353334857,0.010461568539080387,-0.19516544429171995,-0.7740452346510878
3544202,Riolândia,0.39328829038859886,-0.007376622243826805,0.12396259758214759,-0.3111672074618279,0.1936680796078262,-0.08281650639405011,-0.4186188692697648,0.23104238047469297,0.3529498067728154,-0.1730934145495694,0.15039186175599115,0.11303352098375245,-0.6977882316799064,-0.5022134030691094,-0.4709430884689322,-0.27969609079756,-0.2922062152160345,-0.19626930613365307,-0.4755464011504005,-0.32084981616853203,-0.19516544429171995,-0.41056747568954105
3544251,Rosana,0.16231675536634158,0.32870079615444436,0.04537260119753944,-0.07378604771662524,0.19878030173858718,-0.18751381058076072,-0.4186188692697648,0.11709409165870811,-0.14635226596677994,0.46847660102734356,-0.29096328805995403,-0.963136813946524,0.09786634495980552,-0.14867008299991527,-0.22699046163981554,0.8696693775784194,-0.16162875852184783,-0.5315875718727309,-0.4755464011504005,0.6730843379543053,-0.19516544429171995,0.3163335232956547
3544301,Roseira,0.43278541174371843,-0.6025602307674198,0.20338729509986977,-0.029396772676777847,0.09504241390375913,0.23739752139749684,0.2824469214098287,0.415185430775499,0.10385030922041961,-0.11123547203092189,0.24759819068224834,0.18550294569662015,-0.3251605459053995,0.42278044063393677,0.21377936983896575,-0.27969609079756,-0.2922062152160345,-0.3639535866157418,0.29831703052621333,-0.32084981616853203,-0.19516544429171995,0.1346219032838301
3544400,Rubiácea,0.30716221036675817,-1.985981870557469,-0.2208519413998396,-0.32490258668147104,-0.008679030459551745,-0.13816090181240662,-0.4186188692697648,-0.803595461116235,-0.4031546960117026,-0.2811151373279755,0.04400029772671469,0.10958083257384796,-0.40302574007952585,-0.6156140906384746,0.07014600345159983,-0.27969609079756,-0.2922062152160345,-0.5315875718727309,0.29831703052621333,-0.32084981616853203,0.04559027037543724,-0.22885585567771652
3544509,Rubinéia,0.19269817045317741,0.042018247372374064,-0.14746934083780383,-0.024148486804930168,0.22620821543028197,-0.2117151966851476,-0.4186188692697648,0.015886344197191454,-0.1524231479710928,0.037933593702697804,0.3634219617129817,0.15503283084555308,0.12520521268149487,0.19153197970817362,0.08948706322732397,-0.27969609079756,-0.16162875852184783,-0.5315875718727309,-0.4755464011504005,-0.32084981616853203,-0.19516544429171995,0.1346219032838301
3544608,Sabino,0.11223006987261494,0.36361546027176683,0.649192492462175,-0.1903821694642093,0.7256521798994827,0.16459058877890165,-0.4186188692697648,0.39750079617353673,-0.03487589136633266,-0.21500291779993605,0.27610465846870386,-0.0951805974105219,0.09786634495980552,-0.10419922512957899,0.1080346504552977,0.3770771398138887,0.49133687925853314,-0.02863532087666403,0.29831703052621333,-0.32084981616853203,-0.19516544429171995,-0.41056747568954105
3544707,Sagres,-0.5713052777266532,-0.5544436068610538,-0.8364087734012964,-1.1261512470253308,0.3099205714220399,-0.7026618289518174,-0.4186188692697648,0.16728462450953857,-0.6069638722677883,-0.3674614668044656,-0.07482907006588159,-0.3391127419724993,-0.29177085303002814,-0.8312977513096175,-0.2241315400420716,0.3770771398138887,0.36075942256434645,0.47431693011940274,0.29831703052621333,-0.09996451598396681,0.2864182189803885,0.3163335232956547
3544806,Sales,0.2485778707135135,0.23445277458918268,0.08527891137905293,0.12781192948160655,0.5533769725263801,-0.09368631219101899,-0.4186188692697648,-0.14600963229159866,0.44477586327652335,-0.11719990266639863,0.2589148499632889,0.024409322075819258,0.09786634495980552,-0.29097682818499954,0.19659588411058787,-0.27969609079756,-0.2922062152160345,0.138998664380325,0.10486568290916139,-0.32084981616853203,0.04559027037543724,0.3163335232956547
3544905,Sales Oliveira,0.07807572677715008,-0.06443159073580927,0.045371449974467626,0.00623995353128418,-0.26914772663140674,-0.007647539666379592,0.41847807784924124,-0.3097618044701376,0.044148218980588086,-0.0267522718825268,0.19609115143932404,0.13343785879097966,0.3873520944988505,0.4450158695691049,0.26112593607505397,-0.11551509795064197,-0.2922062152160345,0.138998664380325,-0.08864370591629663,-0.21042373164548486,-0.19516544429171995,0.1346219032838301
3545001,Salesópolis,0.32799232613470863,0.08337990264849751,0.12062362126941717,-0.07772701251476577,0.08903242833104583,0.15765613953124466,0.11916324753088077,-0.06717201410348723,-0.4781346125194271,-0.6340282228074283,-0.5875096588696701,-0.5762582002934765,-0.40302574007952585,-0.17979968350915254,-0.7038180897272861,-0.11551509795064197,-0.2922062152160345,-0.5315875718727309,0.4917683781432653,-0.21042373164548486,-0.19516544429171995,-0.7740452346510878
3545100,Salmourão,-0.5713052777266532,0.10962796064470967,-0.49161338585576614,-0.4864903450032175,0.20679450682914208,-0.11464277401013725,-0.4186188692697648,0.3177451797449856,-0.08389133515700528,-0.5201501599189094,0.2200732159778644,0.12541564305549313,-0.3756914017345751,-1.1025699843186838,0.16785488536688675,-0.11551509795064197,-0.2922062152160345,-0.02863532087666403,0.10486568290916139,-0.32084981616853203,0.5271739336475457,-0.04714423566589192
3545159,Saltinho,-0.023952048836063587,-0.34707167726891647,-0.0382325627282878,0.0824104292801533,-0.5400673542114212,0.001425257674629102,0.3888832507010183,-0.21649600073550773,-0.5456143967449376,0.1340219305065276,-0.08173481463070797,0.3350594861893239,0.6178514403244356,0.680711416281901,0.09707642375707894,0.3770771398138887,0.09956533202124931,0.8096351958584805,0.4917683781432653,0.45219903776974,1.4902690262539684,0.6798112822572013
3545209,Salto,-0.0535050973831425,-0.16070352618182382,-0.02566804004754155,0.15523208723119486,-0.7666288797421804,0.15628561013746653,0.15350162789339117,-0.006419269257614179,0.09336308858034982,0.416221241595422,0.30849907782034597,0.34796333878554947,0.5214245970634277,0.569534271606054,0.3877631623698015,0.5413073918845833,0.230142788715436,-0.02863532087666403,-0.28209505353334857,0.010461568539080387,-0.19516544429171995,-0.22885585567771652
3545308,Salto de Pirapora,0.08744592987469155,0.04275266063847227,0.052639539751164297,0.13941285640790815,-0.3539273545626958,0.24894773495263428,0.13667129852374277,0.12893923646718755,0.1267408018441824,0.2215192832472694,-0.03528673270483276,0.294195322905061,0.09786634495980552,0.4005450116987686,0.19645865674528434,0.048715154120052624,-0.031012124672937343,0.3066829448624137,0.10486568290916139,0.3417729532466929,0.04559027037543724,0.3163335232956547
3545407,Salto Grande,-0.5713052777266532,0.14048271424935702,0.4820214495403422,0.17700131915768386,0.1519706378994175,0.14543610509011456,0.11971637941540461,0.10046574408378722,0.24138424180095996,-0.07022006782252439,-0.3940666157994803,0.026547512156633455,-0.3576092979321145,-0.47108380255987214,0.2303689558821306,-0.27969609079756,-0.16162875852184783,-0.3639535866157418,-0.08864370591629663,-0.32084981616853203,-0.19516544429171995,-0.04714423566589192
3545506,Sandovalina,0.4327272039415924,-0.18901380394376968,0.02280116819753008,0.1672003645390642,0.5365850230532135,-0.19807257627793654,-0.4186188692697648,-0.803595461116235,-0.26855733289471,0.7210507260692484,-0.6526457127101964,-1.3745077030129782,-0.40302574007952585,-0.07529316751385663,-0.5387853223211275,0.5413073918845833,-0.16162875852184783,-0.19626930613365307,0.4917683781432653,-0.32084981616853203,0.04559027037543724,-0.41056747568954105
3545605,Santa Adélia,0.021570257528653332,-0.1260096761705075,0.04814325567675959,-0.2825553456601654,0.18580410243674456,0.017733738627429302,0.0351906642900881,-0.361930064107587,0.20631569219044466,-0.1324839941961825,0.23523411721420726,0.15139388505107876,0.06284229239303929,0.17152009366652357,0.2845196711113629,-0.27969609079756,0.09956533202124931,0.47431693011940274,-0.28209505353334857,0.7835104224773526,-0.19516544429171995,0.4980451433074793
3545704,Santa Albertina,0.25183245831661366,0.08781851683175165,-0.5637699716554523,-0.5642493585843937,-0.09118008533101354,-0.09153038755077166,-0.4186188692697648,0.07931468747195403,-0.14897632001202904,0.06032032158636626,0.002873207814934786,0.005531435925459711,0.09786634495980552,-0.44884837362470403,0.03413068294904119,0.21289614696697068,-0.2922062152160345,-0.5315875718727309,0.4917683781432653,-0.32084981616853203,-0.19516544429171995,0.4980451433074793
3545803,Santa Bárbara d'Oeste,-0.14774918181955432,-0.5690696553182006,0.06575024909935066,0.5916591967020346,-0.554627118962767,0.2634443320555957,0.2877085339734809,-0.11181404417147345,0.35538177737173965,0.14400622547526273,0.3554041934150078,0.3656421975163955,0.7110111557532727,0.569534271606054,0.40687199368851884,0.8696693775784194,0.7525309698016303,0.47431693011940274,-0.6690557899758586,0.3417729532466929,1.0087575969196543,-0.22885585567771652
3546009,Santa Branca,0.35338898808154395,-0.051485584692567435,0.21694353129525423,0.20066678325766202,-0.12246581099718735,0.017600164790790553,0.13516375199845065,0.24112227624970486,-0.06067788455214823,-0.46953194678113735,-0.3889341228693803,0.20381014470313447,-0.1578998075595066,0.031436891374954215,-0.050843833505880655,-0.27969609079756,-0.2922062152160345,-0.19626930613365307,0.4917683781432653,-0.32084981616853203,-0.19516544429171995,-0.592333614639263
3546108,Santa Clara d'Oeste,-0.5713052777266532,0.13152229976182747,-0.2892103107992257,-0.318109487856147,0.3514726067871488,-0.7026618289518174,-0.4186188692697648,-0.803595461116235,-0.6269290186467579,0.026340966720309066,0.3656948678868301,-0.18144455621650338,0.11156975435542768,-0.25762368478224734,-0.25735333276937655,0.048715154120052624,-0.2922062152160345,0.138998664380325,-0.4755464011504005,-0.32084981616853203,-0.19516544429171995,0.1346219032838301
3546207,Santa Cruz da Conceição,-0.5713052777266532,-0.27480959406612654,0.13104247704722366,0.22577261699966125,0.19427542375142418,0.24980438089680546,0.33277537533573137,-0.803595461116235,-0.7836827371068422,-0.018563191300004618,-0.17822933572253802,-0.1165436027093833,0.3701316691315488,0.3204974675321589,-0.16479528059457918,-0.11551509795064197,-0.16162875852184783,-0.02863532087666403,0.10486568290916139,-0.32084981616853203,-0.19516544429171995,0.3163335232956547
3546256,Santa Cruz da Esperança,-0.5713052777266532,0.24465759321917915,-0.1058182173354672,0.1602890634768562,-0.21614268293719302,-0.08973112470534206,0.3347650805514465,-0.803595461116235,-0.5564400151198994,-0.002474270933135518,0.26279068015289714,-0.4417500878386671,-0.2243553751939961,0.18263780813410765,-0.32938148949730545,-0.27969609079756,-0.031012124672937343,-0.3639535866157418,0.10486568290916139,-0.32084981616853203,-0.19516544429171995,0.1346219032838301
3546306,Santa Cruz das Palmeiras,0.39048932010592463,-0.18783542601692838,-0.1831682296215597,0.10108645380896132,-0.15410738688567663,0.2202842565859451,0.2098369688638493,0.351856815271598,0.6374091613985462,-0.42435929190719796,0.3089304615477788,0.23755831319922585,0.12520521268149487,-0.16201134036101741,0.3523928905566147,-0.27969609079756,0.230142788715436,-0.19626930613365307,0.29831703052621333,0.010461568539080387,0.7679296483147028,-0.04714423566589192
3546405,Santa Cruz do Rio Pardo,-0.009689143663508572,-0.07621637334855205,0.24796300445365962,0.03770321456465946,0.1382298114827544,0.07329515246103152,-0.09138094424927874,0.13092843986227942,0.19854050531705916,0.49042508419382635,0.15766044705251792,0.18479090972268267,0.3873520944988505,0.36941541118953136,0.21434995514667757,0.048715154120052624,-0.16162875852184783,0.3066829448624137,0.29831703052621333,0.3417729532466929,0.5271739336475457,0.3163335232956547
3546504,Santa Ernestina,0.39409737590233185,-0.10160436076324442,-0.2806595430558021,0.2595766766161278,-0.5056992683396363,0.12432399677627666,0.5998204533260322,-0.1290481211326977,0.1575369897896175,-0.49488923645202826,0.3465368284025262,0.26957825313914413,0.12520521268149487,0.060342948990676576,0.3065778368345758,-0.27969609079756,-0.2922062152160345,0.3066829448624137,0.29831703052621333,-0.32084981616853203,-0.19516544429171995,-0.41056747568954105
3546603,Santa Fé do Sul,0.01694248089997419,-0.11106065168139656,0.2270775512504446,0.06580822921006461,0.1168099517621194,0.0827866415763101,-0.1908559250560911,0.10735576803240979,0.11033344848720025,0.11774847351578728,0.26233911842864216,0.19930000132886813,0.5292644079179553,0.3116032959580898,0.32586692811550416,-0.27969609079756,-0.2922062152160345,-0.19626930613365307,0.29831703052621333,0.12088765306212759,-0.19516544429171995,-0.22885585567771652
3546702,Santa Gertrudes,0.18866879686312157,-0.20388051734914897,-0.1922734568119317,0.4265339580977755,-0.281348711705367,0.20558780491538203,0.3010786671179625,-0.04731108379920862,0.13451940577967564,0.8581432725904731,0.336722705563242,0.3322919185271085,0.24642775033879,0.43167461220800596,0.3887486839862646,-0.27969609079756,-0.2922062152160345,-0.3639535866157418,0.4917683781432653,0.23134686872364563,-0.19516544429171995,0.3163335232956547
3546801,Santa Isabel,0.06649060652725187,-0.030190376450249877,-0.07861053882159148,0.25602114883774885,-0.21233410483555004,0.31758152642173765,0.5005362249015685,-0.11948582274345187,-0.059201815071971566,-0.08382016385668849,-0.8248611529439673,0.20209460334870755,-0.22572006525570035,-0.06195191015275764,-0.21818649987363717,-0.27969609079756,-0.031012124672937343,-0.3639535866157418,-0.28209505353334857,-0.32084981616853203,-0.19516544429171995,-0.41056747568954105
3546900,Santa Lúcia,-0.5713052777266532,0.27244353629164714,0.006009136706135034,0.041557932607844995,-0.4241196499037414,0.09486115999325989,0.08875489146335015,0.04847011462967705,0.24638583910060452,-0.4503028589641216,0.34945508134213654,0.17001606850793718,0.04002214653218157,-0.22649408427301004,0.34335861166193327,0.3770771398138887,-0.16162875852184783,-0.3639535866157418,0.10486568290916139,0.12088765306212759,-0.19516544429171995,-0.592333614639263
3547007,Santa Maria da Serra,0.44668807427838036,-0.11159874942907658,-0.19741222721316437,-0.04516884556544746,0.5960620784586582,0.058918936229885234,0.14872953526704785,0.5323953028014928,0.2148373431869624,-0.17618740803098976,0.24892434331363592,0.14753714676993607,0.09786634495980552,-0.32655351448127296,0.1951329226006145,0.5413073918845833,0.230142788715436,-0.02863532087666403,-0.28209505353334857,0.3417729532466929,-0.19516544429171995,-0.592333614639263
3547106,Santa Mercedes,-0.5713052777266532,-0.0818396880889609,-0.4250219905876951,-0.3518871574269393,-0.04665129173577785,-0.7026618289518174,-0.4186188692697648,-0.803595461116235,-0.12028094687784764,-0.28253577643805455,0.16005210085934468,-0.008503307938938116,-0.1337079423162046,-0.25762368478224734,0.12210174749044313,0.7054883847315013,0.36075942256434645,0.3066829448624137,0.4917683781432653,0.23134686872364563,0.2864182189803885,0.6798112822572013
3547205,Santana da Ponte Pensa,-0.5713052777266532,-1.985981870557469,-0.043653493967892906,-0.1851464565313972,-0.056543313556663484,-0.7026618289518174,0.3858860190766613,0.30301356376919947,-0.47563335544913665,-0.2564200712042841,-0.11478277138651662,-0.891074626564371,0.12520521268149487,-0.5333430035783467,-0.40446770738531296,-0.27969609079756,-0.2922062152160345,0.138998664380325,0.10486568290916139,-0.32084981616853203,-0.19516544429171995,-0.04714423566589192
3547304,Santana de Parnaíba,-0.147825791651431,-0.0712455464028051,-0.17208301865038725,0.12772453005438208,-0.12736219611982788,0.25671914532918916,0.2301076878486329,-0.1930534209282438,-0.17980600017344808,0.4707803375819257,-0.15802046520597873,0.3567723898204968,0.7110111557532727,0.4805925558653783,0.3970496008154014,0.5413073918845833,1.0136858831900037,0.47431693011940274,0.6852777669687232,1.0043957226619178,0.5271739336475457,0.861522902269026
3547403,Santa Rita d'Oeste,0.5244230872135573,-0.6054666264319057,-0.6970457945803936,-0.32998921001955295,-0.7415570976135776,-0.7026618289518174,-0.4186188692697648,-0.803595461116235,-1.5463816862554112,-0.16408683850870184,-0.17613560460307276,-0.6760669576417672,0.09786634495980552,-0.5333430035783467,-0.2938909558269209,-0.27969609079756,-0.16162875852184783,0.47431693011940274,-0.08864370591629663,-0.32084981616853203,-0.19516544429171995,0.3163335232956547
3547502,Santa Rita do Passa Quatro,-0.2829675573626431,0.12520650262267996,0.264269815371144,0.06565758682061427,-0.22737956964788708,0.10297435942037328,0.13929948859435562,-0.12949060396984666,0.03532602572634853,-0.129829713939858,0.2102012252074398,0.08428771135124845,0.3177925977337389,0.3627447825089803,0.18921848856647344,0.5413073918845833,0.7525309698016303,0.6419509153763917,0.29831703052621333,0.5626582534312581,-0.19516544429171995,-0.22885585567771652
3547601,Santa Rosa de Viterbo,0.13854038634787721,-0.1434877611929671,0.06330881005957802,-0.09360385070381286,0.0776428934337347,-0.13025249736954478,-0.05907355064900142,0.016780425418649658,0.008552770067642539,0.009948280569739669,0.3453555762187013,0.2574737445341503,0.09786634495980552,0.3938743830182176,0.31884354035604484,0.21289614696697068,-0.2922062152160345,0.47431693011940274,0.29831703052621333,0.45219903776974,-0.19516544429171995,-0.22885585567771652
3547650,Santa Salete,-0.5713052777266532,0.00984644460113023,-0.4860850000237027,-1.1261512470253308,-0.10953435416277343,-0.038220622969340624,-0.4186188692697648,-0.803595461116235,-1.5463816862554112,-0.13673484850403525,-0.43366323160481673,-0.4412021593350911,0.3873520944988505,0.022542719800888227,-0.4744303352678875,-0.27969609079756,-0.2922062152160345,-0.5315875718727309,0.29831703052621333,-0.32084981616853203,1.4902690262539684,0.3163335232956547
3547700,Santo Anastácio,0.06888469194065074,-0.6426976049532476,-0.6060467545400264,-0.3072340879468021,-0.11335391609933712,-0.19321040046731652,-0.4186188692697648,-0.025986060170831285,0.40478573378479454,-0.22350128254853588,0.2458264510322017,-0.002566109720593858,0.09786634495980552,0.2426734662590641,0.2203089947241174,0.048715154120052624,-0.2922062152160345,0.47431693011940274,0.10486568290916139,-0.32084981616853203,-0.19516544429171995,-0.04714423566589192
3547809,Santo André,0.02245461017888802,-0.3825623096829818,0.5170691490807369,0.8202672124135597,-0.524201081434515,0.748170954675385,0.6909659813574618,-0.122854613006182,-0.4014811332013215,0.005433543306412706,0.2795568389419916,0.36437970351705357,0.9309726117326669,0.6984997594300362,0.42082155959379547,0.8696693775784194,0.8831084264958169,0.138998664380325,-0.6690557899758586,0.5626582534312581,0.2864182189803885,-0.41056747568954105
3547908,Santo Antônio da Alegria,0.45447495767969653,0.556861789885722,0.15613588471100298,-0.0696365357417889,0.5288144793080994,0.17108993406518558,0.09612965486162824,-0.15971597964851625,0.24905877021902903,-0.10539808266459655,-0.25817344514255836,0.08985475866803753,-0.01906503863869853,0.17596717945355658,-0.17508997921402455,0.5413073918845833,-0.031012124672937343,-0.3639535866157418,-0.4755464011504005,-0.32084981616853203,-0.19516544429171995,-0.22885585567771652
3548005,Santo Antônio de Posse,0.4104920782995005,-0.3190186755683295,-0.08193237770839623,0.33217458446974757,0.11220292899102474,0.14184697308757727,0.5053237084033955,0.326951594822806,0.24454883162518995,0.4877671653193003,0.2660417495782161,0.28953164992877456,0.09786634495980552,0.31382683885160784,0.21509904431063873,-0.27969609079756,-0.2922062152160345,-0.5315875718727309,-0.4755464011504005,0.010461568539080387,-0.19516544429171995,-0.592333614639263
3548054,Santo Antônio do Aracanguá,0.2942382635077296,0.051460623642133996,0.23926673588190733,-0.45071460306513056,-0.0668604130549423,-0.2267988033888979,-0.0730607573998737,-0.009291018146976663,-0.24226135940833737,-0.04436037188548993,-0.11642935770782446,-0.34020440494336696,0.1282186060419418,-0.1331052827452982,-0.19549476460090726,-0.27969609079756,-0.2922062152160345,-0.19626930613365307,-0.4755464011504005,-0.32084981616853203,-0.19516544429171995,0.4980451433074793
3548104,Santo Antônio do Jardim,-0.5713052777266532,0.050976691418264164,-0.12988451237222937,0.11653984392413055,-0.05314979138017446,0.0250124359800854,0.3046454321748434,0.09529451262780225,-0.06893834300591599,-0.10945831735976536,-0.6479694840209436,-0.0963321803666455,0.12520521268149487,-0.19091739797673976,-0.6812192816010664,-0.11551509795064197,-0.2922062152160345,-0.3639535866157418,0.29831703052621333,-0.09996451598396681,-0.19516544429171995,-0.41056747568954105
3548203,Santo Antônio do Pinhal,-0.5713052777266532,-0.10127002812862756,0.14494433362888892,-0.14007170880600367,-0.024077767837147414,-0.054534125419677976,-0.04473621800845058,0.17934006495849436,0.01791727473490877,-0.43662822844202026,-0.653725220521806,0.13939381639407503,0.12520521268149487,0.18263780813410765,-1.1769376145850625,-0.27969609079756,0.230142788715436,0.138998664380325,-0.08864370591629663,0.7835104224773526,-0.19516544429171995,0.3163335232956547
3548302,Santo Expedito,0.2723318994278735,-0.09062420967458686,-0.39060648295614936,-0.15454250849608664,0.9556802757969682,-0.7026618289518174,-0.4186188692697648,0.10130270212004677,-0.6708075891299852,-0.6538286571735723,0.18987293241952607,0.14468815260599988,-0.1044727996779021,-0.35990665788402515,0.08668967339925147,-0.27969609079756,-0.2922062152160345,0.138998664380325,0.29831703052621333,-0.32084981616853203,-0.19516544429171995,-0.41056747568954105
3548401,Santópolis do Aguapeí,-0.5713052777266532,0.22410660977412014,-0.02341713983177366,-0.021701685745339875,0.25498810375122344,-0.07018137473135494,-0.4186188692697648,0.018535166454770227,-0.09605615772128474,-0.47826951101169113,0.3687406026646353,0.10113583344702677,-0.004767891381108613,-0.41104814443491566,0.3145985393039536,-0.27969609079756,-0.2922062152160345,0.138998664380325,0.4917683781432653,-0.32084981616853203,0.2864182189803885,0.3163335232956547
3548500,Santos,-0.03647541701282296,-0.33048600204194273,0.6262418561521892,0.6091621626504335,-0.4446239786710858,0.6262666279735493,0.375149266768419,0.12612147480510402,-0.112613272749527,0.31901369213686565,0.2434949036952617,0.32393797294284105,1.5016246768945734,0.7896650180642332,0.421968309311017,-0.11551509795064197,0.8831084264958169,0.3066829448624137,0.29831703052621333,0.5626582534312581,-0.19516544429171995,-0.04714423566589192
3548609,São Bento do Sapucaí,-0.11717570190113437,-0.28829205794923923,-0.36037674781345574,-0.11193740528687902,-0.5539425784196803,-0.012873336965715389,-0.12856493038271408,-0.11479843961012512,-0.2939645627060302,-0.3453956833131761,-0.5412533457868174,0.21602138351341732,0.020475001495134513,0.29826203859698763,-1.0253520309250785,0.3770771398138887,0.09956533202124931,0.47431693011940274,0.29831703052621333,0.010461568539080387,-0.19516544429171995,0.3163335232956547
3548708,São Bernardo do Campo,-0.0305438135018957,-0.2665243205028013,0.29163912545639914,0.6263634836787466,-0.43472763506228285,0.6643065556745802,0.6596572595381196,-0.14870087401347964,-0.2342572935601163,0.4480425739611504,0.2217788233102357,0.3540694509693628,0.7110111557532727,0.6117815865828754,0.4097082712679123,0.8696693775784194,0.49133687925853314,0.47431693011940274,0.10486568290916139,1.0043957226619178,0.04559027037543724,0.3163335232956547
3548807,São Caetano do Sul,-0.22735625936184936,-0.4151050125884224,0.4899156242208903,0.4951693662963015,-0.41130368966418207,0.5599744123560603,0.3872227243954016,-0.25482377703625625,-0.8779294708951166,0.7668784673410031,0.37244674054820254,0.37075428139438926,2.1149525886921774,0.887500905378978,0.4243203459928798,0.7054883847315013,1.0136858831900037,0.47431693011940274,-0.28209505353334857,0.6730843379543053,-0.19516544429171995,0.3163335232956547
3548906,São Carlos,0.13901917691688126,-0.18940388712615622,0.5048407234246155,0.45472712978807295,-0.4292567048141512,0.32651309947840956,0.2491105618016614,-0.12476382398374533,0.009441602574994653,0.28966522970784153,0.3289635713325646,0.3364435053589973,0.6648257940177414,0.5895461576477072,0.3577437398509177,0.048715154120052624,0.6219143359527198,-0.3639535866157418,0.10486568290916139,-0.09996451598396681,-0.19516544429171995,-0.41056747568954105
3549003,São Francisco,-0.5713052777266532,0.4382744786509259,-0.6909242386767633,0.16872656382142961,0.17131698369520554,-0.7026618289518174,-0.4186188692697648,-0.803595461116235,-0.3889675204261155,-0.5481150170006976,-0.020195048349271553,-0.8167326218630642,0.12520521268149487,-0.7468031213559747,-0.29499106589241936,-0.27969609079756,-0.2922062152160345,0.3066829448624137,-0.08864370591629663,-0.32084981616853203,-0.19516544429171995,0.1346219032838301
3549102,São João da Boa Vista,-0.15052802205082555,-0.11803508929700185,0.164207897286371,0.10326398322282535,0.08336627486856793,0.0586749771065957,0.12485786739945445,0.013826534542329976,0.30326743640208004,0.07914331865147209,0.2502070444820578,0.2461242105742086,0.4214931136390819,0.5384046710968167,0.2677306633452601,0.3770771398138887,-0.16162875852184783,0.47431693011940274,0.10486568290916139,0.23134686872364563,-0.19516544429171995,-0.41056747568954105
3549201,São João das Duas Pontes,-0.5713052777266532,-1.985981870557469,-0.6136809992520647,-0.10818451817413408,0.14253079927772908,-0.7026618289518174,-0.4186188692697648,0.15368171598785207,-0.38806008497896244,-0.3965781832951621,0.09967244191484168,-0.13618713471547797,0.12520521268149487,-0.7156735208467374,-0.28527466863044704,-0.27969609079756,-0.2922062152160345,-0.3639535866157418,0.10486568290916139,-0.32084981616853203,0.5271739336475457,-0.22885585567771652
3549250,São João de Iracema,0.4274474116630739,0.5349484015500717,-0.5224118453248379,0.11509173407266234,0.22510161741649817,-0.06086594374823219,-0.4186188692697648,0.5112075413895079,-0.5098199889467292,-0.17997901241481692,-0.17770530143407606,0.06899568440987644,0.05727117086303443,-0.4933192314950434,-0.1175591275950042,-0.27969609079756,-0.2922062152160345,-0.3639535866157418,-0.28209505353334857,-0.32084981616853203,-0.19516544429171995,0.1346219032838301
3549300,São João do Pau d'Alho,-0.5713052777266532,0.21462311383350746,-1.3354523112247194,-0.2726703284163392,-0.7368209783427685,-0.7026618289518174,-0.4186188692697648,0.4415701773282156,-1.5463816862554112,-0.1919747140952556,0.35224715174099314,-0.13703679925575438,0.12520521268149487,-0.15534071168046634,0.041289000790086065,-0.27969609079756,-0.031012124672937343,0.3066829448624137,-0.08864370591629663,-0.32084981616853203,-0.19516544429171995,0.1346219032838301
3549409,São Joaquim da Barra,-0.28177832970050404,-0.07781031298850218,0.09229302836459463,0.044300752655043386,0.18588668153776425,0.14143654819470008,0.04368154780402598,-0.027224466935563116,0.19882336744722298,0.11477947986804449,0.3246268987525801,0.28855160367289606,0.1731390596025099,0.3738624969765643,0.38111153456318203,0.048715154120052624,0.36075942256434645,-0.3639535866157418,0.29831703052621333,-0.32084981616853203,-0.19516544429171995,-0.22885585567771652
3549508,São José da Bela Vista,0.5521904859866044,0.05820598175571485,0.44153266420403225,0.2797280645736757,0.2707595643200689,0.18423558493577866,0.33136592651980673,0.3375231341444867,0.0362692729033645,-0.05594086594588301,0.17552873887758494,0.0767701252933135,-0.40302574007952585,-0.35768311499051025,0.1586785894282625,-0.27969609079756,-0.16162875852184783,-0.19626930613365307,-0.6690557899758586,-0.32084981616853203,-0.19516544429171995,-0.04714423566589192
3549607,São José do Barreiro,0.4158287151306726,0.4692689748962694,-0.25928235153912593,-0.225788057633496,0.5553236186778918,-0.06833208797506848,0.07267120213887523,0.3966647321961368,-0.14651055778639646,-0.6169358974851659,-0.8241854094237782,-0.3420239172005477,-1.016628509370945,-0.6022728332773724,-0.4884259337302924,-0.27969609079756,-0.031012124672937343,-0.02863532087666403,-0.08864370591629663,-0.21042373164548486,-0.19516544429171995,0.1346219032838301
3549706,São José do Rio Pardo,-0.1446737286920009,-0.7256251908301429,0.10211863407409384,-0.04076238389952693,-0.063559050200474,0.020922306650531373,-0.14612800358228237,-0.23437757864621614,0.33784575711258835,0.10073727076699832,0.01357657052856888,-0.026255465327142596,0.09786634495980552,0.45613358403669213,0.13069632062666975,-0.27969609079756,0.09956533202124931,-0.19626930613365307,-0.6690557899758586,0.23134686872364563,-0.19516544429171995,0.1346219032838301
3549805,São José do Rio Preto,0.21707388366703684,0.041576124086562166,0.6389288863194043,0.4888038960929898,0.015353859919306394,0.3463495467397265,0.23933896503415922,0.21800879329000702,0.15214807093681362,0.08317929820222443,0.2995817331129218,0.36001223187382275,0.7110111557532727,0.665146616027284,0.39848837085688,0.7054883847315013,0.8831084264958169,0.6419509153763917,0.4917683781432653,0.6730843379543053,-0.19516544429171995,0.3163335232956547
3549904,São José dos Campos,0.03225777917648881,-0.19060706084519924,0.18049674879551242,0.3732007449727176,-0.3114720579824511,0.36013924187399554,0.22061532280240415,-0.04376006661536453,-0.07079971089917006,0.4400189519567381,0.2707413738439156,0.3497719472498392,0.3873520944988505,0.669593701814317,0.38416142273314885,0.7054883847315013,0.6219143359527198,0.47431693011940274,-0.4755464011504005,1.0043957226619178,1.2495133115868113,0.3163335232956547
3549953,São Lourenço da Serra,0.18144617133596613,0.25416230763300657,0.2426767911135678,0.19405831684114283,-0.08231233410275211,0.4362834609189543,0.6614700609912096,0.13841582625148738,-0.0995429735890466,-0.6038195538380813,-0.8089994546944592,0.10708161128984986,-0.40302574007952585,-0.2865297423979666,-1.0861368190499952,-0.27969609079756,-0.2922062152160345,-0.5315875718727309,-0.08864370591629663,-0.32084981616853203,-0.19516544429171995,-0.41056747568954105
3550001,São Luiz do Paraitinga,0.2310292108112864,-0.16008986541533737,-0.007859519178048282,-0.10844109198728577,-0.33203781183384146,-0.013723765762554702,0.19660958404690188,-0.07427306125731842,-0.05534071245144968,-0.5029235941668463,-0.918021990223704,0.07212767843862256,-0.17891134590272947,-0.45107191651822215,-0.9733643378232628,0.3770771398138887,1.144302517038914,0.47431693011940274,-0.08864370591629663,0.3417729532466929,-0.19516544429171995,0.1346219032838301
3550100,São Manuel,-0.05912722782383609,0.24756161918999992,0.23543981587156204,0.09489262792790122,0.33280820451141974,0.10216774011005197,0.056322653309077965,-0.08627388186656612,0.20142207027535125,0.037758335755799,0.2681958524375123,0.22367143473017964,0.04002214653218157,0.13149632158321714,0.28597314144363506,0.5413073918845833,0.36075942256434645,-0.5315875718727309,0.10486568290916139,0.6730843379543053,0.5271739336475457,0.3163335232956547
3550209,São Miguel Arcanjo,-0.019183316299600166,0.19084814490169644,-0.05576879114888354,-0.13425692565131195,-0.6628943073872848,0.10808797595081439,0.1423876067449534,-0.039191579055577755,0.17183277563579602,-0.21824413309302257,-0.9933844708912933,-0.15715446355836893,-0.40302574007952585,-0.013033966495382056,-0.5783060421472729,-0.11551509795064197,-0.2922062152160345,-0.3639535866157418,0.4917683781432653,-0.09996451598396681,0.5271739336475457,-0.22885585567771652
3550407,São Pedro,-0.14261546309787185,-0.3630493077043183,0.017681370170445007,0.004093365055499729,-0.134028140045926,0.12932514676554654,0.0486080732807267,0.12698879954532652,0.36300676451744496,-0.3060298421823152,0.223460280264488,0.24349893264211667,0.4214931136390819,0.3605212396154622,0.3032840769146836,-0.27969609079756,0.230142788715436,0.3066829448624137,0.29831703052621333,-0.32084981616853203,0.2864182189803885,0.1346219032838301
3550506,São Pedro do Turvo,0.012582039609628115,0.39494574331047083,-0.04509679814048759,-0.20777498586648213,0.5220879302450421,0.02932871183495939,-0.4186188692697648,0.5201645540728016,0.2961740603528739,0.09880440949366094,-0.3415241519461431,-0.5758051540449363,-0.12624576190342882,-0.22871762716652813,-0.3279801757607986,-0.11551509795064197,-0.031012124672937343,0.47431693011940274,0.29831703052621333,-0.21042373164548486,-0.19516544429171995,0.1346219032838301
3550605,São Roque,0.0102418214469543,0.06426740394734257,0.18632296593389,0.28230573237706585,-0.2884768914021668,0.3081719493312899,0.46521039170839323,0.03880404721233218,-0.18206584211461552,0.12620825481395606,-0.4932591185244574,0.27846627982778926,0.3461793604160922,0.3204974675321589,0.11563062732724934,-0.27969609079756,-0.031012124672937343,-0.3639535866157418,0.29831703052621333,0.5626582534312581,-0.19516544429171995,-0.22885585567771652
3550704,São Sebastião,0.33992906008379636,0.21141550326988268,0.4825155927029302,0.21854136627950516,0.37582410104495884,0.3962314164767067,0.15112811099263476,0.31353902360961994,0.10642678419925289,1.1097935252844824,-0.04179064161174177,0.2216458535474857,-0.05918193697905125,0.17152009366652357,0.37304656179937684,-0.27969609079756,0.230142788715436,-0.02863532087666403,-0.4755464011504005,-0.09996451598396681,-0.19516544429171995,-0.41056747568954105
3550803,São Sebastião da Grama,-0.08382380372996313,-0.4619364016846361,-0.30236611709828376,-0.07276209038474973,-0.030986125916901426,-0.08342678502059658,0.01589893979006512,-0.28071536244732453,-0.3116782308833568,-0.018045980633111355,0.06492903918085682,0.13538547363635917,0.09786634495980552,0.20042615128224278,-0.27976271093389393,-0.27969609079756,-0.16162875852184783,-0.5315875718727309,0.10486568290916139,0.3417729532466929,-0.19516544429171995,0.3163335232956547
3550902,São Simão,-0.1489262472303614,-0.06418753374466944,0.16217095986634134,0.05834429449823557,0.17074931109599725,0.0928806138692318,0.4437015501170585,0.06675433613279166,0.34432836436342057,0.009570862078062849,0.17032326303866688,-0.10875895186447125,0.12520521268149487,0.3049326672775387,0.14677875412311034,-0.27969609079756,-0.2922062152160345,0.138998664380325,-0.08864370591629663,0.12088765306212759,-0.19516544429171995,-0.41056747568954105
3551009,São Vicente,0.08266244124851549,-0.2828242268537402,0.5921108282373475,0.4761100088393249,-0.410296586503482,0.7285514930341669,0.6476219779231553,0.10286861006081788,0.08513579734484229,-0.5730993810819774,0.1511963393852257,0.34510581353544095,-0.20862034016909645,0.4272275264209698,0.4214217741815081,-0.27969609079756,-0.2922062152160345,-0.3639535866157418,-0.4755464011504005,-0.09996451598396681,-0.19516544429171995,-0.22885585567771652
3551108,Sarapuí,0.22708969086319822,0.19760859256764707,0.06948058351063774,-0.11226253096003976,0.13517319836038164,0.17225772123967434,0.19399341141149476,0.5872646722713802,0.24400702249210476,-0.4621871172042205,-0.7489835056747128,0.11834916316427839,-0.03728212900916667,0.18263780813410765,-0.43754940028124895,-0.11551509795064197,-0.031012124672937343,-0.5315875718727309,0.4917683781432653,-0.32084981616853203,-0.19516544429171995,-0.04714423566589192
3551207,Sarutaiá,0.20818224116705134,0.5336716208735033,-0.19006037439257473,-0.09543372784824418,0.482676655766097,0.13218738406258618,0.2187948473715673,-0.803595461116235,0.20803257117276758,-0.3208756294957409,-0.05682676035240954,0.20603641425963046,-0.4585233209699512,-0.45551900230525516,0.0676347354493248,0.048715154120052624,0.49133687925853314,0.47431693011940274,0.4917683781432653,-0.32084981616853203,-0.19516544429171995,0.1346219032838301
3551306,Sebastianópolis do Sul,-0.5713052777266532,0.25389907190458655,-0.12283207501968363,-1.1261512470253308,-0.6534373307291395,-0.7026618289518174,-0.4186188692697648,-0.803595461116235,-0.6836433243421904,0.830332672114047,-0.07297775864583915,-0.24430797788393502,0.3177925977337389,-0.42438940179601786,-0.10229586788323762,-0.11551509795064197,-0.2922062152160345,-0.3639535866157418,0.10486568290916139,-0.21042373164548486,-0.19516544429171995,0.6798112822572013
3551405,Serra Azul,-0.5713052777266532,0.26281221378146974,-0.04370920322186701,-0.005755804908965848,0.33658557465611383,0.12815810548803563,0.10754638469670944,-0.14215163125222777,0.20527626860115988,-0.6184626193454739,0.12240369735648154,0.1877341356516486,-0.31295737675636487,-0.15311716878695142,0.231081193161,-0.27969609079756,-0.2922062152160345,-0.3639535866157418,-0.28209505353334857,-0.21042373164548486,-0.19516544429171995,-0.04714423566589192
3551504,Serrana,0.23156546440490866,0.10067655831688452,-0.20860471519417273,0.34842259556839816,-0.16382819902921852,0.37229498213901313,0.23450078598597046,0.20272919406148554,0.39504572133089066,-0.288567370688405,0.35238037620873774,0.3461941066780706,-0.20434919423314585,0.15150820762487036,0.40196876103451695,-0.27969609079756,-0.2922062152160345,-0.5315875718727309,-0.6690557899758586,-0.21042373164548486,0.5271739336475457,-0.592333614639263
3551603,Serra Negra,-0.5713052777266532,-0.07839805309042834,0.05880643857302093,-0.02602154955443416,0.06694493516541626,0.0351034712639695,0.07432905725869943,-0.27596102770550235,-0.11576082824060582,-0.2628714419637408,0.16789069959874078,0.28403306794267974,0.3949049159173883,0.3582976967219441,-0.07897582647135619,0.048715154120052624,-0.031012124672937343,0.6419509153763917,0.4917683781432653,0.45219903776974,-0.19516544429171995,0.3163335232956547
3551702,Sertãozinho,-0.036680342280826644,-0.14566182154356438,0.0517594338213312,0.45572156905273176,-0.3402740146468313,0.23688940253817428,0.14656304429918002,0.060409251314942986,0.34256805748625496,0.28588733590803195,0.35588906259086694,0.3423384052180212,0.3873520944988505,0.2871443241294036,0.39568699798247176,0.7054883847315013,0.230142788715436,0.138998664380325,0.29831703052621333,0.010461568539080387,-0.19516544429171995,-0.7740452346510878
3551801,Sete Barras,-0.13644330508153468,0.5451095871523385,0.029477619872288245,-0.3077421521663913,0.2465773989209992,0.0562993550256912,-0.4186188692697648,0.43247888642660076,-0.03991438246937019,-0.20591085173122933,-0.23421819516930523,-0.25625767472011307,-1.0159418289342137,-0.775709178971694,-0.9327720024120275,0.21289614696697068,0.09956533202124931,-0.3639535866157418,-0.8625071375929104,-0.32084981616853203,0.2864182189803885,0.3163335232956547
3551900,Severínia,0.011479699392331207,-0.18647774593888836,-0.17940618032230848,-0.021194485946773176,-0.03454706889924079,-0.08407713833281555,0.028338660501591773,-0.17849136466640275,0.3515457386943921,-0.5324514120966058,0.30898826099025817,0.24516536631193006,-0.01906503863869853,-0.5400136322588979,0.2758439710974398,-0.27969609079756,0.36075942256434645,0.138998664380325,0.4917683781432653,-0.32084981616853203,-0.19516544429171995,0.1346219032838301
3552007,Silveiras,0.05497453154503888,-0.2013407758448264,-0.13112013309513382,-0.16347411826738825,-0.616110063792682,-0.08416573939926449,-0.018612053606037092,0.22879025809268028,-0.13655668448256014,-0.7032274424311951,-1.2567639560918487,-0.513463068669927,-1.0063462645800167,-0.686767463231015,-1.0798448339445146,-0.27969609079756,-0.031012124672937343,-0.3639535866157418,-0.28209505353334857,-0.32084981616853203,-0.19516544429171995,-0.22885585567771652
3552106,Socorro,-0.08051453333279254,-0.05995700933364037,-0.16118108823677768,0.01790146381920569,-0.4528659877299652,0.010599187333948636,0.018298226144757575,-0.1590073506582757,-0.08077953272670167,-0.22212778085234705,-0.662722062664867,0.1427540915650619,0.3701316691315488,0.1426140360508012,-0.7900414145666159,-0.11551509795064197,-0.031012124672937343,-0.5315875718727309,0.29831703052621333,-0.21042373164548486,-0.19516544429171995,0.1346219032838301
3552205,Sorocaba,0.13168102033877288,-0.04786352994072679,0.5467502727691302,0.5680080815790565,-0.3724315390343863,0.4257654806080452,0.40670724035107503,-0.03748926906711835,-0.22775973367892893,0.37481104506734186,0.31964351547743086,0.3568407872260934,0.5860770002027006,0.6829349591754191,0.40155233982504107,0.7054883847315013,0.6219143359527198,-0.02863532087666403,0.10486568290916139,0.6730843379543053,-0.19516544429171995,-0.04714423566589192
3552304,Sud Mennucci,0.007568259826906153,-0.043559115178122526,0.06862381558434572,-0.29706025672114167,0.31390718947374097,-0.19987564197307345,-0.4186188692697648,0.03564877667332981,0.11045321666507814,-0.11178546902810124,0.017314307669124087,-0.05329904161550767,-0.14119042800682668,-0.3732479152451273,0.03042193388627426,-0.11551509795064197,-0.2922062152160345,0.6419509153763917,-0.08864370591629663,-0.21042373164548486,0.5271739336475457,0.3163335232956547
3552403,Sumaré,0.1964854852025229,-0.3563132773897699,0.2211487143002925,0.48985097025629964,-0.39351538382703116,0.46195133648756637,0.6767851975697595,0.015500530791451871,0.10836214021612081,0.24910662265889036,0.15755292737608617,0.34312189961631356,0.09786634495980552,0.3671918682960133,0.4104345523197137,-0.27969609079756,0.49133687925853314,-0.5315875718727309,0.29831703052621333,-0.32084981616853203,-0.19516544429171995,-0.7740452346510878
3552502,Suzano,0.1194540244085095,-0.12025396115845854,0.3046961938180761,0.6073587951584029,-0.15284016745944698,0.6152758309294089,0.65877672110961,-0.047865213346908575,-0.12236102390007499,0.16148527787689185,0.14582971322915986,0.3264346070066145,-0.40302574007952585,0.3916508401246995,0.38411864090533965,0.048715154120052624,0.7525309698016303,0.138998664380325,0.29831703052621333,0.5626582534312581,0.2864182189803885,0.3163335232956547
3552551,Suzanápolis,-0.5713052777266532,0.20970485378323006,-0.033048576940381075,-0.3915134639133475,0.3787105022544839,0.04134439759699665,-0.4186188692697648,-0.803595461116235,-0.2459444429901563,0.8563460334164209,-0.1900123566406433,-0.8745576561235548,0.12520521268149487,-0.6022728332773724,-0.2790153543951676,-0.11551509795064197,-0.2922062152160345,0.8096351958584805,0.10486568290916139,0.010461568539080387,-0.19516544429171995,0.1346219032838301
3552601,Tabapuã,-0.1075164098696201,0.023525716892554463,-0.22192884692442383,-0.220846665674494,0.11653298605079782,-0.20507574676967258,-0.4186188692697648,-0.10288848556525661,-0.31068344079559274,-0.23113288621731223,0.23322644558293298,0.01291451442481315,0.21002756137220185,-0.0775167104073747,0.1931835462197318,-0.27969609079756,-0.2922062152160345,0.47431693011940274,0.10486568290916139,-0.32084981616853203,-0.19516544429171995,-0.22885585567771652
3552700,Tabatinga,-0.5713052777266532,0.1895172316864611,0.1336176497385916,-0.007182501208618368,0.3799648720678398,0.11081301766708171,-0.04962730102702223,0.169994977989176,0.08638893113401075,-0.24015009252062497,0.19549030678559015,-0.10377716383022277,0.09786634495980552,-0.1842467692961887,0.13593389609818338,0.048715154120052624,0.230142788715436,0.47431693011940274,0.29831703052621333,0.6730843379543053,0.5271739336475457,0.3163335232956547
3552809,Taboão da Serra,-0.04856081588715182,-0.056815670854796246,0.11009320401607721,0.5587502273475122,-0.2766303114939027,0.715690306188623,0.5771278437137213,-0.01103882874671799,-0.19721525293334619,-0.07657526800696984,0.2749960390319427,0.31813372172889864,0.21002756137220185,0.5295104995227508,0.4243203459928798,-0.27969609079756,-0.031012124672937343,-0.5315875718727309,-0.08864370591629663,-0.21042373164548486,-0.19516544429171995,-0.592333614639263
3552908,Taciba,-0.5713052777266532,0.037473411946645885,-0.41210217026800966,-0.5584554708299079,-0.004241197862136474,-0.16927256787374517,-0.4186188692697648,0.08673103442356936,0.10060448498291685,-0.1638878043110568,0.14785086868156153,-0.3258706392710074,-0.05918193697905125,-0.13088173985178012,-0.10129087510866452,0.048715154120052624,-0.2922062152160345,-0.02863532087666403,0.10486568290916139,-0.21042373164548486,0.04559027037543724,0.3163335232956547
3553005,Taguaí,0.046496932969099736,0.37928544904310424,-0.2495474633693141,-0.2117254094056057,0.23240063263308858,0.11604066329228799,0.05206398915572534,-0.013147290957499377,-0.029758716825101048,-0.3017756918452757,0.08764584241874573,0.13505398354162262,-0.15872915039088417,0.15150820762487036,0.13058941255218173,-0.27969609079756,-0.2922062152160345,-0.19626930613365307,0.6852777669687232,0.23134686872364563,-0.19516544429171995,0.4980451433074793
3553104,Taiaçu,0.29210253048907164,0.15597645407384497,-0.015208308063092028,0.03268013550563029,0.34685644448941144,-0.004891629469662821,-0.001422031330520153,0.12250898394091472,-0.18160097047578244,-0.41486649519806285,0.17685756572779757,-0.022934868465174583,-0.05918193697905125,-0.6267318051060585,0.2098835311667902,0.5413073918845833,0.36075942256434645,-0.02863532087666403,-0.08864370591629663,-0.09996451598396681,1.2495133115868113,-0.41056747568954105
3553203,Taiúva,0.24295898366909296,0.12833409734022852,-0.16410352635032574,0.28982136810552456,-0.20582963770931878,0.008879237650427753,0.28861000673478177,-0.803595461116235,0.2792299488957905,-0.3900495824697705,0.1521909695845504,0.05198689924215202,0.12520521268149487,-0.11309339670364497,-0.22949744114604306,0.048715154120052624,-0.2922062152160345,-0.19626930613365307,-0.08864370591629663,-0.32084981616853203,-0.19516544429171995,0.1346219032838301
3553302,Tambaú,-0.2539265960186343,0.1412623578499608,0.11814810917202415,-0.03644368074226286,0.18679435889389634,0.18036408289987185,0.3119844519396572,-0.08443598877197875,0.5099947925718119,-0.04083375411016812,0.1832748546383122,-0.04735739164046002,0.21002756137220185,0.3249445533191919,0.1522422881108582,-0.27969609079756,-0.031012124672937343,0.138998664380325,0.29831703052621333,0.45219903776974,1.7310969748589196,0.3163335232956547
3553401,Tanabi,-0.03359378094250062,-0.0229344469791994,0.4299128210364305,0.06302879802891988,0.19229251458017543,0.09494413649066692,-0.024089737058945244,0.33919812582829617,0.06753236481626716,0.19644920695589485,0.19579329958403063,-0.1305758042280187,0.12520521268149487,-0.0263752238564842,0.14480586041969654,-0.27969609079756,-0.2922062152160345,-0.3639535866157418,0.29831703052621333,-0.32084981616853203,-0.19516544429171995,-0.04714423566589192
3553500,Tapiraí,-0.5713052777266532,0.36932383788863726,-0.17836304027638075,-0.1720239044595282,0.03998613099569767,-0.030453816452535996,0.3198570217964789,-0.803595461116235,-0.19086119017137496,-0.4008624476515577,-0.7248738386143018,-0.13355659434309244,-0.6802613131834978,-0.48442505992097434,-0.49702274233809934,-0.11551509795064197,-0.16162875852184783,0.3066829448624137,0.10486568290916139,0.5626582534312581,0.2864182189803885,0.3163335232956547
3553609,Tapiratiba,-0.11692353447980354,-0.17212147147551565,-0.30543969832990686,0.061990462966168815,0.08938740417558608,0.012090384951434998,0.06868311011439521,0.3481422527500231,0.057657592095880755,-0.33648322594777924,0.26762029090682177,0.11377214449022285,0.09786634495980552,0.20264969417576084,0.02472770008872938,-0.11551509795064197,0.36075942256434645,-0.02863532087666403,0.29831703052621333,0.3417729532466929,-0.19516544429171995,0.3163335232956547
3553658,Taquaral,-0.5713052777266532,-0.580184038954986,0.22857419799444395,-1.1261512470253308,0.38802376922369364,0.012125684678598394,0.37731403281508935,0.5330661460786646,-0.6238555062967246,-0.22572847050492503,0.24108865524016201,0.2768781795011014,0.09786634495980552,-0.5822609472357192,0.2861961958563929,-0.27969609079756,-0.2922062152160345,-0.3639535866157418,0.10486568290916139,-0.32084981616853203,-0.19516544429171995,0.1346219032838301
3553708,Taquaritinga,0.22615236092575144,-0.009211454488310067,0.24910742131308294,0.20187092123243344,0.2602299474501046,0.16648573896552565,0.2800000469305382,0.07315672953891361,0.2673816798800094,-0.06331201781498759,0.2409194912262513,0.10571513792917939,0.12520521268149487,0.03810752005550529,0.2878051736268641,-0.27969609079756,-0.2922062152160345,-0.5315875718727309,-0.8625071375929104,-0.32084981616853203,-0.19516544429171995,-0.7740452346510878
3553807,Taquarituba,0.22640746117950278,0.3678334103533692,-0.0066647199857983765,-0.05028320689897478,0.26828723486528916,0.1681382094352977,-0.4186188692697648,-0.05715444669917348,0.07870737397081358,0.06638642691113501,0.07318003680594087,-0.1755026256602412,-0.1361998426177667,-0.01748105228241821,-0.0832431034263172,0.3770771398138887,-0.2922062152160345,-0.02863532087666403,0.4917683781432653,-0.21042373164548486,-0.19516544429171995,0.1346219032838301
3553856,Taquarivaí,0.021155157541222398,0.19581814656447774,-0.3581432583109676,-0.03159156554275632,0.03098210460621645,-0.19028442196522247,-0.04021259046309964,-0.16811331999922532,-0.11461988524670369,0.19259142079204464,-1.524642623460668,0.07316417265649386,-0.5866768728383103,-0.27318848503686444,-1.1407161988116283,-0.27969609079756,-0.2922062152160345,-0.5315875718727309,0.4917683781432653,-0.32084981616853203,-0.19516544429171995,-0.22885585567771652
3553906,Tarabai,0.24750122834345747,0.4770832202727612,-0.20064328624493938,-0.26278817066556126,0.33464800794567046,-0.03482210608090802,-0.4186188692697648,-0.14706874006763584,-0.036768807842777536,-0.3837811980743627,0.23198417658505988,-0.10784255218875209,-0.35401789607841966,-0.28430619950445163,0.18175666763547546,0.7054883847315013,-0.2922062152160345,0.3066829448624137,-0.6690557899758586,-0.32084981616853203,0.5271739336475457,0.3163335232956547
3553955,Tarumã,-0.5713052777266532,-0.08833078747003167,-0.24625797513989262,0.1468719800785006,-0.054030576699250134,-0.017219484582045152,-0.16634529343282495,-0.06410970070744801,0.1985165361724515,0.35498823767302057,0.2776288260361931,0.16795607137271276,-0.14119042800682668,-0.11531693959716306,0.3141959092720756,0.7054883847315013,0.7525309698016303,0.8096351958584805,0.4917683781432653,0.5626582534312581,0.2864182189803885,0.4980451433074793
3554003,Tatuí,0.04980855681815319,0.1528404780974789,0.045360825975375475,0.30489417592615015,-0.2895759651435952,0.2178327358151532,0.3085554266555213,-0.03165313190103045,0.2811769177436,0.08546983179217231,0.24347505616748114,0.3211108530480488,0.09786634495980552,0.5050515276940645,0.32658260529664074,0.8696693775784194,0.6219143359527198,-0.02863532087666403,-0.6690557899758586,0.6730843379543053,-0.19516544429171995,0.1346219032838301
3554102,Taubaté,0.19257205132995417,-0.4693768280606583,0.3364133140242196,0.31656774528058795,-0.1375765448802779,0.4477042030120313,0.37469635501774645,0.0819788731081662,0.05436966105492598,0.3009969521995862,0.2915375203563756,0.36063801130017864,0.26443795931461284,0.6606995302402479,0.3715488703977877,0.7054883847315013,0.230142788715436,-0.3639535866157418,-0.8625071375929104,0.010461568539080387,-0.19516544429171995,-0.04714423566589192
3554201,Tejupá,0.17942581123409118,0.01903418794395577,-0.2754665403697316,-0.1236567884401545,0.28988868472938367,-0.7026618289518174,-0.4186188692697648,0.2342838573500188,-0.3074311956241399,0.418917756948095,-0.9650171434805577,-1.0178142997662587,-0.7834453383653648,-0.9446984388789825,-0.48194351639303806,-0.27969609079756,-0.2922062152160345,-0.02863532087666403,0.29831703052621333,-0.32084981616853203,0.04559027037543724,-0.592333614639263
3554300,Teodoro Sampaio,0.2982367352211553,0.23520449461506326,0.039082748407555865,-0.034372309642843456,0.5315280825535794,-0.14389638896832607,-0.11926816733431683,0.08432017611438837,0.000739969513989048,-0.19133938494793926,-0.037801888789331696,-0.8285223792043633,-0.26899278690399697,-0.23316471295356112,-0.06185946938538568,-0.27969609079756,-0.2922062152160345,-0.19626930613365307,0.10486568290916139,-0.32084981616853203,0.04559027037543724,0.1346219032838301
3554409,Terra Roxa,-0.5713052777266532,0.08861077373180866,-0.26240818053904724,0.14384690951923912,0.13628233632215642,-0.21306765487737025,0.25304812637134566,0.1485952437124137,-0.07726942208056874,-0.34435351749124193,0.246122345180026,0.24543406116618818,0.12520521268149487,0.27157952387478335,0.31527405255549656,-0.27969609079756,-0.2922062152160345,0.3066829448624137,-0.8625071375929104,-0.32084981616853203,-0.19516544429171995,-0.04714423566589192
3554508,Tietê,-0.0627352821764327,-0.08916612146138231,-0.04568947036935993,0.39978211386874296,-0.8142496210241577,0.15086970828661167,0.2595806172275154,0.13589258041845087,0.07060881327363558,0.36241210164644133,0.30089458083017306,0.2878656614746933,0.5214245970634277,0.6006638721152914,0.13475525182197517,-0.27969609079756,0.7525309698016303,-0.3639535866157418,0.29831703052621333,0.5626582534312581,-0.19516544429171995,0.1346219032838301
3554607,Timburi,-0.5713052777266532,0.5385112648788887,-0.4436764634085131,-0.09271833932939545,-0.2728349687283904,-0.7026618289518174,-0.4186188692697648,0.4117077911335639,0.06349505798248273,-0.28382118678644364,-0.19448883200241818,0.10284285179944547,-0.4810398176662985,-0.19981156955080576,-0.31485102396448444,0.21289614696697068,-0.2922062152160345,-0.19626930613365307,-0.28209505353334857,-0.32084981616853203,-0.19516544429171995,-0.41056747568954105
3554656,Torre de Pedra,-0.5713052777266532,-0.09597502442821278,-0.3328135183221657,-0.24245774811927834,-0.2761427789505074,-0.7026618289518174,-0.4186188692697648,0.2356162527887738,0.07538768018997813,-0.5917995058905389,0.10879154825196292,0.3500981456238829,0.04002214653218157,0.026989805587921217,-0.11993776450667566,-0.27969609079756,-0.2922062152160345,0.138998664380325,0.29831703052621333,-0.21042373164548486,0.2864182189803885,-0.04714423566589192
3554706,Torrinha,0.13872910201172528,-0.23792227095404334,-0.016143530119065545,0.06877734250980105,0.10999067199888969,0.10345820486249355,-0.09046543482095927,0.09073637897990475,0.3364142343981624,-0.12074135263765445,0.14404183404900392,-0.014696920568317957,0.09786634495980552,0.3049326672775387,-0.0032962743413141584,-0.27969609079756,0.09956533202124931,-0.5315875718727309,-0.28209505353334857,-0.09996451598396681,-0.19516544429171995,-0.22885585567771652
3554755,Trabiju,0.45640169469397707,-0.00034271216029010227,0.06693947991586187,-0.18878151389468015,0.7979630297108606,-0.0422599966447422,-0.4186188692697648,0.2987387850169322,0.2403317555837036,-0.1456034888074589,0.31973815377726394,-0.02161280508309853,-0.40302574007952585,-0.8179564939485152,0.184938476073246,-0.27969609079756,-0.2922062152160345,-0.5315875718727309,0.10486568290916139,-0.32084981616853203,-0.19516544429171995,0.3163335232956547
3554805,Tremembé,0.28418483571339853,-0.26754141679606014,-0.20376180134870736,0.16273742777875783,-0.3374812476325702,0.26087887829218026,0.36252382331580046,0.006294852157996353,0.20592859316307113,-0.6204960253869687,0.1569582046161619,0.2701521069214952,0.09786634495980552,0.5228398708421997,-0.11409933352699832,-0.27969609079756,0.230142788715436,-0.19626930613365307,0.29831703052621333,0.010461568539080387,-0.19516544429171995,-0.41056747568954105
3554904,Três Fronteiras,0.23036878313631184,0.24567778622106645,0.018072798252562357,-0.19461131010765945,0.19421473604277684,-0.18750815877678753,-0.4186188692697648,0.43398198550704753,-0.032029603677314535,-0.5641483581443973,0.20721113875383082,-0.2511142183042284,0.12520521268149487,-0.3020945426525868,0.1261237465004949,0.3770771398138887,-0.16162875852184783,-0.3639535866157418,-0.4755464011504005,-0.32084981616853203,-0.19516544429171995,0.3163335232956547
3554953,Tuiuti,0.027762826681776778,0.20825363735942692,0.18168235559344195,0.13929440385560204,0.14578002637498538,-0.04439918263761461,0.4285679652360979,-0.1610258328300041,-0.028730652966336936,-0.23294002206854184,0.19356237698071624,0.02812126267587485,0.05401612988733619,-0.048610652791655495,-1.2334225010301525,-0.27969609079756,-0.16162875852184783,0.47431693011940274,0.10486568290916139,-0.09996451598396681,-0.19516544429171995,-0.22885585567771652
3555000,Tupã,-0.09392931091500983,-0.18954650043357638,0.2307650414728274,0.018558219940760207,0.10946653938413137,-0.02166487698731307,-0.21665549262346906,0.14055775273390175,0.29436437289125217,0.011653882256250407,0.26503438393069934,0.1453842354066696,0.21178547212063883,0.23822638047203115,0.26459836986655716,0.048715154120052624,0.36075942256434645,0.47431693011940274,0.29831703052621333,0.6730843379543053,-0.19516544429171995,0.3163335232956547
3555109,Tupi Paulista,-0.1904406308118514,-0.19472160788624096,-0.5897137768611493,-0.43529432911563104,0.10902891766156708,-0.2711734624377887,-0.4186188692697648,-0.08336062840107195,0.07439602147439578,-0.4007320187053414,0.10356824382831802,-0.18046110456605294,0.37634593571887054,0.3516270680413962,-0.2663526024832498,0.3770771398138887,0.36075942256434645,-0.02863532087666403,0.29831703052621333,-0.09996451598396681,0.04559027037543724,0.3163335232956547
3555208,Turiúba,-0.5713052777266532,0.44942189399008525,0.19307477943781648,-0.20869774494151694,0.16312102985812266,-0.7026618289518174,-0.4186188692697648,0.5190503157447721,-0.5024318404390338,0.012904786435691533,0.29338302499759616,-0.3947424607799657,0.16123929811055374,-0.5133311175366936,-0.12244436988963327,-0.27969609079756,-0.2922062152160345,0.138998664380325,-0.8625071375929104,-0.32084981616853203,-0.19516544429171995,0.1346219032838301
3555307,Turmalina,-0.5713052777266532,-0.3463967130460055,0.018221848875167257,0.027398899851254335,-0.03913509207860309,-0.7026618289518174,-0.4186188692697648,-0.803595461116235,0.20315382817084499,0.18091928688198647,-0.003164108931723721,-0.3647522235406784,0.4964434330891138,-0.03971648121758634,-0.344652675481282,-0.27969609079756,-0.2922062152160345,-0.02863532087666403,-0.4755464011504005,-0.32084981616853203,1.0087575969196543,0.3163335232956547
3555356,Ubarana,0.09725463975172745,0.23967604505140017,0.24128782452912834,0.0019246601291555013,0.41851990109296033,0.006177033229614895,-0.4186188692697648,0.4582857186051728,0.0995206908386508,0.11309467655844552,0.3594375068548946,0.22149552842388354,-0.3920593774110562,-0.6556378627217778,0.24900951879075664,-0.11551509795064197,-0.16162875852184783,-0.5315875718727309,0.4917683781432653,-0.32084981616853203,1.2495133115868113,-0.04714423566589192
3555406,Ubatuba,0.4313067802389417,0.11161633140277434,0.6910590820728675,0.19778522176343322,0.27732560896375147,0.48592774830182095,0.08205056448163274,0.27842138096116065,0.18678518402014938,-0.1947821710331315,-0.4433958891757809,0.3281340286196322,-0.07944980578444091,0.34050935357380896,0.22339885626888328,-0.27969609079756,0.09956533202124931,-0.3639535866157418,0.29831703052621333,0.3417729532466929,0.2864182189803885,0.1346219032838301
3555505,Ubirajara,0.5434554749208085,-0.011231938313778021,0.0943950294761017,-0.19490596500773522,-0.13407976317265044,-0.2663230053931539,-0.4186188692697648,0.47090802934326065,0.28724847726953634,-0.15700934603841352,-0.057513124553878886,-0.3398894612134924,-0.26899278690399697,-0.21092928401838984,-0.2272388725633722,0.048715154120052624,0.230142788715436,-0.19626930613365307,-0.4755464011504005,-0.32084981616853203,-0.19516544429171995,-0.04714423566589192
3555604,Uchoa,0.1050208874495944,-0.01604768439642256,-0.2024471433321862,-0.3159237018797384,-0.26323931479465656,-0.04848237392248411,-0.1095030191250891,0.052930668531210374,0.0764349931032002,0.03147291726700088,0.1950856359311569,-0.10096184075931186,0.12520521268149487,-0.04416356700461934,0.21156529007195213,0.3770771398138887,-0.2922062152160345,-0.02863532087666403,-0.08864370591629663,-0.32084981616853203,-0.19516544429171995,0.3163335232956547
3555703,União Paulista,-0.5713052777266532,0.3954543705592821,-0.4597463870692381,-1.1261512470253308,0.4682733864459441,-0.030916142620797324,-0.4186188692697648,0.3176738002788455,-1.5463816862554112,-0.04437240276738395,0.3673180905803123,-0.47956652088466584,0.04002214653218157,-0.3443418576294081,-0.17811733773431576,-0.27969609079756,-0.2922062152160345,-0.5315875718727309,-0.4755464011504005,-0.32084981616853203,-0.19516544429171995,-0.04714423566589192
3555802,Urânia,-0.5713052777266532,0.2250932126268658,-0.328411428350619,0.005956927175291855,0.09659927677944004,-0.013153875845794766,0.12496220205685463,0.10927539337032023,0.18819654830880694,-0.10624938372046375,0.008560294367837241,-0.49842108520562783,0.12520521268149487,-0.39993042996733164,0.03080531601710517,-0.27969609079756,-0.2922062152160345,-0.5315875718727309,-0.6690557899758586,-0.21042373164548486,0.04559027037543724,0.3163335232956547
3555901,Uru,-0.5713052777266532,0.7679241150075249,-0.08305688975017624,-1.1261512470253308,0.7346478133623485,-0.002134546752291403,-0.4186188692697648,0.36571566998926525,-0.4149631692647038,-0.0006905496820394603,0.35159286608451645,0.002508106418453205,-0.12562482664176458,-0.1864703121897036,-0.0791614704019409,-0.27969609079756,-0.2922062152160345,0.47431693011940274,0.29831703052621333,-0.32084981616853203,-0.19516544429171995,-0.04714423566589192
3556008,Urupês,-0.1567425311171528,0.07929566846455344,-0.05554270388325833,0.031135554791010645,0.18167265095529797,-0.1876776361531704,-0.4186188692697648,0.056009531129199513,-0.032327946017670604,-0.01583550742934971,0.2089896259741846,0.0015488309754520598,0.2384552923523268,0.09369609239342878,0.20643346663018478,-0.27969609079756,-0.2922062152160345,-0.02863532087666403,0.10486568290916139,-0.32084981616853203,0.5271739336475457,0.3163335232956547
3556107,Valentim Gentil,0.21947837651696828,-0.09922341602154862,-0.13101376703184991,-0.11045720413466395,0.006888040463400627,-0.02918405866823571,-0.044036684550599725,0.2796081977025809,0.12722465841923164,-0.14251737780328463,0.17564873534196665,0.12887905233209365,0.12520521268149487,0.2426734662590641,0.16772568773819185,0.048715154120052624,0.8831084264958169,-0.02863532087666403,0.29831703052621333,0.23134686872364563,1.7310969748589196,0.3163335232956547
3556206,Valinhos,-0.2557959119338793,-0.19131148417464608,0.08344010197610346,0.3740779530872044,-0.4308433925997114,0.2801337598017358,0.3232848137074842,-0.22943713556300693,-0.5286720987034794,0.37533359226507584,0.21271359512560536,0.3598527852146012,1.4670527883400286,0.7118410167911383,0.3135028998975486,0.3770771398138887,0.09956533202124931,-0.5315875718727309,0.4917683781432653,0.5626582534312581,-0.19516544429171995,-0.41056747568954105
3556305,Valparaíso,0.39798069636738853,-0.03358221262936209,-0.07135189734317993,-0.3592037029356703,-0.09656018830499574,0.07422892210627335,-0.2327692584122683,0.17364968796430796,0.3093383479189687,0.15255256370730966,0.25772465301054975,0.2533477785113074,0.004722408960725587,0.109260892648049,0.3254396039887347,0.8696693775784194,0.49133687925853314,-0.3639535866157418,-0.28209505353334857,-0.32084981616853203,0.04559027037543724,0.1346219032838301
3556354,Vargem,0.2221206795265792,-0.17514515784486817,-0.025651823887692514,-0.11708663516907103,-0.4276191642504675,0.18107972807205822,0.22816363435322465,0.0474453782693082,0.49282137831714523,-0.621228163548063,-1.1553802372492485,0.27333014375101095,0.09786634495980552,0.04255460584254144,-0.6972370585713084,-0.27969609079756,-0.2922062152160345,-0.3639535866157418,-0.08864370591629663,-0.32084981616853203,-0.19516544429171995,0.3163335232956547
3556404,Vargem Grande do Sul,0.20990859428851988,-0.2628035060877073,0.09558688002915153,0.09205808370373193,0.10222030277696972,0.11723353825064314,-0.005830471998569817,0.25272268907301343,0.3605378599261147,-0.22806648563439824,0.23988557255083706,0.10349372752412452,-0.22572006525570035,0.17596717945355658,0.2848821999068616,-0.11551509795064197,0.7525309698016303,0.3066829448624137,0.4917683781432653,0.12088765306212759,-0.19516544429171995,0.1346219032838301
3556453,Vargem Grande Paulista,0.07996377395046633,0.11879632857789865,0.010361841046112057,0.3060634199605261,-0.29955728546703564,0.386348735279495,0.5005437103190492,-0.22717768150455978,-0.2036729907680554,0.27142695942097805,-0.11237571511678193,0.32873339206733376,0.19327111949647577,0.4272275264209698,0.39000327644161575,-0.27969609079756,-0.031012124672937343,-0.19626930613365307,0.10486568290916139,0.45219903776974,-0.19516544429171995,-0.41056747568954105
3556503,Várzea Paulista,0.05586252023184171,-0.008421434671548645,0.005188218236832678,0.39191542951291825,-0.1643996527504919,0.34138097268757006,0.4333154820468324,-0.2223639657179377,0.11911270981125195,-0.12954687632250297,0.27479468945474345,0.3703480355122713,0.09786634495980552,0.3738624969765643,0.4152451929200564,0.048715154120052624,-0.16162875852184783,-0.02863532087666403,0.10486568290916139,0.7835104224773526,-0.19516544429171995,-0.22885585567771652
3556602,Vera Cruz,0.23705872287304744,-0.0949093628092808,-0.06016136192696765,0.01958231898515654,0.22632748527457394,-0.18320922087062744,-0.10422742046822484,-0.2756175648103498,-0.03230987202527343,-0.35241731560196465,0.2304123168744592,-0.2036510478629521,0.04702804024440041,0.2404499233655492,0.05739230891565312,0.048715154120052624,0.09956533202124931,-0.02863532087666403,0.10486568290916139,-0.09996451598396681,-0.19516544429171995,-0.41056747568954105
3556701,Vinhedo,-0.14195417061993681,-0.03682105553861629,0.10528964154611743,0.27053115369147723,-0.28039271167951196,0.26193977954671666,0.23735962148501022,-0.14559017800767132,-0.30976415562433535,1.0273382800038346,0.3253538543725337,0.35748832720625057,1.2962556065873119,0.7029468452170723,0.3839622836530148,0.8696693775784194,0.8831084264958169,0.3066829448624137,-0.08864370591629663,0.7835104224773526,-0.19516544429171995,0.1346219032838301
3556800,Viradouro,0.15978582419978876,-0.07038955085201451,-0.15061600968770084,0.09016933553488116,0.16611477845691086,0.07566264920461058,0.25170449483392626,-0.23235415868573764,-0.0038271818139805993,-0.29192406246560926,0.27022045252793936,0.2632759380635219,0.04702804024440041,0.1937555226016917,0.3376141817274559,0.5413073918845833,0.6219143359527198,0.47431693011940274,0.10486568290916139,-0.32084981616853203,-0.19516544429171995,0.3163335232956547
3556909,Vista Alegre do Alto,0.3032057119892939,-0.10070534174815055,-0.7723454805655403,-0.07905832517548035,-0.8039912854390863,0.063345037630159,0.2823025482904965,-0.21495515967649137,0.025502413585901614,0.44060898009691546,0.19075232694875766,0.07832430010646091,0.09786634495980552,-0.3710243723516093,0.25130890025998315,0.5413073918845833,0.49133687925853314,0.3066829448624137,0.10486568290916139,0.5626582534312581,-0.19516544429171995,-0.04714423566589192
3556958,Vitória Brasil,-0.5713052777266532,0.3343720737209211,-0.6465033403842498,-1.1261512470253308,0.25800057485140465,-0.05481863499620932,-0.4186188692697648,0.6665509968888722,0.11814268402854146,-0.2155290302502777,0.06831898238354779,-0.20296632489107314,0.12520521268149487,-0.7356854068883876,-0.0683894059691965,-0.27969609079756,-0.2922062152160345,-0.02863532087666403,0.4917683781432653,-0.32084981616853203,0.5271739336475457,0.3163335232956547
3557006,Votorantim,0.02594048728491908,-0.009136590908756386,0.12578307274041262,0.2807548920214164,-0.3950910767257837,0.21075395451343548,0.23702200673695373,-0.09102104473923997,-0.12589168514329913,-0.1370040123783802,0.26447242410120503,0.34844900229228665,0.28547651583024564,0.6228993010504627,0.3529601475175034,0.048715154120052624,0.09956533202124931,-0.02863532087666403,-0.08864370591629663,0.12088765306212759,-0.19516544429171995,-0.04714423566589192
3557105,Votuporanga,0.2655864452281562,-0.09651563140310555,0.308928057752561,0.16306988844699463,0.14085701267062584,0.034546137284073866,-0.13601110571173522,0.09406742458509221,0.15154838119308098,-0.02153745781995268,0.31052765116994036,0.2651234432240462,0.26803449790543304,0.4116627261663527,0.33454200373021653,0.8696693775784194,0.8831084264958169,0.3066829448624137,0.4917683781432653,0.7835104224773526,0.04559027037543724,0.3163335232956547
3557154,Zacarias,-0.5713052777266532,0.5462415321209133,-0.2899957339964724,0.08562897298638017,0.08423427431282529,-0.7026618289518174,-0.4186188692697648,0.13620687855772368,-0.2669093298050929,0.2336029737133429,0.17735736250620443,-0.9147717838082227,0.09786634495980552,-0.2887532852914846,-0.16227138765317073,-0.27969609079756,-0.2922062152160345,-0.02863532087666403,0.6852777669687232,-0.32084981616853203,-0.19516544429171995,0.1346219032838301
3557204,Chavantes,0.268308997295224,0.11577395790133821,0.16611208354296483,-0.2963074976092094,0.3939630526468392,-0.048697537409971806,-0.1346271699769938,0.3344976521868006,0.05444821292766564,-0.15173403395889398,0.15458643612945683,0.28264502910480777,-0.14119042800682668,-0.05083419568517041,0.32900611028469084,-0.27969609079756,-0.2922062152160345,-0.3639535866157418,-0.4755464011504005,0.010461568539080387,-0.19516544429171995,-0.592333614639263
3557303,Estiva Gerbi,-0.5713052777266532,-0.5116015004080431,0.08720976992374037,0.1396200914407513,0.39451047102260667,0.2906480649610681,0.35899838557121344,0.31251404468418464,0.40112518404314496,-0.017195183002398272,0.06301070070992167,0.22973738570188557,0.15451877714109866,0.33606226778677595,0.19372455366940022,-0.27969609079756,0.230142788715436,-0.5315875718727309,-0.08864370591629663,-0.32084981616853203,-0.19516544429171995,-0.04714423566589192
